id,cinturon,dificultad,tema,objetivo,pregunta,A,B,C,D,respuesta,explicacion,terminos
C3-0001,blanco,1,Premios inesperados,Decidir antes de actuar,"Recibes un mensaje que anuncia un premio en un sorteo al que no te inscribiste. Para entregarlo, pide un pago hoy. La persona quiere actuar con cuidado y dispone de tiempo para hacer una comprobación antes de continuar.

¿Qué decisión es la más adecuada con la información disponible?",Preguntar al mismo remitente si garantiza el premio.,Enviar una foto de la cédula para demostrar interés.,Pagar una cantidad pequeña para reservar el premio.,No pagar y comprobar el supuesto sorteo por un contacto oficial buscado aparte.,D,No pagar y comprobar el supuesto sorteo por un contacto oficial buscado aparte. Un premio inesperado con pago urgente puede ser un engaño; el mensaje no demuestra que exista el sorteo. Un sorteo real tampoco necesita la contraseña de tu correo para entregarte un premio.,"{""contraseña"": ""Secreto que permite entrar a una cuenta. No debe entregarse a quien lo pida por un mensaje o llamada inesperada."", ""canal oficial"": ""Aplicación, página o contacto de la entidad cuya procedencia comprobaste; no basta que tenga un logotipo.""}"
C3-0002,blanco,1,Prisa y amenazas de bloqueo,Decidir antes de actuar,"Un mensaje afirma que tu cuenta se cerrará en diez minutos si no escribes la contraseña en su enlace. La persona quiere actuar con cuidado y dispone de tiempo para hacer una comprobación antes de continuar.

¿Qué decisión es la más adecuada con la información disponible?",Responder con la contraseña para ahorrar tiempo.,Abrir el enlace antes de que termine el contador.,Reenviar el enlace a un familiar para que lo complete por ti.,Salir del mensaje y revisar la cuenta entrando por la aplicación habitual.,D,Salir del mensaje y revisar la cuenta entrando por la aplicación habitual. La amenaza y el poco tiempo buscan que decidas sin comprobar lo que ocurre. Que puedas entrar todavía no descarta que otra persona haya conseguido tu clave.,"{""contraseña"": ""Secreto que permite entrar a una cuenta. No debe entregarse a quien lo pida por un mensaje o llamada inesperada.""}"
C3-0003,blanco,1,El logotipo no identifica al remitente,Decidir antes de actuar,"Un correo lleva el logotipo de la empresa de luz y pide pagar una deuda que no reconoces mediante un enlace. La persona quiere actuar con cuidado y dispone de tiempo para hacer una comprobación antes de continuar.

¿Qué decisión es la más adecuada con la información disponible?",Confiar si los colores coinciden con la factura anterior.,Consultar la deuda desde la página o atención oficial de la empresa.,Pagar porque el logotipo tiene buena calidad.,Enviar los datos de tarjeta al correo para que revisen la deuda.,B,Consultar la deuda desde la página o atención oficial de la empresa. Una imagen se puede copiar; el logotipo no demuestra quién envió el mensaje. Un diseño profesional puede acompañar tanto un mensaje legítimo como uno falso.,{}
C3-0004,blanco,1,Llamadas que piden la clave,Decidir antes de actuar,"Alguien llama diciendo que es del banco y solicita la clave de acceso para detener un supuesto fraude. La persona quiere actuar con cuidado y dispone de tiempo para hacer una comprobación antes de continuar.

¿Qué decisión es la más adecuada con la información disponible?",Dictar solo la mitad de la clave para probar al empleado.,Entregar la clave si promete no anotarla.,Colgar y llamar al banco usando el número de la tarjeta o de su aplicación oficial.,Continuar porque la persona sabe tu nombre.,C,Colgar y llamar al banco usando el número de la tarjeta o de su aplicación oficial. Quien conoce tu nombre no queda identificado; una clave de acceso debe mantenerse privada. El banco puede verificar tu identidad por procedimientos propios; eso no justifica entregar tu contraseña completa.,"{""contraseña"": ""Secreto que permite entrar a una cuenta. No debe entregarse a quien lo pida por un mensaje o llamada inesperada.""}"
C3-0005,blanco,1,Códigos que llegan al teléfono,Decidir antes de actuar,"Llega un código para iniciar sesión y una persona te pide que se lo leas, aunque tú no intentaste entrar. La persona quiere actuar con cuidado y dispone de tiempo para hacer una comprobación antes de continuar.

¿Qué decisión es la más adecuada con la información disponible?",Compartirlo si quien lo pide dice ser un familiar.,Mandar una captura para que la otra persona compruebe el número.,Leer el código porque caduca pronto.,No compartirlo y revisar la seguridad de la cuenta desde su servicio oficial.,D,No compartirlo y revisar la seguridad de la cuenta desde su servicio oficial. Un código de acceso puede autorizar una entrada o recuperación de cuenta; no es un recado para otra persona. El texto del mensaje importa: no todos los códigos tienen la misma función.,"{""sesión"": ""Acceso que permanece abierto en una aplicación o navegador después de iniciar sesión.""}"
C3-0006,blanco,1,Contraseñas largas y diferentes,Decidir antes de actuar,"Vas a crear una contraseña para el correo y piensas usar tu nombre seguido de tu año de nacimiento. La persona quiere actuar con cuidado y dispone de tiempo para hacer una comprobación antes de continuar.

¿Qué decisión es la más adecuada con la información disponible?","Elegir una clave larga, difícil de adivinar y que no uses en otra cuenta.",Cambiar solo una letra de tu nombre por un símbolo.,Copiar una contraseña mostrada en una clase pública.,Usar el año actual después de tu apellido.,A,"Elegir una clave larga, difícil de adivinar y que no uses en otra cuenta. La longitud y la dificultad de adivinar ayudan; los datos personales y las claves publicadas son previsibles. Una contraseña fuerte reduce el riesgo, pero no protege si la entregas en una página falsa.","{""contraseña"": ""Secreto que permite entrar a una cuenta. No debe entregarse a quien lo pida por un mensaje o llamada inesperada.""}"
C3-0007,blanco,1,No repetir la misma clave,Decidir antes de actuar,"Usas la misma contraseña en una tienda en línea y en el correo con el que recuperas tus demás cuentas. La persona quiere actuar con cuidado y dispone de tiempo para hacer una comprobación antes de continuar.

¿Qué decisión es la más adecuada con la información disponible?",Cambiar solo la clave de la tienda y mantenerla repetida en el correo y otras cuentas.,"Cambiar a contraseñas diferentes, empezando por proteger el correo.",Mantener la misma clave porque así no se pierde ninguna.,Añadir el nombre de la tienda al final de la clave del correo.,B,"Cambiar a contraseñas diferentes, empezando por proteger el correo. Si una clave queda expuesta en un servicio, alguien puede probarla en otros donde la repites. Cambiar la clave de un solo servicio no corrige las copias que sigan utilizándose en los demás.","{""contraseña"": ""Secreto que permite entrar a una cuenta. No debe entregarse a quien lo pida por un mensaje o llamada inesperada.""}"
C3-0008,blanco,1,Guardar las claves con cuidado,Decidir antes de actuar,"Tienes una foto de tus contraseñas en una galería que se comparte con otras personas. La persona quiere actuar con cuidado y dispone de tiempo para hacer una comprobación antes de continuar.

¿Qué decisión es la más adecuada con la información disponible?",Pasarlas a un método de almacenamiento protegido y retirar la imagen compartida.,Cambiar el nombre de la foto para que parezca una receta.,Guardar otra copia en una publicación privada que muchos contactos pueden ver.,Enviar la imagen a un grupo familiar para tener más copias.,A,Pasarlas a un método de almacenamiento protegido y retirar la imagen compartida. Una galería compartida deja los secretos al alcance de quienes tengan acceso a ella. Borrar una foto compartida no garantiza que nadie haya conservado una copia.,"{""contraseña"": ""Secreto que permite entrar a una cuenta. No debe entregarse a quien lo pida por un mensaje o llamada inesperada."", ""gestor de contraseñas"": ""Herramienta que guarda y puede crear claves diferentes dentro de una caja digital protegida por un secreto principal y otras medidas.""}"
C3-0009,blanco,1,Bloqueo de pantalla,Decidir antes de actuar,"Dejas el celular sobre el mostrador y cualquiera puede abrir tus mensajes sin una clave. La persona quiere actuar con cuidado y dispone de tiempo para hacer una comprobación antes de continuar.

¿Qué decisión es la más adecuada con la información disponible?",Dejar abierta solo la mensajería porque no es la aplicación bancaria.,Activar un bloqueo de pantalla y un tiempo corto de bloqueo automático.,Bajar el brillo para que cueste leer los mensajes.,Ocultar la aplicación entre muchos iconos.,B,Activar un bloqueo de pantalla y un tiempo corto de bloqueo automático. El bloqueo dificulta que otra persona use tus cuentas cuando tiene el equipo en sus manos. El bloqueo ayuda frente al acceso físico; no sustituye las claves de las cuentas.,{}
C3-0010,blanco,1,Mensajes visibles en pantalla bloqueada,Decidir antes de actuar,"Aunque el teléfono está bloqueado, sus avisos muestran completos los códigos de acceso y los mensajes privados. La persona quiere actuar con cuidado y dispone de tiempo para hacer una comprobación antes de continuar.

¿Qué decisión es la más adecuada con la información disponible?",Dejar el teléfono boca abajo como única protección permanente.,Ocultar el contenido sensible de las notificaciones en la pantalla bloqueada.,Confiar en que el bloqueo vuelve ilegible todo aviso automáticamente.,Compartir el código de desbloqueo para que alguien quite los avisos por ti. Quien ve un aviso necesita conocer también tu correo para que exista algún riesgo.,B,Ocultar el contenido sensible de las notificaciones en la pantalla bloqueada. Algunas notificaciones muestran información sin desbloquear; la configuración de vista previa es independiente. Ocultar avisos protege su contenido en pantalla; no cancela un código ya visto por alguien.,"{""sesión"": ""Acceso que permanece abierto en una aplicación o navegador después de iniciar sesión.""}"
C3-0011,blanco,1,Pedir ayuda sin entregar secretos,Decidir antes de actuar,"No sabes cambiar una opción de seguridad y un conocido ofrece ayudarte si le envías tu contraseña por chat. La persona quiere actuar con cuidado y dispone de tiempo para hacer una comprobación antes de continuar.

¿Qué decisión es la más adecuada con la información disponible?",Pedir que te guíe mientras tú escribes la contraseña sin mostrarla.,Enviar la contraseña y pedirle que borre el mensaje después.,Mandarle una captura de la pantalla donde aparece la clave.,Dictarla en voz alta para que haga el cambio más rápido.,A,Pedir que te guíe mientras tú escribes la contraseña sin mostrarla. Puedes recibir ayuda para aprender los pasos sin entregar el secreto que abre tu cuenta. Pedir ayuda es una buena decisión; la ayuda debe respetar tu privacidad y tu ritmo.,"{""contraseña"": ""Secreto que permite entrar a una cuenta. No debe entregarse a quien lo pida por un mensaje o llamada inesperada.""}"
C3-0012,blanco,1,Datos personales en formularios,Decidir antes de actuar,"Una encuesta para elegir el sabor de un producto pide tu cédula, dirección y número de cuenta. La persona quiere actuar con cuidado y dispone de tiempo para hacer una comprobación antes de continuar.

¿Qué decisión es la más adecuada con la información disponible?",Usar los datos de un familiar si no quieres dar los tuyos.,Enviar también una foto del documento para evitar errores.,Rellenar todos los campos para que la opinión sea válida.,No completarla hasta verificar quién la organiza y por qué necesita esos datos.,D,"No completarla hasta verificar quién la organiza y por qué necesita esos datos. Una encuesta sencilla no justifica por sí sola recoger información que puede usarse para suplantarte. Dar tu nombre no equivale a entregar una contraseña, pero los datos pueden facilitar engaños personalizados.","{""contraseña"": ""Secreto que permite entrar a una cuenta. No debe entregarse a quien lo pida por un mensaje o llamada inesperada."", ""receptor"": ""Persona o entidad a cuya cuenta se envía un pago.""}"
C3-0013,blanco,1,Publicaciones con información privada,Decidir antes de actuar,"Quieres publicar una foto de tu nuevo documento de identidad para celebrar que lo recibiste. La persona quiere actuar con cuidado y dispone de tiempo para hacer una comprobación antes de continuar.

¿Qué decisión es la más adecuada con la información disponible?",Celebrarlo sin mostrar el documento ni sus números identificativos.,Tapar solo tu cara y dejar visibles los números del documento. Los números de un documento son públicos por el hecho de tenerlo.,Subirlo a una historia suponiendo que desaparecerá sin dejar copias. Quien es contacto tuyo nunca puede reenviar una imagen.,Publicarlo completo porque tus contactos ya conocen tu nombre.,A,"Celebrarlo sin mostrar el documento ni sus números identificativos. Una publicación puede copiarse y sus datos utilizarse para construir engaños o intentar suplantaciones. Una cuenta con público limitado reduce la exposición, pero no impide que alguien copie lo publicado.",{}
C3-0014,blanco,1,Enlaces que prometen regalos,Decidir antes de actuar,"Un grupo familiar comparte un enlace para recibir compras gratis si lo reenvías a veinte personas. La persona quiere actuar con cuidado y dispone de tiempo para hacer una comprobación antes de continuar.

¿Qué decisión es la más adecuada con la información disponible?",Reenviarlo primero y comprobarlo después.,Completar la encuesta porque te lo envió un pariente.,No reenviarlo y comprobar la promoción en el canal oficial del comercio.,Compartirlo solo con cinco personas para reducir el riesgo.,C,"No reenviarlo y comprobar la promoción en el canal oficial del comercio. Pedir reenvíos ayuda a extender el engaño; una persona de confianza también puede compartir algo falso sin saberlo. Que muchas personas compartan una oferta mide su difusión, no su autenticidad.","{""canal oficial"": ""Aplicación, página o contacto de la entidad cuya procedencia comprobaste; no basta que tenga un logotipo.""}"
C3-0015,blanco,1,Emergencia familiar por mensaje,Decidir antes de actuar,"Un número desconocido dice ser tu hijo, afirma que perdió el teléfono y necesita una transferencia urgente. La persona quiere actuar con cuidado y dispone de tiempo para hacer una comprobación antes de continuar.

¿Qué decisión es la más adecuada con la información disponible?",Contactar a tu hijo por su número habitual o a una persona cercana antes de enviar dinero.,Transferir porque escribe «mamá» o «papá».,Pedirle una foto de perfil como única prueba.,"Guardar el número nuevo y borrar el anterior antes de comprobar. Si el número es nuevo, ya no debes intentar el contacto anterior.",A,Contactar a tu hijo por su número habitual o a una persona cercana antes de enviar dinero. La urgencia y el parentesco declarado no prueban quién escribe; una verificación independiente ayuda a aclararlo. No poder contactar enseguida no confirma ni descarta la emergencia; tampoco obliga a transferir sin verificar.,"{""verificación independiente"": ""Confirmar por un contacto que ya conocías o buscaste aparte, sin depender de quien hace la solicitud.""}"
C3-0016,blanco,1,Comprobante de pago en imagen,Decidir antes de actuar,"Un comprador muestra una captura de una transferencia y te apura para retirar la mercadería. La persona quiere actuar con cuidado y dispone de tiempo para hacer una comprobación antes de continuar.

¿Qué decisión es la más adecuada con la información disponible?",Comprobar en tu propia cuenta que el dinero esté realmente acreditado antes de entregar.,Devolver una supuesta diferencia antes de revisar el ingreso.,Entregar si el comprador te deja ver la imagen en su celular.,Aceptar la captura porque incluye el logo del banco.,A,Comprobar en tu propia cuenta que el dinero esté realmente acreditado antes de entregar. Una imagen puede modificarse y una orden de transferencia no demuestra por sí sola un abono disponible. Algunas transferencias tardan; esperar la acreditación no significa acusar automáticamente de fraude.,"{""acreditado"": ""Dinero que el servicio de pago muestra realmente recibido según el estado de la operación.""}"
C3-0017,blanco,1,Números oficiales de contacto,Decidir antes de actuar,"Buscas ayuda para un cobro y un desconocido comenta en una red social un teléfono que dice ser del banco. La persona quiere actuar con cuidado y dispone de tiempo para hacer una comprobación antes de continuar.

¿Qué decisión es la más adecuada con la información disponible?",Elegir el contacto que promete resolverlo más rápido sin verificarlo.,Usar un número enviado por mensaje privado por ese desconocido.,Buscar el teléfono dentro de la aplicación del banco o en la tarjeta.,Llamar al número del comentario porque aparece primero.,C,Buscar el teléfono dentro de la aplicación del banco o en la tarjeta. Un contacto publicado por cualquiera puede dirigir a una falsa atención; conviene obtenerlo de una fuente propia y verificada. Una cuenta en una red social puede ser imitada o comprometida; el logotipo por sí solo no autentica el teléfono.,"{""canal oficial"": ""Aplicación, página o contacto de la entidad cuya procedencia comprobaste; no basta que tenga un logotipo.""}"
C3-0018,blanco,1,Avisos falsos de virus,Decidir antes de actuar,"Mientras lees una receta, una página dice que tu celular tiene veinte virus y exige llamar a un número. La persona quiere actuar con cuidado y dispone de tiempo para hacer una comprobación antes de continuar.

¿Qué decisión es la más adecuada con la información disponible?",Pagar para quitar el contador de virus de la página.,Llamar al número de la alerta para que limpien el equipo.,Instalar el limpiador recomendado por ese anuncio.,Cerrar la página y revisar el equipo con las opciones de seguridad que ya conoces.,D,Cerrar la página y revisar el equipo con las opciones de seguridad que ya conoces. Una página que muestra un aviso alarmante no demuestra haber examinado tu teléfono. Cerrar un anuncio no elimina un programa que ya se haya instalado; son situaciones diferentes.,{}
C3-0019,blanco,1,No decidir mientras conduces,Decidir antes de actuar,"Mientras conduces, llega una alerta que exige entrar al banco de inmediato para confirmar un movimiento. La persona quiere actuar con cuidado y dispone de tiempo para hacer una comprobación antes de continuar.

¿Qué decisión es la más adecuada con la información disponible?",Pedir a un pasajero desconocido que revise la cuenta con tu clave.,Abrir el enlace mientras esperas unos segundos en el semáforo.,Dictar la clave por teléfono para no mirar la pantalla.,Esperar a estar detenido en un lugar seguro y consultar la aplicación oficial.,D,Esperar a estar detenido en un lugar seguro y consultar la aplicación oficial. Atender una alarma al conducir distrae y la urgencia dificulta comprobarla con calma. Protegerse también implica elegir un momento seguro para revisar el teléfono.,"{""canal oficial"": ""Aplicación, página o contacto de la entidad cuya procedencia comprobaste; no basta que tenga un logotipo.""}"
C3-0020,blanco,1,Aprender sin vergüenza,Decidir antes de actuar,"Una compañera dice que abrió un enlace dudoso y teme contarlo porque podrían burlarse. La persona quiere actuar con cuidado y dispone de tiempo para hacer una comprobación antes de continuar.

¿Qué decisión es la más adecuada con la información disponible?",Escucharla sin culpar y preguntar qué hizo para decidir la ayuda adecuada.,Publicar lo ocurrido con su nombre como advertencia al grupo.,Pedirle que borre todo para que nadie se entere.,Reprocharle que una persona cuidadosa nunca se equivoca.,A,"Escucharla sin culpar y preguntar qué hizo para decidir la ayuda adecuada. Contarlo pronto permite limitar daños; la vergüenza puede retrasar la ayuda que la persona necesita. La respuesta depende de lo que ocurrió; leer, instalar, pagar y entregar una clave requieren medidas distintas.","{""contraseña"": ""Secreto que permite entrar a una cuenta. No debe entregarse a quien lo pida por un mensaje o llamada inesperada.""}"
C3-0021,blanco,2,Premios inesperados,Aplicar en otro contexto,"En una feria agrícola ofrecen un sorteo gratuito, pero el formulario también pide la clave del correo. La persona quiere actuar con cuidado y dispone de tiempo para hacer una comprobación antes de continuar.

¿Qué decisión es la más adecuada con la información disponible?",Enviar una foto de la cédula para demostrar interés.,Pagar una cantidad pequeña para reservar el premio.,No entregar la clave; consultar al organizador sin completar ese formulario.,Preguntar al mismo remitente si garantiza el premio. La palabra «oficial» demuestra que la oferta fue revisada.,C,No entregar la clave; consultar al organizador sin completar ese formulario. Un premio inesperado con pago urgente puede ser un engaño; el mensaje no demuestra que exista el sorteo. Un sorteo real tampoco necesita la contraseña de tu correo para entregarte un premio.,"{""contraseña"": ""Secreto que permite entrar a una cuenta. No debe entregarse a quien lo pida por un mensaje o llamada inesperada."", ""canal oficial"": ""Aplicación, página o contacto de la entidad cuya procedencia comprobaste; no basta que tenga un logotipo.""}"
C3-0022,blanco,2,Prisa y amenazas de bloqueo,Aplicar en otro contexto,"Una secretaria recibe un aviso de almacenamiento lleno mientras entrega un informe; le exige pagar en cinco minutos. La persona quiere actuar con cuidado y dispone de tiempo para hacer una comprobación antes de continuar.

¿Qué decisión es la más adecuada con la información disponible?",Abrir el enlace antes de que termine el contador.,Reenviar el enlace a un familiar para que lo complete por ti.,Revisar el espacio y el plan desde la cuenta oficial antes de pagar.,Responder con la contraseña para ahorrar tiempo.,C,Revisar el espacio y el plan desde la cuenta oficial antes de pagar. La amenaza y el poco tiempo buscan que decidas sin comprobar lo que ocurre. Que puedas entrar todavía no descarta que otra persona haya conseguido tu clave.,"{""contraseña"": ""Secreto que permite entrar a una cuenta. No debe entregarse a quien lo pida por un mensaje o llamada inesperada.""}"
C3-0023,blanco,2,El logotipo no identifica al remitente,Aplicar en otro contexto,"Un agricultor recibe una factura impresa con un nuevo código de pago y el escudo de su municipio. La persona quiere actuar con cuidado y dispone de tiempo para hacer una comprobación antes de continuar.

¿Qué decisión es la más adecuada con la información disponible?",Confiar si los colores coinciden con la factura anterior.,Enviar los datos de tarjeta al correo para que revisen la deuda.,Pagar porque el logotipo tiene buena calidad.,Confirmar la factura con el municipio usando un contacto obtenido por separado.,D,Confirmar la factura con el municipio usando un contacto obtenido por separado. Una imagen se puede copiar; el logotipo no demuestra quién envió el mensaje. Un diseño profesional puede acompañar tanto un mensaje legítimo como uno falso.,{}
C3-0024,blanco,2,Llamadas que piden la clave,Aplicar en otro contexto,"Un supuesto empleado de una cooperativa pide la contraseña para actualizar la libreta de ahorros. La persona quiere actuar con cuidado y dispone de tiempo para hacer una comprobación antes de continuar.

¿Qué decisión es la más adecuada con la información disponible?",Continuar porque la persona sabe tu nombre.,Entregar la clave si promete no anotarla.,Dictar solo la mitad de la clave para probar al empleado.,No dictarla y consultar directamente a la cooperativa por su atención habitual.,D,No dictarla y consultar directamente a la cooperativa por su atención habitual. Quien conoce tu nombre no queda identificado; una clave de acceso debe mantenerse privada. El banco puede verificar tu identidad por procedimientos propios; eso no justifica entregar tu contraseña completa.,"{""contraseña"": ""Secreto que permite entrar a una cuenta. No debe entregarse a quien lo pida por un mensaje o llamada inesperada.""}"
C3-0025,blanco,2,Códigos que llegan al teléfono,Aplicar en otro contexto,"Un vendedor pide un código que dice «autorizar pago» para supuestamente depositarte el valor de una venta. La persona quiere actuar con cuidado y dispone de tiempo para hacer una comprobación antes de continuar.

¿Qué decisión es la más adecuada con la información disponible?",No compartirlo ni autorizarlo: recibir dinero no exige aprobar un pago que no has solicitado.,Compartirlo si quien lo pide dice ser un familiar.,Leer el código porque caduca pronto.,Mandar una captura para que la otra persona compruebe el número.,A,No compartirlo ni autorizarlo: recibir dinero no exige aprobar un pago que no has solicitado. Un código de acceso puede autorizar una entrada o recuperación de cuenta; no es un recado para otra persona. El texto del mensaje importa: no todos los códigos tienen la misma función.,"{""sesión"": ""Acceso que permanece abierto en una aplicación o navegador después de iniciar sesión.""}"
C3-0026,blanco,2,Contraseñas largas y diferentes,Aplicar en otro contexto,"Una cocinera quiere recordar su contraseña y propone el nombre de su restaurante, visible en la fachada. La persona quiere actuar con cuidado y dispone de tiempo para hacer una comprobación antes de continuar.

¿Qué decisión es la más adecuada con la información disponible?",Cambiar solo una letra de tu nombre por un símbolo.,Copiar una contraseña mostrada en una clase pública.,Usar el año actual después de tu apellido.,Elegir un secreto que no se pueda deducir de la información pública del negocio.,D,"Elegir un secreto que no se pueda deducir de la información pública del negocio. La longitud y la dificultad de adivinar ayudan; los datos personales y las claves publicadas son previsibles. Una contraseña fuerte reduce el riesgo, pero no protege si la entregas en una página falsa.","{""contraseña"": ""Secreto que permite entrar a una cuenta. No debe entregarse a quien lo pida por un mensaje o llamada inesperada.""}"
C3-0027,blanco,2,No repetir la misma clave,Aplicar en otro contexto,"Una familia comparte una sola clave para el negocio, el correo y las compras de todos. La persona quiere actuar con cuidado y dispone de tiempo para hacer una comprobación antes de continuar.

¿Qué decisión es la más adecuada con la información disponible?",Separar las cuentas personales y asignar claves diferentes a cada servicio.,Añadir el nombre de la tienda al final de la clave del correo.,Mantener la misma clave porque así no se pierde ninguna.,Cambiar solo la clave de la tienda y mantenerla repetida en el correo y otras cuentas.,A,"Separar las cuentas personales y asignar claves diferentes a cada servicio. Si una clave queda expuesta en un servicio, alguien puede probarla en otros donde la repites. Cambiar la clave de un solo servicio no corrige las copias que sigan utilizándose en los demás.","{""contraseña"": ""Secreto que permite entrar a una cuenta. No debe entregarse a quien lo pida por un mensaje o llamada inesperada.""}"
C3-0028,blanco,2,Guardar las claves con cuidado,Aplicar en otro contexto,"Una tendera pega la clave del correo junto a la caja, donde la ven clientes y repartidores. La persona quiere actuar con cuidado y dispone de tiempo para hacer una comprobación antes de continuar.

¿Qué decisión es la más adecuada con la información disponible?",Cambiar el nombre de la foto para que parezca una receta.,Guardar otra copia en una publicación privada que muchos contactos pueden ver.,"Retirar la nota visible, cambiar la clave y guardarla en un lugar realmente controlado.",Enviar la imagen a un grupo familiar para tener más copias. Cambiar el nombre de una foto protege su contenido.,C,"Retirar la nota visible, cambiar la clave y guardarla en un lugar realmente controlado. Una galería compartida deja los secretos al alcance de quienes tengan acceso a ella. Borrar una foto compartida no garantiza que nadie haya conservado una copia.","{""contraseña"": ""Secreto que permite entrar a una cuenta. No debe entregarse a quien lo pida por un mensaje o llamada inesperada."", ""gestor de contraseñas"": ""Herramienta que guarda y puede crear claves diferentes dentro de una caja digital protegida por un secreto principal y otras medidas.""}"
C3-0029,blanco,2,Bloqueo de pantalla,Aplicar en otro contexto,"Un agricultor presta el celular para una llamada breve y le piden dejarlo sin bloqueo de forma permanente. La persona quiere actuar con cuidado y dispone de tiempo para hacer una comprobación antes de continuar.

¿Qué decisión es la más adecuada con la información disponible?",Bajar el brillo para que cueste leer los mensajes.,"Mantener el bloqueo y limitar el préstamo a la tarea acordada, con el equipo a la vista.",Ocultar la aplicación entre muchos iconos.,Dejar abierta solo la mensajería porque no es la aplicación bancaria.,B,"Mantener el bloqueo y limitar el préstamo a la tarea acordada, con el equipo a la vista. El bloqueo dificulta que otra persona use tus cuentas cuando tiene el equipo en sus manos. El bloqueo ayuda frente al acceso físico; no sustituye las claves de las cuentas.",{}
C3-0030,blanco,2,Mensajes visibles en pantalla bloqueada,Aplicar en otro contexto,"En una recepción, una tableta muestra en público los mensajes personales de quien atiende. La persona quiere actuar con cuidado y dispone de tiempo para hacer una comprobación antes de continuar.

¿Qué decisión es la más adecuada con la información disponible?",Configurar avisos sin contenido y separar el uso personal del dispositivo de atención.,Dejar el teléfono boca abajo como única protección permanente.,Confiar en que el bloqueo vuelve ilegible todo aviso automáticamente.,Compartir el código de desbloqueo para que alguien quite los avisos por ti. Quien ve un aviso necesita conocer también tu correo para que exista algún riesgo.,A,Configurar avisos sin contenido y separar el uso personal del dispositivo de atención. Algunas notificaciones muestran información sin desbloquear; la configuración de vista previa es independiente. Ocultar avisos protege su contenido en pantalla; no cancela un código ya visto por alguien.,"{""sesión"": ""Acceso que permanece abierto en una aplicación o navegador después de iniciar sesión.""}"
C3-0031,blanco,2,Pedir ayuda sin entregar secretos,Aplicar en otro contexto,"Una vecina necesita aprender a bloquear su teléfono y teme equivocarse al tocar los ajustes. La persona quiere actuar con cuidado y dispone de tiempo para hacer una comprobación antes de continuar.

¿Qué decisión es la más adecuada con la información disponible?",Explicarle despacio y dejar que ella haga los pasos y elija su propio código en privado.,Mandarle una captura de la pantalla donde aparece la clave.,Enviar la contraseña y pedirle que borre el mensaje después.,Dictarla en voz alta para que haga el cambio más rápido.,A,Explicarle despacio y dejar que ella haga los pasos y elija su propio código en privado. Puedes recibir ayuda para aprender los pasos sin entregar el secreto que abre tu cuenta. Pedir ayuda es una buena decisión; la ayuda debe respetar tu privacidad y tu ritmo.,"{""contraseña"": ""Secreto que permite entrar a una cuenta. No debe entregarse a quien lo pida por un mensaje o llamada inesperada.""}"
C3-0032,blanco,2,Datos personales en formularios,Aplicar en otro contexto,"Una peluquera se inscribe en un curso y le piden datos de sus hijos que no participarán. La persona quiere actuar con cuidado y dispone de tiempo para hacer una comprobación antes de continuar.

¿Qué decisión es la más adecuada con la información disponible?",Rellenar todos los campos para que la opinión sea válida.,Usar los datos de un familiar si no quieres dar los tuyos.,Enviar también una foto del documento para evitar errores.,Preguntar la finalidad y evitar entregar datos ajenos que no hacen falta para inscribirse.,D,"Preguntar la finalidad y evitar entregar datos ajenos que no hacen falta para inscribirse. Una encuesta sencilla no justifica por sí sola recoger información que puede usarse para suplantarte. Dar tu nombre no equivale a entregar una contraseña, pero los datos pueden facilitar engaños personalizados.","{""contraseña"": ""Secreto que permite entrar a una cuenta. No debe entregarse a quien lo pida por un mensaje o llamada inesperada."", ""receptor"": ""Persona o entidad a cuya cuenta se envía un pago.""}"
C3-0033,blanco,2,Publicaciones con información privada,Aplicar en otro contexto,"Una soldadora fotografía un trabajo terminado; al fondo se ve una lista de clientes con teléfonos. La persona quiere actuar con cuidado y dispone de tiempo para hacer una comprobación antes de continuar.

¿Qué decisión es la más adecuada con la información disponible?",Publicarlo completo porque tus contactos ya conocen tu nombre.,Recortar o cubrir la lista antes de compartir la foto del trabajo.,Subirlo a una historia suponiendo que desaparecerá sin dejar copias.,Tapar solo tu cara y dejar visibles los números del documento.,B,"Recortar o cubrir la lista antes de compartir la foto del trabajo. Una publicación puede copiarse y sus datos utilizarse para construir engaños o intentar suplantaciones. Una cuenta con público limitado reduce la exposición, pero no impide que alguien copie lo publicado.",{}
C3-0034,blanco,2,Enlaces que prometen regalos,Aplicar en otro contexto,"Un agricultor recibe una cadena que promete semillas gratis a cambio de invitar a toda su asociación. La persona quiere actuar con cuidado y dispone de tiempo para hacer una comprobación antes de continuar.

¿Qué decisión es la más adecuada con la información disponible?",Reenviarlo primero y comprobarlo después.,Completar la encuesta porque te lo envió un pariente.,Verificar con la entidad que supuestamente entrega las semillas antes de difundirla.,Compartirlo solo con cinco personas para reducir el riesgo.,C,"Verificar con la entidad que supuestamente entrega las semillas antes de difundirla. Pedir reenvíos ayuda a extender el engaño; una persona de confianza también puede compartir algo falso sin saberlo. Que muchas personas compartan una oferta mide su difusión, no su autenticidad.","{""canal oficial"": ""Aplicación, página o contacto de la entidad cuya procedencia comprobaste; no basta que tenga un logotipo.""}"
C3-0035,blanco,2,Emergencia familiar por mensaje,Aplicar en otro contexto,"Un hermano pide que no llames porque «no puede hablar» y que envíes dinero a una cuenta de un desconocido. La persona quiere actuar con cuidado y dispone de tiempo para hacer una comprobación antes de continuar.

¿Qué decisión es la más adecuada con la información disponible?",Pedirle una foto de perfil como única prueba.,Guardar el número nuevo y borrar el anterior antes de comprobar.,Buscar otra forma de confirmar con él o con alguien cercano antes de pagar.,Transferir porque escribe «mamá» o «papá».,C,Buscar otra forma de confirmar con él o con alguien cercano antes de pagar. La urgencia y el parentesco declarado no prueban quién escribe; una verificación independiente ayuda a aclararlo. No poder contactar enseguida no confirma ni descarta la emergencia; tampoco obliga a transferir sin verificar.,"{""verificación independiente"": ""Confirmar por un contacto que ya conocías o buscaste aparte, sin depender de quien hace la solicitud.""}"
C3-0036,blanco,2,Comprobante de pago en imagen,Aplicar en otro contexto,"Un soldador recibe un comprobante por un anticipo y le piden comprar materiales de inmediato. La persona quiere actuar con cuidado y dispone de tiempo para hacer una comprobación antes de continuar.

¿Qué decisión es la más adecuada con la información disponible?",Confirmar el abono en su cuenta antes de comprometer dinero en materiales.,Aceptar la captura porque incluye el logo del banco. Un comprobante con tu nombre garantiza que recibiste el dinero.,Devolver una supuesta diferencia antes de revisar el ingreso.,Entregar si el comprador te deja ver la imagen en su celular. Ver la captura en otro teléfono impide que sea falsa.,A,Confirmar el abono en su cuenta antes de comprometer dinero en materiales. Una imagen puede modificarse y una orden de transferencia no demuestra por sí sola un abono disponible. Algunas transferencias tardan; esperar la acreditación no significa acusar automáticamente de fraude.,"{""acreditado"": ""Dinero que el servicio de pago muestra realmente recibido según el estado de la operación.""}"
C3-0037,blanco,2,Números oficiales de contacto,Aplicar en otro contexto,"Un agricultor necesita consultar un subsidio y recibe por chat un contacto que cobra por «agilizar» la revisión. La persona quiere actuar con cuidado y dispone de tiempo para hacer una comprobación antes de continuar.

¿Qué decisión es la más adecuada con la información disponible?",Llamar al número del comentario porque aparece primero.,Elegir el contacto que promete resolverlo más rápido sin verificarlo.,Usar un número enviado por mensaje privado por ese desconocido.,Consultar primero el canal oficial de la institución que administra el trámite.,D,Consultar primero el canal oficial de la institución que administra el trámite. Un contacto publicado por cualquiera puede dirigir a una falsa atención; conviene obtenerlo de una fuente propia y verificada. Una cuenta en una red social puede ser imitada o comprometida; el logotipo por sí solo no autentica el teléfono.,"{""canal oficial"": ""Aplicación, página o contacto de la entidad cuya procedencia comprobaste; no basta que tenga un logotipo.""}"
C3-0038,blanco,2,Avisos falsos de virus,Aplicar en otro contexto,"Una secretaria ve un aviso similar en la computadora de la oficina mientras consulta un horario. La persona quiere actuar con cuidado y dispone de tiempo para hacer una comprobación antes de continuar.

¿Qué decisión es la más adecuada con la información disponible?",Pagar para quitar el contador de virus de la página.,Instalar el limpiador recomendado por ese anuncio.,Llamar al número de la alerta para que limpien el equipo.,Cerrar el aviso y consultar al soporte conocido de la oficina sin llamar al número mostrado.,D,Cerrar el aviso y consultar al soporte conocido de la oficina sin llamar al número mostrado. Una página que muestra un aviso alarmante no demuestra haber examinado tu teléfono. Cerrar un anuncio no elimina un programa que ya se haya instalado; son situaciones diferentes.,{}
C3-0039,blanco,2,No decidir mientras conduces,Aplicar en otro contexto,"Una cocinera con las manos ocupadas frente a una olla recibe una llamada que le exige dictar un código. La persona quiere actuar con cuidado y dispone de tiempo para hacer una comprobación antes de continuar.

¿Qué decisión es la más adecuada con la información disponible?",Abrir el enlace mientras esperas unos segundos en el semáforo.,Atender primero la tarea con seguridad y verificar después por el canal oficial sin dictar el código.,Pedir a un pasajero desconocido que revise la cuenta con tu clave.,Dictar la clave por teléfono para no mirar la pantalla.,B,Atender primero la tarea con seguridad y verificar después por el canal oficial sin dictar el código. Atender una alarma al conducir distrae y la urgencia dificulta comprobarla con calma. Protegerse también implica elegir un momento seguro para revisar el teléfono.,"{""canal oficial"": ""Aplicación, página o contacto de la entidad cuya procedencia comprobaste; no basta que tenga un logotipo.""}"
C3-0040,blanco,2,Aprender sin vergüenza,Aplicar en otro contexto,"Un agricultor solo vio un mensaje sospechoso y teme que por leerlo haya perdido sus ahorros. La persona quiere actuar con cuidado y dispone de tiempo para hacer una comprobación antes de continuar.

¿Qué decisión es la más adecuada con la información disponible?",Reprocharle que una persona cuidadosa nunca se equivoca. Solo las personas sin estudios pueden ser engañadas.,"Explicar con calma que verlo no demuestra un robo y revisar si abrió enlaces, instaló algo o entregó datos.",Pedirle que borre todo para que nadie se entere.,Publicar lo ocurrido con su nombre como advertencia al grupo.,B,"Explicar con calma que verlo no demuestra un robo y revisar si abrió enlaces, instaló algo o entregó datos. Contarlo pronto permite limitar daños; la vergüenza puede retrasar la ayuda que la persona necesita. La respuesta depende de lo que ocurrió; leer, instalar, pagar y entregar una clave requieren medidas distintas.","{""contraseña"": ""Secreto que permite entrar a una cuenta. No debe entregarse a quien lo pida por un mensaje o llamada inesperada.""}"
C3-0041,blanco,3,Premios inesperados,Responder y dar seguimiento,"Una cocinera pagó el supuesto envío de un premio. Ahora le exigen otro pago para liberarlo. La persona está dispuesta a pedir ayuda y puede usar un canal oficial. Necesita decidir qué hacer ahora sin ampliar la exposición.

¿Qué decisión es la más adecuada con la información disponible?",Preguntar al mismo remitente si garantiza el premio.,"Detener los pagos y contactar al medio de pago por su canal oficial, guardando los mensajes.",Pagar una cantidad pequeña para reservar el premio.,Enviar una foto de la cédula para demostrar interés.,B,"Detener los pagos y contactar al medio de pago por su canal oficial, guardando los mensajes. Un premio inesperado con pago urgente puede ser un engaño; el mensaje no demuestra que exista el sorteo. Un sorteo real tampoco necesita la contraseña de tu correo para entregarte un premio.","{""contraseña"": ""Secreto que permite entrar a una cuenta. No debe entregarse a quien lo pida por un mensaje o llamada inesperada."", ""canal oficial"": ""Aplicación, página o contacto de la entidad cuya procedencia comprobaste; no basta que tenga un logotipo.""}"
C3-0042,blanco,3,Prisa y amenazas de bloqueo,Responder y dar seguimiento,"Un chofer escribió su contraseña en el enlace del supuesto bloqueo y todavía puede entrar a su cuenta. La persona está dispuesta a pedir ayuda y puede usar un canal oficial. Necesita decidir qué hacer ahora sin ampliar la exposición.

¿Qué decisión es la más adecuada con la información disponible?",Abrir el enlace antes de que termine el contador.,Reenviar el enlace a un familiar para que lo complete por ti.,Cambiar esa contraseña desde el servicio oficial y revisar las sesiones abiertas.,Responder con la contraseña para ahorrar tiempo.,C,Cambiar esa contraseña desde el servicio oficial y revisar las sesiones abiertas. La amenaza y el poco tiempo buscan que decidas sin comprobar lo que ocurre. Que puedas entrar todavía no descarta que otra persona haya conseguido tu clave.,"{""contraseña"": ""Secreto que permite entrar a una cuenta. No debe entregarse a quien lo pida por un mensaje o llamada inesperada."", ""canal oficial"": ""Aplicación, página o contacto de la entidad cuya procedencia comprobaste; no basta que tenga un logotipo.""}"
C3-0043,blanco,3,El logotipo no identifica al remitente,Responder y dar seguimiento,"Una tendera entregó datos de su tarjeta en una página con el logo de la empresa eléctrica y luego sospechó. La persona está dispuesta a pedir ayuda y puede usar un canal oficial. Necesita decidir qué hacer ahora sin ampliar la exposición.

¿Qué decisión es la más adecuada con la información disponible?",Pagar porque el logotipo tiene buena calidad.,Enviar los datos de tarjeta al correo para que revisen la deuda.,Contactar de inmediato al emisor de la tarjeta para bloquearla y reportar la exposición.,Confiar si los colores coinciden con la factura anterior.,C,Contactar de inmediato al emisor de la tarjeta para bloquearla y reportar la exposición. Una imagen se puede copiar; el logotipo no demuestra quién envió el mensaje. Un diseño profesional puede acompañar tanto un mensaje legítimo como uno falso.,"{""canal oficial"": ""Aplicación, página o contacto de la entidad cuya procedencia comprobaste; no basta que tenga un logotipo.""}"
C3-0044,blanco,3,Llamadas que piden la clave,Responder y dar seguimiento,"Un cocinero dictó su clave a quien lo llamó y notó después una solicitud de transferencia. La persona está dispuesta a pedir ayuda y puede usar un canal oficial. Necesita decidir qué hacer ahora sin ampliar la exposición.

¿Qué decisión es la más adecuada con la información disponible?",Continuar porque la persona sabe tu nombre.,Entregar la clave si promete no anotarla.,Dictar solo la mitad de la clave para probar al empleado.,Rechazar la operación no reconocida y contactar al banco para proteger el acceso.,D,Rechazar la operación no reconocida y contactar al banco para proteger el acceso. Quien conoce tu nombre no queda identificado; una clave de acceso debe mantenerse privada. El banco puede verificar tu identidad por procedimientos propios; eso no justifica entregar tu contraseña completa.,"{""contraseña"": ""Secreto que permite entrar a una cuenta. No debe entregarse a quien lo pida por un mensaje o llamada inesperada."", ""canal oficial"": ""Aplicación, página o contacto de la entidad cuya procedencia comprobaste; no basta que tenga un logotipo.""}"
C3-0045,blanco,3,Códigos que llegan al teléfono,Responder y dar seguimiento,"Una secretaria reenvió un código de registro de mensajería y su aplicación dejó de funcionar como antes. La persona está dispuesta a pedir ayuda y puede usar un canal oficial. Necesita decidir qué hacer ahora sin ampliar la exposición.

¿Qué decisión es la más adecuada con la información disponible?",Usar la recuperación oficial de la cuenta y avisar por otro medio a sus contactos.,Leer el código porque caduca pronto.,Mandar una captura para que la otra persona compruebe el número.,Compartirlo si quien lo pide dice ser un familiar.,A,Usar la recuperación oficial de la cuenta y avisar por otro medio a sus contactos. Un código de acceso puede autorizar una entrada o recuperación de cuenta; no es un recado para otra persona. El texto del mensaje importa: no todos los códigos tienen la misma función.,"{""sesión"": ""Acceso que permanece abierto en una aplicación o navegador después de iniciar sesión."", ""canal oficial"": ""Aplicación, página o contacto de la entidad cuya procedencia comprobaste; no basta que tenga un logotipo.""}"
C3-0046,blanco,3,Contraseñas largas y diferentes,Responder y dar seguimiento,"Un soldador descubre que su contraseña de correo es la misma que aparece en una lista pública de ejemplos. La persona está dispuesta a pedir ayuda y puede usar un canal oficial. Necesita decidir qué hacer ahora sin ampliar la exposición.

¿Qué decisión es la más adecuada con la información disponible?",Copiar una contraseña mostrada en una clase pública.,Cambiar solo una letra de tu nombre por un símbolo.,Usar el año actual después de tu apellido.,Reemplazarla por una nueva y revisar si la usó también en otras cuentas.,D,"Reemplazarla por una nueva y revisar si la usó también en otras cuentas. La longitud y la dificultad de adivinar ayudan; los datos personales y las claves publicadas son previsibles. Una contraseña fuerte reduce el riesgo, pero no protege si la entregas en una página falsa.","{""contraseña"": ""Secreto que permite entrar a una cuenta. No debe entregarse a quien lo pida por un mensaje o llamada inesperada."", ""canal oficial"": ""Aplicación, página o contacto de la entidad cuya procedencia comprobaste; no basta que tenga un logotipo.""}"
C3-0047,blanco,3,No repetir la misma clave,Responder y dar seguimiento,"Una tienda confirma una filtración y un agricultor recuerda que utilizaba allí la clave de su correo. La persona está dispuesta a pedir ayuda y puede usar un canal oficial. Necesita decidir qué hacer ahora sin ampliar la exposición.

¿Qué decisión es la más adecuada con la información disponible?",Añadir el nombre de la tienda al final de la clave del correo.,Mantener la misma clave porque así no se pierde ninguna.,"Cambiar esa clave en todos los servicios donde se repitió, desde sus canales oficiales.",Cambiar solo la clave de la tienda y mantenerla repetida en el correo y otras cuentas.,C,"Cambiar esa clave en todos los servicios donde se repitió, desde sus canales oficiales. Si una clave queda expuesta en un servicio, alguien puede probarla en otros donde la repites. Cambiar la clave de un solo servicio no corrige las copias que sigan utilizándose en los demás.","{""contraseña"": ""Secreto que permite entrar a una cuenta. No debe entregarse a quien lo pida por un mensaje o llamada inesperada."", ""canal oficial"": ""Aplicación, página o contacto de la entidad cuya procedencia comprobaste; no basta que tenga un logotipo.""}"
C3-0048,blanco,3,Guardar las claves con cuidado,Responder y dar seguimiento,"Un chofer compartió sin querer el álbum donde tenía las claves de sus cuentas. La persona está dispuesta a pedir ayuda y puede usar un canal oficial. Necesita decidir qué hacer ahora sin ampliar la exposición.

¿Qué decisión es la más adecuada con la información disponible?",Enviar la imagen a un grupo familiar para tener más copias.,Retirar el acceso al álbum y cambiar las claves que quedaron visibles.,Guardar otra copia en una publicación privada que muchos contactos pueden ver.,Cambiar el nombre de la foto para que parezca una receta.,B,Retirar el acceso al álbum y cambiar las claves que quedaron visibles. Una galería compartida deja los secretos al alcance de quienes tengan acceso a ella. Borrar una foto compartida no garantiza que nadie haya conservado una copia.,"{""contraseña"": ""Secreto que permite entrar a una cuenta. No debe entregarse a quien lo pida por un mensaje o llamada inesperada."", ""gestor de contraseñas"": ""Herramienta que guarda y puede crear claves diferentes dentro de una caja digital protegida por un secreto principal y otras medidas."", ""canal oficial"": ""Aplicación, página o contacto de la entidad cuya procedencia comprobaste; no basta que tenga un logotipo.""}"
C3-0049,blanco,3,Bloqueo de pantalla,Responder y dar seguimiento,"Una secretaria dejó el celular desbloqueado y un compañero ajeno a su trabajo estuvo usándolo. La persona está dispuesta a pedir ayuda y puede usar un canal oficial. Necesita decidir qué hacer ahora sin ampliar la exposición.

¿Qué decisión es la más adecuada con la información disponible?",Dejar abierta solo la mensajería porque no es la aplicación bancaria.,"Recuperar el equipo, bloquearlo y revisar mensajes, accesos y cambios que no reconozca.",Ocultar la aplicación entre muchos iconos.,Bajar el brillo para que cueste leer los mensajes.,B,"Recuperar el equipo, bloquearlo y revisar mensajes, accesos y cambios que no reconozca. El bloqueo dificulta que otra persona use tus cuentas cuando tiene el equipo en sus manos. El bloqueo ayuda frente al acceso físico; no sustituye las claves de las cuentas.","{""canal oficial"": ""Aplicación, página o contacto de la entidad cuya procedencia comprobaste; no basta que tenga un logotipo.""}"
C3-0050,blanco,3,Mensajes visibles en pantalla bloqueada,Responder y dar seguimiento,"En el bus, un pasajero leyó en la pantalla de una cocinera un código de acceso que ella no pidió. La persona está dispuesta a pedir ayuda y puede usar un canal oficial. Necesita decidir qué hacer ahora sin ampliar la exposición.

¿Qué decisión es la más adecuada con la información disponible?",Confiar en que el bloqueo vuelve ilegible todo aviso automáticamente.,"No compartir más datos, revisar la cuenta indicada y ocultar las vistas previas sensibles.",Dejar el teléfono boca abajo como única protección permanente.,Compartir el código de desbloqueo para que alguien quite los avisos por ti. Quien ve un aviso necesita conocer también tu correo para que exista algún riesgo.,B,"No compartir más datos, revisar la cuenta indicada y ocultar las vistas previas sensibles. Algunas notificaciones muestran información sin desbloquear; la configuración de vista previa es independiente. Ocultar avisos protege su contenido en pantalla; no cancela un código ya visto por alguien.","{""sesión"": ""Acceso que permanece abierto en una aplicación o navegador después de iniciar sesión."", ""canal oficial"": ""Aplicación, página o contacto de la entidad cuya procedencia comprobaste; no basta que tenga un logotipo.""}"
C3-0051,blanco,3,Pedir ayuda sin entregar secretos,Responder y dar seguimiento,"Un tendero ya envió su clave a alguien que ofreció configurar el correo y ahora no logra localizarlo. La persona está dispuesta a pedir ayuda y puede usar un canal oficial. Necesita decidir qué hacer ahora sin ampliar la exposición.

¿Qué decisión es la más adecuada con la información disponible?",Cambiar la clave desde el correo oficial y revisar accesos y datos de recuperación.,Mandarle una captura de la pantalla donde aparece la clave.,Dictarla en voz alta para que haga el cambio más rápido.,Enviar la contraseña y pedirle que borre el mensaje después.,A,Cambiar la clave desde el correo oficial y revisar accesos y datos de recuperación. Puedes recibir ayuda para aprender los pasos sin entregar el secreto que abre tu cuenta. Pedir ayuda es una buena decisión; la ayuda debe respetar tu privacidad y tu ritmo.,"{""contraseña"": ""Secreto que permite entrar a una cuenta. No debe entregarse a quien lo pida por un mensaje o llamada inesperada."", ""canal oficial"": ""Aplicación, página o contacto de la entidad cuya procedencia comprobaste; no basta que tenga un logotipo.""}"
C3-0052,blanco,3,Datos personales en formularios,Responder y dar seguimiento,"Un agricultor completó una encuesta desconocida con su cédula y domicilio, pero no entregó contraseñas. La persona está dispuesta a pedir ayuda y puede usar un canal oficial. Necesita decidir qué hacer ahora sin ampliar la exposición.

¿Qué decisión es la más adecuada con la información disponible?",Rellenar todos los campos para que la opinión sea válida.,Enviar también una foto del documento para evitar errores.,"Guardar evidencia, contactar al organizador si es verificable y estar atento a intentos de suplantación.","Usar los datos de un familiar si no quieres dar los tuyos. Si un campo es obligatorio, compartirlo siempre es necesario y seguro.",C,"Guardar evidencia, contactar al organizador si es verificable y estar atento a intentos de suplantación. Una encuesta sencilla no justifica por sí sola recoger información que puede usarse para suplantarte. Dar tu nombre no equivale a entregar una contraseña, pero los datos pueden facilitar engaños personalizados.","{""contraseña"": ""Secreto que permite entrar a una cuenta. No debe entregarse a quien lo pida por un mensaje o llamada inesperada."", ""receptor"": ""Persona o entidad a cuya cuenta se envía un pago."", ""canal oficial"": ""Aplicación, página o contacto de la entidad cuya procedencia comprobaste; no basta que tenga un logotipo.""}"
C3-0053,blanco,3,Publicaciones con información privada,Responder y dar seguimiento,"Un cocinero publicó su cédula y después alguien le advirtió que se veía completa. La persona está dispuesta a pedir ayuda y puede usar un canal oficial. Necesita decidir qué hacer ahora sin ampliar la exposición.

¿Qué decisión es la más adecuada con la información disponible?",Tapar solo tu cara y dejar visibles los números del documento.,"Retirar la publicación, limitar su difusión y vigilar usos no reconocidos de sus datos.",Subirlo a una historia suponiendo que desaparecerá sin dejar copias. Quien es contacto tuyo nunca puede reenviar una imagen.,Publicarlo completo porque tus contactos ya conocen tu nombre.,B,"Retirar la publicación, limitar su difusión y vigilar usos no reconocidos de sus datos. Una publicación puede copiarse y sus datos utilizarse para construir engaños o intentar suplantaciones. Una cuenta con público limitado reduce la exposición, pero no impide que alguien copie lo publicado.","{""canal oficial"": ""Aplicación, página o contacto de la entidad cuya procedencia comprobaste; no basta que tenga un logotipo.""}"
C3-0054,blanco,3,Enlaces que prometen regalos,Responder y dar seguimiento,"Una secretaria compartió el enlace del regalo y luego descubrió que pedía claves. La persona está dispuesta a pedir ayuda y puede usar un canal oficial. Necesita decidir qué hacer ahora sin ampliar la exposición.

¿Qué decisión es la más adecuada con la información disponible?",Completar la encuesta porque te lo envió un pariente.,Reenviarlo primero y comprobarlo después.,"Avisar al mismo grupo que no lo use, retirar el enlace si puede y reportarlo en la plataforma.",Compartirlo solo con cinco personas para reducir el riesgo.,C,"Avisar al mismo grupo que no lo use, retirar el enlace si puede y reportarlo en la plataforma. Pedir reenvíos ayuda a extender el engaño; una persona de confianza también puede compartir algo falso sin saberlo. Que muchas personas compartan una oferta mide su difusión, no su autenticidad.","{""canal oficial"": ""Aplicación, página o contacto de la entidad cuya procedencia comprobaste; no basta que tenga un logotipo.""}"
C3-0055,blanco,3,Emergencia familiar por mensaje,Responder y dar seguimiento,"Un chofer transfirió a quien decía ser su hija y la hija real confirma que no pidió dinero. La persona está dispuesta a pedir ayuda y puede usar un canal oficial. Necesita decidir qué hacer ahora sin ampliar la exposición.

¿Qué decisión es la más adecuada con la información disponible?","Contactar de inmediato al medio de pago, detener nuevos envíos y conservar la conversación.","Guardar el número nuevo y borrar el anterior antes de comprobar. Si el número es nuevo, ya no debes intentar el contacto anterior.",Transferir porque escribe «mamá» o «papá».,Pedirle una foto de perfil como única prueba.,A,"Contactar de inmediato al medio de pago, detener nuevos envíos y conservar la conversación. La urgencia y el parentesco declarado no prueban quién escribe; una verificación independiente ayuda a aclararlo. No poder contactar enseguida no confirma ni descarta la emergencia; tampoco obliga a transferir sin verificar.","{""verificación independiente"": ""Confirmar por un contacto que ya conocías o buscaste aparte, sin depender de quien hace la solicitud."", ""canal oficial"": ""Aplicación, página o contacto de la entidad cuya procedencia comprobaste; no basta que tenga un logotipo.""}"
C3-0056,blanco,3,Comprobante de pago en imagen,Responder y dar seguimiento,"Una tendera entregó productos y después verificó que no existe el pago que mostraba la captura. La persona está dispuesta a pedir ayuda y puede usar un canal oficial. Necesita decidir qué hacer ahora sin ampliar la exposición.

¿Qué decisión es la más adecuada con la información disponible?",Entregar si el comprador te deja ver la imagen en su celular.,Guardar la evidencia y reportar lo ocurrido al canal de venta y al banco según corresponda.,Aceptar la captura porque incluye el logo del banco. Un comprobante con tu nombre garantiza que recibiste el dinero.,Devolver una supuesta diferencia antes de revisar el ingreso.,B,Guardar la evidencia y reportar lo ocurrido al canal de venta y al banco según corresponda. Una imagen puede modificarse y una orden de transferencia no demuestra por sí sola un abono disponible. Algunas transferencias tardan; esperar la acreditación no significa acusar automáticamente de fraude.,"{""acreditado"": ""Dinero que el servicio de pago muestra realmente recibido según el estado de la operación."", ""canal oficial"": ""Aplicación, página o contacto de la entidad cuya procedencia comprobaste; no basta que tenga un logotipo.""}"
C3-0057,blanco,3,Números oficiales de contacto,Responder y dar seguimiento,"Una cocinera llamó al supuesto soporte de un comentario y le pidieron datos que ahora considera privados. La persona está dispuesta a pedir ayuda y puede usar un canal oficial. Necesita decidir qué hacer ahora sin ampliar la exposición.

¿Qué decisión es la más adecuada con la información disponible?",Elegir el contacto que promete resolverlo más rápido sin verificarlo.,Usar un número enviado por mensaje privado por ese desconocido.,Cortar ese contacto y consultar al banco real indicando exactamente qué información entregó.,Llamar al número del comentario porque aparece primero.,C,Cortar ese contacto y consultar al banco real indicando exactamente qué información entregó. Un contacto publicado por cualquiera puede dirigir a una falsa atención; conviene obtenerlo de una fuente propia y verificada. Una cuenta en una red social puede ser imitada o comprometida; el logotipo por sí solo no autentica el teléfono.,"{""canal oficial"": ""Aplicación, página o contacto de la entidad cuya procedencia comprobaste; no basta que tenga un logotipo.""}"
C3-0058,blanco,3,Avisos falsos de virus,Responder y dar seguimiento,"Un tendero pagó al teléfono de una alerta del navegador usando su tarjeta. La persona está dispuesta a pedir ayuda y puede usar un canal oficial. Necesita decidir qué hacer ahora sin ampliar la exposición.

¿Qué decisión es la más adecuada con la información disponible?",Pagar para quitar el contador de virus de la página.,Llamar al número de la alerta para que limpien el equipo. Un aviso dentro de cualquier página es un diagnóstico del fabricante.,Instalar el limpiador recomendado por ese anuncio.,Contactar al emisor para reportar el pago y proteger la tarjeta expuesta.,D,Contactar al emisor para reportar el pago y proteger la tarjeta expuesta. Una página que muestra un aviso alarmante no demuestra haber examinado tu teléfono. Cerrar un anuncio no elimina un programa que ya se haya instalado; son situaciones diferentes.,"{""canal oficial"": ""Aplicación, página o contacto de la entidad cuya procedencia comprobaste; no basta que tenga un logotipo.""}"
C3-0059,blanco,3,No decidir mientras conduces,Responder y dar seguimiento,"Un chofer se detuvo, revisó la alerta en su aplicación y encontró un cargo que no reconoce. La persona está dispuesta a pedir ayuda y puede usar un canal oficial. Necesita decidir qué hacer ahora sin ampliar la exposición.

¿Qué decisión es la más adecuada con la información disponible?",Dictar la clave por teléfono para no mirar la pantalla.,Abrir el enlace mientras esperas unos segundos en el semáforo.,Contactar al banco desde un canal oficial para reportar el cargo y proteger el medio de pago.,Pedir a un pasajero desconocido que revise la cuenta con tu clave.,C,Contactar al banco desde un canal oficial para reportar el cargo y proteger el medio de pago. Atender una alarma al conducir distrae y la urgencia dificulta comprobarla con calma. Protegerse también implica elegir un momento seguro para revisar el teléfono.,"{""canal oficial"": ""Aplicación, página o contacto de la entidad cuya procedencia comprobaste; no basta que tenga un logotipo.""}"
C3-0060,blanco,3,Aprender sin vergüenza,Responder y dar seguimiento,"Un soldador cuenta que escribió la contraseña del correo en una página dudosa, pero no pagó nada. La persona está dispuesta a pedir ayuda y puede usar un canal oficial. Necesita decidir qué hacer ahora sin ampliar la exposición.

¿Qué decisión es la más adecuada con la información disponible?",Pedirle que borre todo para que nadie se entere. Abrir cualquier enlace significa que todas las cuentas ya fueron robadas.,"Ayudarlo a cambiar la clave desde el correo oficial y revisar accesos, sin pedir que te diga la nueva.",Reprocharle que una persona cuidadosa nunca se equivoca.,Publicar lo ocurrido con su nombre como advertencia al grupo.,B,"Ayudarlo a cambiar la clave desde el correo oficial y revisar accesos, sin pedir que te diga la nueva. Contarlo pronto permite limitar daños; la vergüenza puede retrasar la ayuda que la persona necesita. La respuesta depende de lo que ocurrió; leer, instalar, pagar y entregar una clave requieren medidas distintas.","{""contraseña"": ""Secreto que permite entrar a una cuenta. No debe entregarse a quien lo pida por un mensaje o llamada inesperada."", ""canal oficial"": ""Aplicación, página o contacto de la entidad cuya procedencia comprobaste; no basta que tenga un logotipo.""}"
C3-0061,amarillo,4,Entrar a la banca por una ruta conocida,Decidir antes de actuar,"Un mensaje ofrece un reembolso bancario y enlaza una pantalla idéntica a la de tu banco. La persona necesita continuar su actividad, pero quiere hacerlo sin entregar datos o autorizar algo innecesario.

¿Qué decisión es la más adecuada con la información disponible?",Abrir por tu cuenta la aplicación bancaria habitual y consultar allí el supuesto reembolso.,Enviar una foto de la tarjeta al remitente para confirmar el reembolso.,Probar primero con la clave anterior en la página recibida.,Entrar desde el enlace porque el diseño es idéntico.,A,"Abrir por tu cuenta la aplicación bancaria habitual y consultar allí el supuesto reembolso. Entrar por una ruta conocida evita depender de la dirección que te entrega un posible impostor. Una ruta conocida reduce el riesgo de páginas falsas, pero sigue siendo necesario revisar cada operación.",{}
C3-0062,amarillo,4,Lo que protege la conexión cifrada,Decidir antes de actuar,"Una tienda desconocida muestra HTTPS en la dirección y promete productos a un precio sorprendente. La persona necesita continuar su actividad, pero quiere hacerlo sin entregar datos o autorizar algo innecesario.

¿Qué decisión es la más adecuada con la información disponible?",Comprar porque HTTPS certifica que el vendedor es honesto.,Ignorar las condiciones de devolución si la conexión es cifrada.,"Revisar también la identidad del vendedor, las condiciones y el medio de pago antes de comprar.",Entregar la contraseña del correo porque aparece un candado.,C,"Revisar también la identidad del vendedor, las condiciones y el medio de pago antes de comprar. HTTPS significa Protocolo Seguro de Transferencia de Hipertexto: protege los datos en su viaje al sitio, no la honestidad de quien lo administra. Los navegadores pueden mostrar iconos distintos; lo esencial es una conexión segura y un destino legítimo. HTTPS: Protocolo Seguro de Transferencia de Hipertexto (Hypertext Transfer Protocol Secure): cifra la comunicación con una página; no certifica la honestidad de su dueño.","{""contraseña"": ""Secreto que permite entrar a una cuenta. No debe entregarse a quien lo pida por un mensaje o llamada inesperada."", ""cifrado"": ""Protección que transforma datos para que no se puedan leer sin la clave o mecanismo necesario."", ""HTTPS"": ""Protocolo Seguro de Transferencia de Hipertexto (Hypertext Transfer Protocol Secure): cifra la comunicación con una página; no certifica la honestidad de su dueño.""}"
C3-0063,amarillo,4,Redes públicas sin falsas alarmas,Decidir antes de actuar,"En una terminal hay dos redes inalámbricas con nombres parecidos; una pide instalar un archivo para conectarte. La persona necesita continuar su actividad, pero quiere hacerlo sin entregar datos o autorizar algo innecesario.

¿Qué decisión es la más adecuada con la información disponible?",Confirmar la red con el establecimiento y no instalar el archivo que pide la otra.,Ignorar un aviso de certificado para que abra la banca.,Instalarlo porque una red gratuita necesita todos esos permisos.,Elegir la red con señal más fuerte como única comprobación.,A,Confirmar la red con el establecimiento y no instalar el archivo que pide la otra. Un nombre de red puede imitarse y una solicitud de instalación inesperada merece detenerse y verificar. Una red pública no anula automáticamente el cifrado; usar datos móviles tampoco protege de una página falsa.,"{""permisos"": ""Autorizaciones para que una aplicación use funciones o datos, como ubicación, cámara, fotos o contactos."", ""cifrado"": ""Protección que transforma datos para que no se puedan leer sin la clave o mecanismo necesario.""}"
C3-0064,amarillo,4,Advertencias del navegador,Decidir antes de actuar,"Al abrir la banca, el navegador avisa que no puede comprobar la seguridad de la conexión. La persona necesita continuar su actividad, pero quiere hacerlo sin entregar datos o autorizar algo innecesario.

¿Qué decisión es la más adecuada con la información disponible?",Enviar la clave por correo mientras se arregla la página.,Continuar porque la página carga si pulsas «avanzado».,No introducir datos y consultar por la aplicación legítima o el soporte oficial.,Desactivar los avisos del navegador de forma permanente.,C,No introducir datos y consultar por la aplicación legítima o el soporte oficial. El aviso significa que la conexión no pudo validarse; saltarlo elimina una protección útil. Un aviso puede deberse a una mala configuración y no prueba por sí solo un ataque; conviene resolverlo antes de enviar datos.,"{""contraseña"": ""Secreto que permite entrar a una cuenta. No debe entregarse a quien lo pida por un mensaje o llamada inesperada."", ""canal oficial"": ""Aplicación, página o contacto de la entidad cuya procedencia comprobaste; no basta que tenga un logotipo.""}"
C3-0065,amarillo,4,Segunda comprobación de acceso,Decidir antes de actuar,"Tu correo permite pedir otra prueba además de la contraseña cuando alguien inicia sesión. La persona necesita continuar su actividad, pero quiere hacerlo sin entregar datos o autorizar algo innecesario.

¿Qué decisión es la más adecuada con la información disponible?",Activar la opción y guardar de forma segura el método de recuperación.,Desactivarla porque una clave larga hace innecesaria toda otra protección.,Enviar los códigos a un grupo para encontrarlos fácilmente.,Compartir la aprobación de acceso con quien diga ser soporte.,A,"Activar la opción y guardar de forma segura el método de recuperación. La autenticación multifactor, o MFA por sus siglas en inglés, añade pruebas de identidad de distintos tipos; 2FA es autenticación de dos factores. No todos los métodos ofrecen la misma resistencia al engaño; una segunda prueba mejora la protección sin hacerla absoluta. MFA: Autenticación multifactor (Multi-Factor Authentication): comprobación con factores de distintos tipos, como algo que sabes y algo que tienes. 2FA: Autenticación de dos factores (Two-Factor Authentication): utiliza dos factores de tipos distintos. No basta escribir dos veces una contraseña.","{""contraseña"": ""Secreto que permite entrar a una cuenta. No debe entregarse a quien lo pida por un mensaje o llamada inesperada."", ""sesión"": ""Acceso que permanece abierto en una aplicación o navegador después de iniciar sesión."", ""autenticación"": ""Comprobación de que una persona puede acceder a una cuenta."", ""MFA"": ""Autenticación multifactor (Multi-Factor Authentication): comprobación con factores de distintos tipos, como algo que sabes y algo que tienes."", ""2FA"": ""Autenticación de dos factores (Two-Factor Authentication): utiliza dos factores de tipos distintos. No basta escribir dos veces una contraseña.""}"
C3-0066,amarillo,4,Avisos repetidos para aprobar acceso,Decidir antes de actuar,"El teléfono muestra varias solicitudes de aprobación de acceso que no iniciaste; te molestan mientras trabajas. La persona necesita continuar su actividad, pero quiere hacerlo sin entregar datos o autorizar algo innecesario.

¿Qué decisión es la más adecuada con la información disponible?",Confirmar la que llegue más tarde suponiendo que es la correcta.,Dar el teléfono a quien llama para que apruebe por ti.,Aprobar una para que dejen de aparecer.,Rechazarlas y entrar por tu cuenta a revisar la seguridad del servicio.,D,"Rechazarlas y entrar por tu cuenta a revisar la seguridad del servicio. La insistencia puede buscar que autorices por cansancio una entrada ajena. Una solicitud inesperada no prueba por sí sola que la cuenta ya fue tomada, pero no debe aprobarse.",{}
C3-0067,amarillo,4,Códigos de recuperación,Decidir antes de actuar,"Al activar la segunda comprobación, el servicio entrega códigos de recuperación para cuando no tengas tu teléfono. La persona necesita continuar su actividad, pero quiere hacerlo sin entregar datos o autorizar algo innecesario.

¿Qué decisión es la más adecuada con la información disponible?",Borrarlos sin preparar otra forma de recuperar la cuenta. Guardarlos únicamente en el teléfono perdido asegura que podrás recuperarlos.,Guardarlos en un lugar protegido y separado del único equipo que podrías perder.,Entregarlos al técnico que configuró el teléfono.,Publicarlos en un álbum compartido para tener acceso desde cualquier sitio.,B,Guardarlos en un lugar protegido y separado del único equipo que podrías perder. Esos códigos pueden permitir recuperar el acceso; quien los consiga podría utilizarlos en tu lugar. Las opciones cambian entre servicios; no se debe suponer que todos los códigos se usan igual o duran lo mismo.,"{""revocar"": ""Retirar una autorización que se había concedido.""}"
C3-0068,amarillo,4,Revisar una transferencia antes de aprobar,Decidir antes de actuar,"La aplicación legítima muestra una transferencia lista para enviar, pero el nombre del destinatario no coincide con el proveedor. La persona necesita continuar su actividad, pero quiere hacerlo sin entregar datos o autorizar algo innecesario.

¿Qué decisión es la más adecuada con la información disponible?",Detener la operación y confirmar los datos con el proveedor por un contacto conocido.,Enviar primero todo el monto y reclamar si hay un error.,Ignorar el destinatario porque el valor es correcto.,Aprobar porque el número de cuenta fue copiado del último mensaje.,A,"Detener la operación y confirmar los datos con el proveedor por un contacto conocido. La confirmación final permite detectar un receptor o importe equivocado antes de autorizar el envío. Reportar rápido puede ayudar, pero una transferencia autorizada no siempre puede revertirse.","{""receptor"": ""Persona o entidad a cuya cuenta se envía un pago.""}"
C3-0069,amarillo,4,Alertas y movimientos bancarios,Decidir antes de actuar,"Tu banco permite avisos de movimientos y aún no los tienes configurados. La persona necesita continuar su actividad, pero quiere hacerlo sin entregar datos o autorizar algo innecesario.

¿Qué decisión es la más adecuada con la información disponible?",Desactivar todos los avisos porque cualquiera podría ser una estafa.,Usar únicamente los mensajes del banco sin consultar la cuenta.,Confiar solo en que el saldo final del mes se parezca al esperado.,Activar los avisos disponibles y revisar periódicamente los movimientos en la cuenta oficial.,D,"Activar los avisos disponibles y revisar periódicamente los movimientos en la cuenta oficial. Los avisos ayudan a detectar actividad, pero pueden retrasarse o no cubrir todas las operaciones. Un aviso es una señal para comprobar; su ausencia tampoco demuestra que todo esté bien.","{""canal oficial"": ""Aplicación, página o contacto de la entidad cuya procedencia comprobaste; no basta que tenga un logotipo.""}"
C3-0070,amarillo,4,Datos impresos de la tarjeta,Decidir antes de actuar,"Un supuesto vendedor pide fotografías de ambas caras de tu tarjeta para emitir una factura. La persona necesita continuar su actividad, pero quiere hacerlo sin entregar datos o autorizar algo innecesario.

¿Qué decisión es la más adecuada con la información disponible?",Tapar solo el nombre y enviar visibles todos los números.,Mandarlas en un mensaje temporal pensando que no puede copiarse.,Enviar las fotos si el vendedor promete borrarlas.,No enviarlas y pedir un proceso de pago legítimo que no exponga la tarjeta por chat.,D,"No enviarlas y pedir un proceso de pago legítimo que no exponga la tarjeta por chat. Las fotos pueden exponer número, vencimiento y código de seguridad, datos utilizables en intentos de compra. El código de seguridad de la tarjeta no es lo mismo que un código temporal para aprobar una operación; ambos deben cuidarse.",{}
C3-0071,amarillo,4,Falsas cuentas seguras,Decidir antes de actuar,"Una llamada del supuesto banco dice que debes transferir tus ahorros a una «cuenta segura» para protegerlos. La persona necesita continuar su actividad, pero quiere hacerlo sin entregar datos o autorizar algo innecesario.

¿Qué decisión es la más adecuada con la información disponible?",Retirar efectivo y entregarlo al mensajero que ofrece la llamada.,No transferir y contactar al banco real desde un número verificado.,Hacer una transferencia pequeña y luego enviar el resto si no hay error.,Enviar el dinero porque la cuenta receptora fue dictada por un asesor. Una cuenta se vuelve segura cuando un supuesto asesor la llama así.,B,No transferir y contactar al banco real desde un número verificado. Mover dinero a una cuenta indicada por un desconocido puede ser justamente el objetivo del engaño. Que alguien conozca un movimiento reciente no demuestra que esté autorizado para dirigir tu dinero.,"{""receptor"": ""Persona o entidad a cuya cuenta se envía un pago.""}"
C3-0072,amarillo,4,Compras con pago por fuera,Decidir antes de actuar,"En una plataforma de compraventa, un vendedor te ofrece descuento si pagas fuera del sistema de la plataforma. La persona necesita continuar su actividad, pero quiere hacerlo sin entregar datos o autorizar algo innecesario.

¿Qué decisión es la más adecuada con la información disponible?",Transferir fuera porque un descuento demuestra confianza.,Aceptar que una conversación en la plataforma conserva toda protección aunque pagues fuera.,Mandar datos de tarjeta por chat para no pagar comisiones.,Revisar las condiciones y mantener el pago dentro del canal con protección aplicable a esa compra.,D,"Revisar las condiciones y mantener el pago dentro del canal con protección aplicable a esa compra. Pagar por fuera puede dejarte sin mecanismos de reclamo que dependen del proceso de la plataforma. La protección depende de condiciones, plazos y tipo de operación; ninguna etiqueta garantiza por sí sola una devolución.",{}
C3-0073,amarillo,4,Revisar a un vendedor,Decidir antes de actuar,"Una tienda de herramientas tiene solo reseñas perfectas publicadas el mismo día y exige transferencia inmediata. La persona necesita continuar su actividad, pero quiere hacerlo sin entregar datos o autorizar algo innecesario.

¿Qué decisión es la más adecuada con la información disponible?",Comprar porque el anuncio aparece como patrocinado.,"Buscar información independiente y comprobar contacto, condiciones y reputación antes de pagar.",Pagar si el vendedor manda una foto de una bodega.,Confiar porque todas las reseñas tienen cinco estrellas.,B,"Buscar información independiente y comprobar contacto, condiciones y reputación antes de pagar. Reseñas, fotos y anuncios pueden manipularse; varias comprobaciones independientes dan más información que una sola señal. Una tienda nueva no es automáticamente fraudulenta; la falta de datos verificables obliga a investigar antes de pagar.",{}
C3-0074,amarillo,4,Devolución de dinero no comprobado,Decidir antes de actuar,"Un desconocido afirma haberte transferido de más y exige que devuelvas la diferencia a otra cuenta. La persona necesita continuar su actividad, pero quiere hacerlo sin entregar datos o autorizar algo innecesario.

¿Qué decisión es la más adecuada con la información disponible?",Gastar el dinero recibido porque ya aparece en pantalla.,Entregar la diferencia en efectivo antes de revisar el ingreso.,Comprobar el movimiento con tu banco y gestionar cualquier devolución por el procedimiento que indique.,Devolver a la cuenta nueva usando como prueba su captura. Una captura basta para comprobar un sobrepago.,C,"Comprobar el movimiento con tu banco y gestionar cualquier devolución por el procedimiento que indique. Puede haber un comprobante falso, un error o dinero de origen fraudulento; enviar a otra cuenta añade riesgo. Que un ingreso aparezca no explica por sí solo su origen ni autoriza devolverlo a cualquier destinatario.",{}
C3-0075,amarillo,4,Pagos para recibir paquetes,Decidir antes de actuar,"Un mensaje dice que tu paquete está retenido y solicita una cantidad pequeña mediante un enlace de pago. La persona necesita continuar su actividad, pero quiere hacerlo sin entregar datos o autorizar algo innecesario.

¿Qué decisión es la más adecuada con la información disponible?",Introducir la tarjeta aunque no recuerdes haber comprado nada.,Pagar porque la cantidad es demasiado pequeña para una estafa.,Consultar el envío en la aplicación o web oficial de la transportista usando tu número de seguimiento.,Usar el teléfono del mensaje como única verificación.,C,"Consultar el envío en la aplicación o web oficial de la transportista usando tu número de seguimiento. Un cobro pequeño puede servir para obtener datos de tarjeta; tener un paquete pendiente tampoco autentica el mensaje. Puede haber cargos legítimos de envío o aduana; deben comprobarse por canales oficiales, no asumirse por el mensaje.","{""canal oficial"": ""Aplicación, página o contacto de la entidad cuya procedencia comprobaste; no basta que tenga un logotipo.""}"
C3-0076,amarillo,4,Suscripciones y pruebas gratuitas,Decidir antes de actuar,"Una aplicación ofrece una prueba gratuita y pide aceptar un cobro mensual posterior que apenas se ve en la pantalla. La persona necesita continuar su actividad, pero quiere hacerlo sin entregar datos o autorizar algo innecesario.

¿Qué decisión es la más adecuada con la información disponible?",Aceptar porque la palabra «gratis» elimina cualquier cobro futuro.,Ingresar una tarjeta ajena para probar sin revisar las condiciones.,"Revisar precio, fecha y forma de cancelación antes de aceptar.",Borrar luego la aplicación suponiendo que eso cancela todos los pagos. Una prueba gratuita nunca puede renovarse con cobro.,C,"Revisar precio, fecha y forma de cancelación antes de aceptar. Una prueba puede convertirse en una suscripción; aceptar sin leer puede autorizar pagos recurrentes. Un cobro recurrente no es automáticamente fraude: primero conviene comprobar qué se contrató y qué se autorizó.",{}
C3-0077,amarillo,4,Computadoras compartidas,Decidir antes de actuar,"En un local de internet necesitas consultar un documento y el navegador ofrece guardar tu contraseña. La persona necesita continuar su actividad, pero quiere hacerlo sin entregar datos o autorizar algo innecesario.

¿Qué decisión es la más adecuada con la información disponible?",Guardar la clave porque usarás el mismo local otra vez.,No guardarla y cerrar la sesión al terminar; evitar operaciones sensibles en equipos que no controlas.,Confiar en que el modo privado vuelve confiable cualquier computadora.,Cerrar solo la pestaña y dejar la sesión abierta.,B,"No guardarla y cerrar la sesión al terminar; evitar operaciones sensibles en equipos que no controlas. En un equipo compartido pueden quedar sesiones o datos guardados, y no sabes qué programas tiene instalados. La navegación privada limita algunos rastros locales, pero no garantiza privacidad frente al dueño del equipo o programas instalados.","{""contraseña"": ""Secreto que permite entrar a una cuenta. No debe entregarse a quien lo pida por un mensaje o llamada inesperada."", ""sesión"": ""Acceso que permanece abierto en una aplicación o navegador después de iniciar sesión.""}"
C3-0078,amarillo,4,Compartir pantalla durante un pago,Decidir antes de actuar,"Un supuesto asesor te pide compartir la pantalla mientras entras en la banca para corregir un cobro. La persona necesita continuar su actividad, pero quiere hacerlo sin entregar datos o autorizar algo innecesario.

¿Qué decisión es la más adecuada con la información disponible?",Detener la asistencia y contactar al banco por su canal oficial sin mostrar la pantalla bancaria.,Mostrar también los avisos de códigos para que el asesor revise todo.,Aprobar las operaciones que señale el asesor para terminar rápido.,Compartir porque no dirás la clave en voz alta.,A,"Detener la asistencia y contactar al banco por su canal oficial sin mostrar la pantalla bancaria. Compartir pantalla puede mostrar saldos, datos y códigos; no dictar la clave no elimina esa exposición. Una herramienta de asistencia puede ser legítima y aun así ser utilizada por una persona que intenta engañarte.","{""sesión"": ""Acceso que permanece abierto en una aplicación o navegador después de iniciar sesión."", ""canal oficial"": ""Aplicación, página o contacto de la entidad cuya procedencia comprobaste; no basta que tenga un logotipo."", ""acceso remoto"": ""Capacidad de ver o manejar un equipo desde otro lugar. Debe darse solo a quien esté verificado y para una tarea acordada.""}"
C3-0079,amarillo,4,Direcciones parecidas,Decidir antes de actuar,"La dirección de un supuesto banco añade palabras y una letra distinta al nombre que tienes guardado. La persona necesita continuar su actividad, pero quiere hacerlo sin entregar datos o autorizar algo innecesario.

¿Qué decisión es la más adecuada con la información disponible?",Aceptar si la dirección empieza por «seguridad».,Confiar porque el nombre del banco aparece en alguna parte del enlace.,Escribir la contraseña para comprobar si la página reconoce tu cuenta.,Usar la aplicación habitual o el marcador verificado en vez de introducir datos en esa dirección.,D,"Usar la aplicación habitual o el marcador verificado en vez de introducir datos en esa dirección. Un parecido visual no demuestra que una dirección pertenezca a la entidad que buscas. Una dirección correcta es una comprobación útil, pero el contenido de una cuenta o sitio comprometido también puede engañar.","{""contraseña"": ""Secreto que permite entrar a una cuenta. No debe entregarse a quien lo pida por un mensaje o llamada inesperada."", ""sesión"": ""Acceso que permanece abierto en una aplicación o navegador después de iniciar sesión.""}"
C3-0080,amarillo,4,Separar el acceso del negocio,Decidir antes de actuar,"En una tienda, todos usan la misma cuenta con permiso para pagar, aunque algunos solo necesitan consultar pedidos. La persona necesita continuar su actividad, pero quiere hacerlo sin entregar datos o autorizar algo innecesario.

¿Qué decisión es la más adecuada con la información disponible?",Enviar por chat el código de acceso cada vez que alguien lo pida.,Dar a cada persona su acceso y solo los permisos necesarios si el servicio lo permite.,Compartir la clave del dueño para evitar configurar usuarios.,Mantener acceso completo a quien ya no trabaja allí por si regresa.,B,"Dar a cada persona su acceso y solo los permisos necesarios si el servicio lo permite. Separar usuarios y permisos reduce errores y limita lo que puede hacer una cuenta expuesta. No todos los servicios ofrecen varios usuarios; si no existen, hay que acordar un procedimiento que evite compartir secretos sin control.","{""contraseña"": ""Secreto que permite entrar a una cuenta. No debe entregarse a quien lo pida por un mensaje o llamada inesperada."", ""permisos"": ""Autorizaciones para que una aplicación use funciones o datos, como ubicación, cámara, fotos o contactos."", ""revocar"": ""Retirar una autorización que se había concedido.""}"
C3-0081,amarillo,5,Entrar a la banca por una ruta conocida,Aplicar en otro contexto,"Un agricultor recibe por correo una supuesta devolución de la cooperativa y un botón para «activar el cobro». La persona necesita continuar su actividad, pero quiere hacerlo sin entregar datos o autorizar algo innecesario.

¿Qué decisión es la más adecuada con la información disponible?",Probar primero con la clave anterior en la página recibida.,Entrar desde el enlace porque el diseño es idéntico.,Enviar una foto de la tarjeta al remitente para confirmar el reembolso.,Consultar la devolución desde el canal habitual de la cooperativa sin usar el botón.,D,"Consultar la devolución desde el canal habitual de la cooperativa sin usar el botón. Entrar por una ruta conocida evita depender de la dirección que te entrega un posible impostor. Una ruta conocida reduce el riesgo de páginas falsas, pero sigue siendo necesario revisar cada operación.",{}
C3-0082,amarillo,5,Lo que protege la conexión cifrada,Aplicar en otro contexto,"Un soldador abre un formulario con candado que le pide la clave bancaria para recibir una cotización. La persona necesita continuar su actividad, pero quiere hacerlo sin entregar datos o autorizar algo innecesario.

¿Qué decisión es la más adecuada con la información disponible?",Ignorar las condiciones de devolución si la conexión es cifrada.,Comprar porque HTTPS certifica que el vendedor es honesto.,Entregar la contraseña del correo porque aparece un candado.,No entregar la clave: la conexión cifrada no justifica esa solicitud.,D,"No entregar la clave: la conexión cifrada no justifica esa solicitud. HTTPS significa Protocolo Seguro de Transferencia de Hipertexto: protege los datos en su viaje al sitio, no la honestidad de quien lo administra. Los navegadores pueden mostrar iconos distintos; lo esencial es una conexión segura y un destino legítimo. HTTPS: Protocolo Seguro de Transferencia de Hipertexto (Hypertext Transfer Protocol Secure): cifra la comunicación con una página; no certifica la honestidad de su dueño.","{""contraseña"": ""Secreto que permite entrar a una cuenta. No debe entregarse a quien lo pida por un mensaje o llamada inesperada."", ""cifrado"": ""Protección que transforma datos para que no se puedan leer sin la clave o mecanismo necesario."", ""HTTPS"": ""Protocolo Seguro de Transferencia de Hipertexto (Hypertext Transfer Protocol Secure): cifra la comunicación con una página; no certifica la honestidad de su dueño.""}"
C3-0083,amarillo,5,Redes públicas sin falsas alarmas,Aplicar en otro contexto,"Un chofer necesita pagar una cuota, pero no puede confirmar qué red de la terminal es oficial. La persona necesita continuar su actividad, pero quiere hacerlo sin entregar datos o autorizar algo innecesario.

¿Qué decisión es la más adecuada con la información disponible?",Instalarlo porque una red gratuita necesita todos esos permisos.,Ignorar un aviso de certificado para que abra la banca.,Elegir la red con señal más fuerte como única comprobación.,Preferir sus datos móviles o esperar una conexión conocida sin usar enlaces recibidos para entrar al banco.,D,Preferir sus datos móviles o esperar una conexión conocida sin usar enlaces recibidos para entrar al banco. Un nombre de red puede imitarse y una solicitud de instalación inesperada merece detenerse y verificar. Una red pública no anula automáticamente el cifrado; usar datos móviles tampoco protege de una página falsa.,"{""permisos"": ""Autorizaciones para que una aplicación use funciones o datos, como ubicación, cámara, fotos o contactos."", ""cifrado"": ""Protección que transforma datos para que no se puedan leer sin la clave o mecanismo necesario.""}"
C3-0084,amarillo,5,Advertencias del navegador,Aplicar en otro contexto,"Un agricultor ve un aviso de conexión al entrar en un portal de trámites y teme perder la fecha de inscripción. La persona necesita continuar su actividad, pero quiere hacerlo sin entregar datos o autorizar algo innecesario.

¿Qué decisión es la más adecuada con la información disponible?",Enviar la clave por correo mientras se arregla la página.,Desactivar los avisos del navegador de forma permanente.,Buscar asistencia oficial o una ruta legítima alternativa sin ignorar la advertencia ni entregar la clave por chat.,Continuar porque la página carga si pulsas «avanzado».,C,Buscar asistencia oficial o una ruta legítima alternativa sin ignorar la advertencia ni entregar la clave por chat. El aviso significa que la conexión no pudo validarse; saltarlo elimina una protección útil. Un aviso puede deberse a una mala configuración y no prueba por sí solo un ataque; conviene resolverlo antes de enviar datos.,"{""contraseña"": ""Secreto que permite entrar a una cuenta. No debe entregarse a quien lo pida por un mensaje o llamada inesperada."", ""canal oficial"": ""Aplicación, página o contacto de la entidad cuya procedencia comprobaste; no basta que tenga un logotipo.""}"
C3-0085,amarillo,5,Segunda comprobación de acceso,Aplicar en otro contexto,"Una tendera activa códigos de acceso pero quiere enviarlos al supuesto técnico que le ayudó a configurarlos. La persona necesita continuar su actividad, pero quiere hacerlo sin entregar datos o autorizar algo innecesario.

¿Qué decisión es la más adecuada con la información disponible?",Desactivarla porque una clave larga hace innecesaria toda otra protección.,Enviar los códigos a un grupo para encontrarlos fácilmente.,Compartir la aprobación de acceso con quien diga ser soporte.,Mantener los códigos privados y pedir instrucciones sin ceder la aprobación del acceso.,D,"Mantener los códigos privados y pedir instrucciones sin ceder la aprobación del acceso. La autenticación multifactor, o MFA por sus siglas en inglés, añade pruebas de identidad de distintos tipos; 2FA es autenticación de dos factores. No todos los métodos ofrecen la misma resistencia al engaño; una segunda prueba mejora la protección sin hacerla absoluta. MFA: Autenticación multifactor (Multi-Factor Authentication): comprobación con factores de distintos tipos, como algo que sabes y algo que tienes. 2FA: Autenticación de dos factores (Two-Factor Authentication): utiliza dos factores de tipos distintos. No basta escribir dos veces una contraseña.","{""contraseña"": ""Secreto que permite entrar a una cuenta. No debe entregarse a quien lo pida por un mensaje o llamada inesperada."", ""sesión"": ""Acceso que permanece abierto en una aplicación o navegador después de iniciar sesión."", ""autenticación"": ""Comprobación de que una persona puede acceder a una cuenta."", ""MFA"": ""Autenticación multifactor (Multi-Factor Authentication): comprobación con factores de distintos tipos, como algo que sabes y algo que tienes."", ""2FA"": ""Autenticación de dos factores (Two-Factor Authentication): utiliza dos factores de tipos distintos. No basta escribir dos veces una contraseña.""}"
C3-0086,amarillo,5,Avisos repetidos para aprobar acceso,Aplicar en otro contexto,"Un agricultor recibe una llamada que le indica pulsar «sí» en la aplicación para cancelar un fraude. La persona necesita continuar su actividad, pero quiere hacerlo sin entregar datos o autorizar algo innecesario.

¿Qué decisión es la más adecuada con la información disponible?",Aprobar una para que dejen de aparecer.,"Rechazar la solicitud y consultar directamente a la entidad, porque aprobar puede autorizar un acceso.",Confirmar la que llegue más tarde suponiendo que es la correcta.,Dar el teléfono a quien llama para que apruebe por ti.,B,"Rechazar la solicitud y consultar directamente a la entidad, porque aprobar puede autorizar un acceso. La insistencia puede buscar que autorices por cansancio una entrada ajena. Una solicitud inesperada no prueba por sí sola que la cuenta ya fue tomada, pero no debe aprobarse.",{}
C3-0087,amarillo,5,Códigos de recuperación,Aplicar en otro contexto,"Una cocinera cambia de teléfono y el antiguo es el único lugar donde conserva su método de verificación. La persona necesita continuar su actividad, pero quiere hacerlo sin entregar datos o autorizar algo innecesario.

¿Qué decisión es la más adecuada con la información disponible?",Entregarlos al técnico que configuró el teléfono.,Borrarlos sin preparar otra forma de recuperar la cuenta.,Preparar la transferencia y recuperación del método antes de borrar o entregar el equipo antiguo.,Publicarlos en un álbum compartido para tener acceso desde cualquier sitio.,C,Preparar la transferencia y recuperación del método antes de borrar o entregar el equipo antiguo. Esos códigos pueden permitir recuperar el acceso; quien los consiga podría utilizarlos en tu lugar. Las opciones cambian entre servicios; no se debe suponer que todos los códigos se usan igual o duran lo mismo.,"{""revocar"": ""Retirar una autorización que se había concedido.""}"
C3-0088,amarillo,5,Revisar una transferencia antes de aprobar,Aplicar en otro contexto,"Un agricultor ve que el pago del abono se multiplicó por diez por un cero añadido. La persona necesita continuar su actividad, pero quiere hacerlo sin entregar datos o autorizar algo innecesario.

¿Qué decisión es la más adecuada con la información disponible?","Cancelar la confirmación, corregir el monto y revisar nuevamente antes de enviar.",Enviar primero todo el monto y reclamar si hay un error.,Ignorar el destinatario porque el valor es correcto.,Aprobar porque el número de cuenta fue copiado del último mensaje.,A,"Cancelar la confirmación, corregir el monto y revisar nuevamente antes de enviar. La confirmación final permite detectar un receptor o importe equivocado antes de autorizar el envío. Reportar rápido puede ayudar, pero una transferencia autorizada no siempre puede revertirse.","{""receptor"": ""Persona o entidad a cuya cuenta se envía un pago.""}"
C3-0089,amarillo,5,Alertas y movimientos bancarios,Aplicar en otro contexto,"Un soldador recibe un mensaje de cargo con un enlace para «anular» la compra. La persona necesita continuar su actividad, pero quiere hacerlo sin entregar datos o autorizar algo innecesario.

¿Qué decisión es la más adecuada con la información disponible?",Entrar por la aplicación habitual para comprobar el cargo y contactar al banco sin usar ese enlace.,Desactivar todos los avisos porque cualquiera podría ser una estafa. Todas las alertas bancarias llegan siempre en el mismo segundo.,Usar únicamente los mensajes del banco sin consultar la cuenta.,Confiar solo en que el saldo final del mes se parezca al esperado.,A,"Entrar por la aplicación habitual para comprobar el cargo y contactar al banco sin usar ese enlace. Los avisos ayudan a detectar actividad, pero pueden retrasarse o no cubrir todas las operaciones. Un aviso es una señal para comprobar; su ausencia tampoco demuestra que todo esté bien.","{""canal oficial"": ""Aplicación, página o contacto de la entidad cuya procedencia comprobaste; no basta que tenga un logotipo.""}"
C3-0090,amarillo,5,Datos impresos de la tarjeta,Aplicar en otro contexto,"En una entrega, un repartidor pide una foto de la tarjeta usada para demostrar que el pedido es tuyo. La persona necesita continuar su actividad, pero quiere hacerlo sin entregar datos o autorizar algo innecesario.

¿Qué decisión es la más adecuada con la información disponible?",Consultar al comercio por su atención oficial y no enviar la foto de la tarjeta.,Mandarlas en un mensaje temporal pensando que no puede copiarse.,Tapar solo el nombre y enviar visibles todos los números.,Enviar las fotos si el vendedor promete borrarlas.,A,"Consultar al comercio por su atención oficial y no enviar la foto de la tarjeta. Las fotos pueden exponer número, vencimiento y código de seguridad, datos utilizables en intentos de compra. El código de seguridad de la tarjeta no es lo mismo que un código temporal para aprobar una operación; ambos deben cuidarse.",{}
C3-0091,amarillo,5,Falsas cuentas seguras,Aplicar en otro contexto,"Una tendera recibe la misma instrucción en un correo que copia el nombre de su ejecutivo habitual. La persona necesita continuar su actividad, pero quiere hacerlo sin entregar datos o autorizar algo innecesario.

¿Qué decisión es la más adecuada con la información disponible?",Retirar efectivo y entregarlo al mensajero que ofrece la llamada.,Hacer una transferencia pequeña y luego enviar el resto si no hay error.,Enviar el dinero porque la cuenta receptora fue dictada por un asesor.,Confirmar por el contacto que ya tenía guardado sin responder ni pagar desde ese correo.,D,Confirmar por el contacto que ya tenía guardado sin responder ni pagar desde ese correo. Mover dinero a una cuenta indicada por un desconocido puede ser justamente el objetivo del engaño. Que alguien conozca un movimiento reciente no demuestra que esté autorizado para dirigir tu dinero.,"{""receptor"": ""Persona o entidad a cuya cuenta se envía un pago.""}"
C3-0092,amarillo,5,Compras con pago por fuera,Aplicar en otro contexto,"Una cocinera recibe por correo un enlace «especial» para pagar un equipo anunciado en una plataforma. La persona necesita continuar su actividad, pero quiere hacerlo sin entregar datos o autorizar algo innecesario.

¿Qué decisión es la más adecuada con la información disponible?",Aceptar que una conversación en la plataforma conserva toda protección aunque pagues fuera.,Abrir la plataforma por su ruta habitual y comprobar si ese pago pertenece al proceso real.,Transferir fuera porque un descuento demuestra confianza.,Mandar datos de tarjeta por chat para no pagar comisiones.,B,"Abrir la plataforma por su ruta habitual y comprobar si ese pago pertenece al proceso real. Pagar por fuera puede dejarte sin mecanismos de reclamo que dependen del proceso de la plataforma. La protección depende de condiciones, plazos y tipo de operación; ninguna etiqueta garantiza por sí sola una devolución.",{}
C3-0093,amarillo,5,Revisar a un vendedor,Aplicar en otro contexto,"Un agricultor encuentra semillas muy baratas en un perfil creado ayer que usa fotos de otro vivero. La persona necesita continuar su actividad, pero quiere hacerlo sin entregar datos o autorizar algo innecesario.

¿Qué decisión es la más adecuada con la información disponible?",Comprar porque el anuncio aparece como patrocinado.,Confiar porque todas las reseñas tienen cinco estrellas.,Pagar si el vendedor manda una foto de una bodega.,Consultar al vivero por un contacto propio y no pagar basándose solo en ese perfil.,D,"Consultar al vivero por un contacto propio y no pagar basándose solo en ese perfil. Reseñas, fotos y anuncios pueden manipularse; varias comprobaciones independientes dan más información que una sola señal. Una tienda nueva no es automáticamente fraudulenta; la falta de datos verificables obliga a investigar antes de pagar.",{}
C3-0094,amarillo,5,Devolución de dinero no comprobado,Aplicar en otro contexto,"Un vendedor sí ve un ingreso no esperado, pero quien reclama pide devolverlo a nombre de otra persona. La persona necesita continuar su actividad, pero quiere hacerlo sin entregar datos o autorizar algo innecesario.

¿Qué decisión es la más adecuada con la información disponible?",Devolver a la cuenta nueva usando como prueba su captura.,Gastar el dinero recibido porque ya aparece en pantalla.,No enviarlo por su cuenta y pedir al banco que indique cómo tratar el ingreso.,Entregar la diferencia en efectivo antes de revisar el ingreso.,C,"No enviarlo por su cuenta y pedir al banco que indique cómo tratar el ingreso. Puede haber un comprobante falso, un error o dinero de origen fraudulento; enviar a otra cuenta añade riesgo. Que un ingreso aparezca no explica por sí solo su origen ni autoriza devolverlo a cualquier destinatario.",{}
C3-0095,amarillo,5,Pagos para recibir paquetes,Aplicar en otro contexto,"Una agricultora recibe una llamada sobre un saco de semillas que supuestamente necesita una tasa urgente. La persona necesita continuar su actividad, pero quiere hacerlo sin entregar datos o autorizar algo innecesario.

¿Qué decisión es la más adecuada con la información disponible?",Confirmar el envío con el proveedor y la transportista antes de pagar esa tasa.,Usar el teléfono del mensaje como única verificación.,Pagar porque la cantidad es demasiado pequeña para una estafa.,Introducir la tarjeta aunque no recuerdes haber comprado nada.,A,"Confirmar el envío con el proveedor y la transportista antes de pagar esa tasa. Un cobro pequeño puede servir para obtener datos de tarjeta; tener un paquete pendiente tampoco autentica el mensaje. Puede haber cargos legítimos de envío o aduana; deben comprobarse por canales oficiales, no asumirse por el mensaje.","{""canal oficial"": ""Aplicación, página o contacto de la entidad cuya procedencia comprobaste; no basta que tenga un logotipo.""}"
C3-0096,amarillo,5,Suscripciones y pruebas gratuitas,Aplicar en otro contexto,"Un tendero acepta un servicio de inventario con descuento inicial, pero no sabe cuánto costará después. La persona necesita continuar su actividad, pero quiere hacerlo sin entregar datos o autorizar algo innecesario.

¿Qué decisión es la más adecuada con la información disponible?",Pedir el precio de renovación y las condiciones por un canal verificable antes de contratar.,Borrar luego la aplicación suponiendo que eso cancela todos los pagos. Una prueba gratuita nunca puede renovarse con cobro.,Aceptar porque la palabra «gratis» elimina cualquier cobro futuro.,Ingresar una tarjeta ajena para probar sin revisar las condiciones.,A,Pedir el precio de renovación y las condiciones por un canal verificable antes de contratar. Una prueba puede convertirse en una suscripción; aceptar sin leer puede autorizar pagos recurrentes. Un cobro recurrente no es automáticamente fraude: primero conviene comprobar qué se contrató y qué se autorizó.,{}
C3-0097,amarillo,5,Computadoras compartidas,Aplicar en otro contexto,"Un agricultor usa una tableta prestada para revisar una cuenta y nota que guarda automáticamente los accesos. La persona necesita continuar su actividad, pero quiere hacerlo sin entregar datos o autorizar algo innecesario.

¿Qué decisión es la más adecuada con la información disponible?",Confiar en que el modo privado vuelve confiable cualquier computadora.,Evitar introducir la clave allí y buscar su equipo o una alternativa de asistencia que no exponga el secreto.,Guardar la clave porque usarás el mismo local otra vez.,Cerrar solo la pestaña y dejar la sesión abierta. Cerrar una pestaña equivale siempre a cerrar la sesión.,B,"Evitar introducir la clave allí y buscar su equipo o una alternativa de asistencia que no exponga el secreto. En un equipo compartido pueden quedar sesiones o datos guardados, y no sabes qué programas tiene instalados. La navegación privada limita algunos rastros locales, pero no garantiza privacidad frente al dueño del equipo o programas instalados.","{""contraseña"": ""Secreto que permite entrar a una cuenta. No debe entregarse a quien lo pida por un mensaje o llamada inesperada."", ""sesión"": ""Acceso que permanece abierto en una aplicación o navegador después de iniciar sesión.""}"
C3-0098,amarillo,5,Compartir pantalla durante un pago,Aplicar en otro contexto,"Una tendera hace una videollamada familiar y necesita abrir la banca mientras comparte toda la pantalla. La persona necesita continuar su actividad, pero quiere hacerlo sin entregar datos o autorizar algo innecesario.

¿Qué decisión es la más adecuada con la información disponible?",Dejar de compartir antes de abrir la banca o recibir códigos de acceso.,Aprobar las operaciones que señale el asesor para terminar rápido.,Mostrar también los avisos de códigos para que el asesor revise todo.,Compartir porque no dirás la clave en voz alta.,A,"Dejar de compartir antes de abrir la banca o recibir códigos de acceso. Compartir pantalla puede mostrar saldos, datos y códigos; no dictar la clave no elimina esa exposición. Una herramienta de asistencia puede ser legítima y aun así ser utilizada por una persona que intenta engañarte.","{""sesión"": ""Acceso que permanece abierto en una aplicación o navegador después de iniciar sesión."", ""canal oficial"": ""Aplicación, página o contacto de la entidad cuya procedencia comprobaste; no basta que tenga un logotipo."", ""acceso remoto"": ""Capacidad de ver o manejar un equipo desde otro lugar. Debe darse solo a quien esté verificado y para una tarea acordada.""}"
C3-0099,amarillo,5,Direcciones parecidas,Aplicar en otro contexto,"Un agricultor recibe un enlace acortado para un trámite que no permite ver claramente el destino. La persona necesita continuar su actividad, pero quiere hacerlo sin entregar datos o autorizar algo innecesario.

¿Qué decisión es la más adecuada con la información disponible?",Aceptar si la dirección empieza por «seguridad».,Acceder al trámite desde el portal oficial conocido en lugar de usar el enlace oculto.,Escribir la contraseña para comprobar si la página reconoce tu cuenta.,Confiar porque el nombre del banco aparece en alguna parte del enlace.,B,"Acceder al trámite desde el portal oficial conocido en lugar de usar el enlace oculto. Un parecido visual no demuestra que una dirección pertenezca a la entidad que buscas. Una dirección correcta es una comprobación útil, pero el contenido de una cuenta o sitio comprometido también puede engañar.","{""contraseña"": ""Secreto que permite entrar a una cuenta. No debe entregarse a quien lo pida por un mensaje o llamada inesperada."", ""sesión"": ""Acceso que permanece abierto en una aplicación o navegador después de iniciar sesión.""}"
C3-0100,amarillo,5,Separar el acceso del negocio,Aplicar en otro contexto,"Una asociación agrícola quiere que una persona registre ventas y otra autorice pagos. La persona necesita continuar su actividad, pero quiere hacerlo sin entregar datos o autorizar algo innecesario.

¿Qué decisión es la más adecuada con la información disponible?",Enviar por chat el código de acceso cada vez que alguien lo pida.,Mantener acceso completo a quien ya no trabaja allí por si regresa.,Configurar funciones separadas y una revisión de pagos acorde con las opciones del sistema.,Compartir la clave del dueño para evitar configurar usuarios.,C,"Configurar funciones separadas y una revisión de pagos acorde con las opciones del sistema. Separar usuarios y permisos reduce errores y limita lo que puede hacer una cuenta expuesta. No todos los servicios ofrecen varios usuarios; si no existen, hay que acordar un procedimiento que evite compartir secretos sin control.","{""contraseña"": ""Secreto que permite entrar a una cuenta. No debe entregarse a quien lo pida por un mensaje o llamada inesperada."", ""permisos"": ""Autorizaciones para que una aplicación use funciones o datos, como ubicación, cámara, fotos o contactos."", ""revocar"": ""Retirar una autorización que se había concedido.""}"
C3-0101,amarillo,6,Entrar a la banca por una ruta conocida,Responder y dar seguimiento,"Una secretaria escribió su clave bancaria en la página del reembolso y después recibió un código de operación. La persona está dispuesta a pedir ayuda y puede usar un canal oficial. Necesita decidir qué hacer ahora sin ampliar la exposición.

¿Qué decisión es la más adecuada con la información disponible?",Entrar desde el enlace porque el diseño es idéntico.,No compartir ni aprobar el código y contactar al banco para proteger el acceso comprometido.,Enviar una foto de la tarjeta al remitente para confirmar el reembolso.,Probar primero con la clave anterior en la página recibida.,B,"No compartir ni aprobar el código y contactar al banco para proteger el acceso comprometido. Entrar por una ruta conocida evita depender de la dirección que te entrega un posible impostor. Una ruta conocida reduce el riesgo de páginas falsas, pero sigue siendo necesario revisar cada operación.","{""canal oficial"": ""Aplicación, página o contacto de la entidad cuya procedencia comprobaste; no basta que tenga un logotipo.""}"
C3-0102,amarillo,6,Lo que protege la conexión cifrada,Responder y dar seguimiento,"Una cocinera pagó en una tienda con HTTPS, el pedido no llegó y el vendedor desapareció. La persona está dispuesta a pedir ayuda y puede usar un canal oficial. Necesita decidir qué hacer ahora sin ampliar la exposición.

¿Qué decisión es la más adecuada con la información disponible?",Entregar la contraseña del correo porque aparece un candado.,Comprar porque HTTPS certifica que el vendedor es honesto.,Ignorar las condiciones de devolución si la conexión es cifrada.,Guardar la compra y contactar al medio de pago para consultar el reclamo disponible.,D,"Guardar la compra y contactar al medio de pago para consultar el reclamo disponible. HTTPS significa Protocolo Seguro de Transferencia de Hipertexto: protege los datos en su viaje al sitio, no la honestidad de quien lo administra. Los navegadores pueden mostrar iconos distintos; lo esencial es una conexión segura y un destino legítimo. HTTPS: Protocolo Seguro de Transferencia de Hipertexto (Hypertext Transfer Protocol Secure): cifra la comunicación con una página; no certifica la honestidad de su dueño.","{""contraseña"": ""Secreto que permite entrar a una cuenta. No debe entregarse a quien lo pida por un mensaje o llamada inesperada."", ""cifrado"": ""Protección que transforma datos para que no se puedan leer sin la clave o mecanismo necesario."", ""HTTPS"": ""Protocolo Seguro de Transferencia de Hipertexto (Hypertext Transfer Protocol Secure): cifra la comunicación con una página; no certifica la honestidad de su dueño."", ""canal oficial"": ""Aplicación, página o contacto de la entidad cuya procedencia comprobaste; no basta que tenga un logotipo.""}"
C3-0103,amarillo,6,Redes públicas sin falsas alarmas,Responder y dar seguimiento,"Una tendera aceptó instalar un perfil desconocido para usar una red gratuita y ahora ve avisos extraños. La persona está dispuesta a pedir ayuda y puede usar un canal oficial. Necesita decidir qué hacer ahora sin ampliar la exposición.

¿Qué decisión es la más adecuada con la información disponible?",Desconectarse y pedir ayuda confiable para revisar y retirar la configuración desconocida antes de usar cuentas sensibles.,Elegir la red con señal más fuerte como única comprobación.,Instalarlo porque una red gratuita necesita todos esos permisos.,Ignorar un aviso de certificado para que abra la banca.,A,Desconectarse y pedir ayuda confiable para revisar y retirar la configuración desconocida antes de usar cuentas sensibles. Un nombre de red puede imitarse y una solicitud de instalación inesperada merece detenerse y verificar. Una red pública no anula automáticamente el cifrado; usar datos móviles tampoco protege de una página falsa.,"{""permisos"": ""Autorizaciones para que una aplicación use funciones o datos, como ubicación, cámara, fotos o contactos."", ""cifrado"": ""Protección que transforma datos para que no se puedan leer sin la clave o mecanismo necesario."", ""canal oficial"": ""Aplicación, página o contacto de la entidad cuya procedencia comprobaste; no basta que tenga un logotipo.""}"
C3-0104,amarillo,6,Advertencias del navegador,Responder y dar seguimiento,"Una secretaria ignoró el aviso e introdujo su contraseña bancaria en esa conexión. La persona está dispuesta a pedir ayuda y puede usar un canal oficial. Necesita decidir qué hacer ahora sin ampliar la exposición.

¿Qué decisión es la más adecuada con la información disponible?",Contactar al banco por otra vía confiable e informar de la posible exposición de la clave.,Enviar la clave por correo mientras se arregla la página.,Desactivar los avisos del navegador de forma permanente.,Continuar porque la página carga si pulsas «avanzado».,A,Contactar al banco por otra vía confiable e informar de la posible exposición de la clave. El aviso significa que la conexión no pudo validarse; saltarlo elimina una protección útil. Un aviso puede deberse a una mala configuración y no prueba por sí solo un ataque; conviene resolverlo antes de enviar datos.,"{""contraseña"": ""Secreto que permite entrar a una cuenta. No debe entregarse a quien lo pida por un mensaje o llamada inesperada."", ""canal oficial"": ""Aplicación, página o contacto de la entidad cuya procedencia comprobaste; no basta que tenga un logotipo.""}"
C3-0105,amarillo,6,Segunda comprobación de acceso,Responder y dar seguimiento,"Un cocinero recibe una petición para aprobar un inicio de sesión que no hizo. La persona está dispuesta a pedir ayuda y puede usar un canal oficial. Necesita decidir qué hacer ahora sin ampliar la exposición.

¿Qué decisión es la más adecuada con la información disponible?",Enviar los códigos a un grupo para encontrarlos fácilmente.,Compartir la aprobación de acceso con quien diga ser soporte.,Desactivarla porque una clave larga hace innecesaria toda otra protección.,Rechazar la aprobación y revisar la seguridad de la cuenta por su aplicación oficial.,D,"Rechazar la aprobación y revisar la seguridad de la cuenta por su aplicación oficial. La autenticación multifactor, o MFA por sus siglas en inglés, añade pruebas de identidad de distintos tipos; 2FA es autenticación de dos factores. No todos los métodos ofrecen la misma resistencia al engaño; una segunda prueba mejora la protección sin hacerla absoluta. MFA: Autenticación multifactor (Multi-Factor Authentication): comprobación con factores de distintos tipos, como algo que sabes y algo que tienes. 2FA: Autenticación de dos factores (Two-Factor Authentication): utiliza dos factores de tipos distintos. No basta escribir dos veces una contraseña.","{""contraseña"": ""Secreto que permite entrar a una cuenta. No debe entregarse a quien lo pida por un mensaje o llamada inesperada."", ""sesión"": ""Acceso que permanece abierto en una aplicación o navegador después de iniciar sesión."", ""autenticación"": ""Comprobación de que una persona puede acceder a una cuenta."", ""MFA"": ""Autenticación multifactor (Multi-Factor Authentication): comprobación con factores de distintos tipos, como algo que sabes y algo que tienes."", ""2FA"": ""Autenticación de dos factores (Two-Factor Authentication): utiliza dos factores de tipos distintos. No basta escribir dos veces una contraseña."", ""canal oficial"": ""Aplicación, página o contacto de la entidad cuya procedencia comprobaste; no basta que tenga un logotipo.""}"
C3-0106,amarillo,6,Avisos repetidos para aprobar acceso,Responder y dar seguimiento,"Una secretaria aprobó una solicitud desconocida y ahora recibe avisos de cambios en su correo. La persona está dispuesta a pedir ayuda y puede usar un canal oficial. Necesita decidir qué hacer ahora sin ampliar la exposición.

¿Qué decisión es la más adecuada con la información disponible?",Aprobar una para que dejen de aparecer.,Confirmar la que llegue más tarde suponiendo que es la correcta.,"Recuperar el control desde el servicio oficial, cambiar la clave y cerrar sesiones ajenas.",Dar el teléfono a quien llama para que apruebe por ti.,C,"Recuperar el control desde el servicio oficial, cambiar la clave y cerrar sesiones ajenas. La insistencia puede buscar que autorices por cansancio una entrada ajena. Una solicitud inesperada no prueba por sí sola que la cuenta ya fue tomada, pero no debe aprobarse.","{""canal oficial"": ""Aplicación, página o contacto de la entidad cuya procedencia comprobaste; no basta que tenga un logotipo.""}"
C3-0107,amarillo,6,Códigos de recuperación,Responder y dar seguimiento,"Un chofer envió por error los códigos de recuperación a un chat de trabajo. La persona está dispuesta a pedir ayuda y puede usar un canal oficial. Necesita decidir qué hacer ahora sin ampliar la exposición.

¿Qué decisión es la más adecuada con la información disponible?","Generar códigos nuevos o revocar los expuestos desde el servicio oficial, según sus opciones.",Borrarlos sin preparar otra forma de recuperar la cuenta.,Entregarlos al técnico que configuró el teléfono.,Publicarlos en un álbum compartido para tener acceso desde cualquier sitio.,A,"Generar códigos nuevos o revocar los expuestos desde el servicio oficial, según sus opciones. Esos códigos pueden permitir recuperar el acceso; quien los consiga podría utilizarlos en tu lugar. Las opciones cambian entre servicios; no se debe suponer que todos los códigos se usan igual o duran lo mismo.","{""revocar"": ""Retirar una autorización que se había concedido."", ""canal oficial"": ""Aplicación, página o contacto de la entidad cuya procedencia comprobaste; no basta que tenga un logotipo.""}"
C3-0108,amarillo,6,Revisar una transferencia antes de aprobar,Responder y dar seguimiento,"Una tendera envió el pago a una cuenta equivocada tras copiar datos de un mensaje. La persona está dispuesta a pedir ayuda y puede usar un canal oficial. Necesita decidir qué hacer ahora sin ampliar la exposición.

¿Qué decisión es la más adecuada con la información disponible?",Contactar rápidamente al banco para informar el error y consultar las opciones de gestión.,Enviar primero todo el monto y reclamar si hay un error.,Ignorar el destinatario porque el valor es correcto.,Aprobar porque el número de cuenta fue copiado del último mensaje.,A,"Contactar rápidamente al banco para informar el error y consultar las opciones de gestión. La confirmación final permite detectar un receptor o importe equivocado antes de autorizar el envío. Reportar rápido puede ayudar, pero una transferencia autorizada no siempre puede revertirse.","{""receptor"": ""Persona o entidad a cuya cuenta se envía un pago."", ""canal oficial"": ""Aplicación, página o contacto de la entidad cuya procedencia comprobaste; no basta que tenga un logotipo.""}"
C3-0109,amarillo,6,Alertas y movimientos bancarios,Responder y dar seguimiento,"Una cocinera ve un cargo pequeño que no recuerda, aunque no recibió ninguna notificación. La persona está dispuesta a pedir ayuda y puede usar un canal oficial. Necesita decidir qué hacer ahora sin ampliar la exposición.

¿Qué decisión es la más adecuada con la información disponible?",Desactivar todos los avisos porque cualquiera podría ser una estafa. Todas las alertas bancarias llegan siempre en el mismo segundo.,Comprobar el detalle con el banco y reportarlo si no lo reconoce.,Confiar solo en que el saldo final del mes se parezca al esperado.,Usar únicamente los mensajes del banco sin consultar la cuenta.,B,"Comprobar el detalle con el banco y reportarlo si no lo reconoce. Los avisos ayudan a detectar actividad, pero pueden retrasarse o no cubrir todas las operaciones. Un aviso es una señal para comprobar; su ausencia tampoco demuestra que todo esté bien.","{""canal oficial"": ""Aplicación, página o contacto de la entidad cuya procedencia comprobaste; no basta que tenga un logotipo.""}"
C3-0110,amarillo,6,Datos impresos de la tarjeta,Responder y dar seguimiento,"Una secretaria mandó la foto de su tarjeta a un contacto que dejó de responder. La persona está dispuesta a pedir ayuda y puede usar un canal oficial. Necesita decidir qué hacer ahora sin ampliar la exposición.

¿Qué decisión es la más adecuada con la información disponible?",Enviar las fotos si el vendedor promete borrarlas.,Mandarlas en un mensaje temporal pensando que no puede copiarse.,Contactar de inmediato al emisor para bloquear o reemplazar la tarjeta y reportar la exposición.,Tapar solo el nombre y enviar visibles todos los números.,C,"Contactar de inmediato al emisor para bloquear o reemplazar la tarjeta y reportar la exposición. Las fotos pueden exponer número, vencimiento y código de seguridad, datos utilizables en intentos de compra. El código de seguridad de la tarjeta no es lo mismo que un código temporal para aprobar una operación; ambos deben cuidarse.","{""canal oficial"": ""Aplicación, página o contacto de la entidad cuya procedencia comprobaste; no basta que tenga un logotipo.""}"
C3-0111,amarillo,6,Falsas cuentas seguras,Responder y dar seguimiento,"Un agricultor transfirió a la supuesta cuenta segura y le piden ahora el resto de sus ahorros. La persona está dispuesta a pedir ayuda y puede usar un canal oficial. Necesita decidir qué hacer ahora sin ampliar la exposición.

¿Qué decisión es la más adecuada con la información disponible?",Retirar efectivo y entregarlo al mensajero que ofrece la llamada.,Enviar el dinero porque la cuenta receptora fue dictada por un asesor. Una cuenta se vuelve segura cuando un supuesto asesor la llama así.,Hacer una transferencia pequeña y luego enviar el resto si no hay error.,Detener los envíos y reportar de inmediato al banco la transferencia y los datos del receptor.,D,Detener los envíos y reportar de inmediato al banco la transferencia y los datos del receptor. Mover dinero a una cuenta indicada por un desconocido puede ser justamente el objetivo del engaño. Que alguien conozca un movimiento reciente no demuestra que esté autorizado para dirigir tu dinero.,"{""receptor"": ""Persona o entidad a cuya cuenta se envía un pago."", ""canal oficial"": ""Aplicación, página o contacto de la entidad cuya procedencia comprobaste; no basta que tenga un logotipo.""}"
C3-0112,amarillo,6,Compras con pago por fuera,Responder y dar seguimiento,"Un soldador pagó fuera de la plataforma y el vendedor borró su perfil sin entregar la herramienta. La persona está dispuesta a pedir ayuda y puede usar un canal oficial. Necesita decidir qué hacer ahora sin ampliar la exposición.

¿Qué decisión es la más adecuada con la información disponible?",Mandar datos de tarjeta por chat para no pagar comisiones.,Transferir fuera porque un descuento demuestra confianza.,"Guardar mensajes y pago, reportar al medio de pago y a la plataforma, y consultar las vías de reclamo.",Aceptar que una conversación en la plataforma conserva toda protección aunque pagues fuera.,C,"Guardar mensajes y pago, reportar al medio de pago y a la plataforma, y consultar las vías de reclamo. Pagar por fuera puede dejarte sin mecanismos de reclamo que dependen del proceso de la plataforma. La protección depende de condiciones, plazos y tipo de operación; ninguna etiqueta garantiza por sí sola una devolución.","{""canal oficial"": ""Aplicación, página o contacto de la entidad cuya procedencia comprobaste; no basta que tenga un logotipo.""}"
C3-0113,amarillo,6,Revisar a un vendedor,Responder y dar seguimiento,"Una tendera pagó a la tienda y ahora le exigen más dinero para «desbloquear» el envío sin dar seguimiento verificable. La persona está dispuesta a pedir ayuda y puede usar un canal oficial. Necesita decidir qué hacer ahora sin ampliar la exposición.

¿Qué decisión es la más adecuada con la información disponible?",Pagar si el vendedor manda una foto de una bodega.,Confiar porque todas las reseñas tienen cinco estrellas.,Comprar porque el anuncio aparece como patrocinado.,"No enviar más y contactar al medio de pago, guardando anuncio, conversación y comprobante.",D,"No enviar más y contactar al medio de pago, guardando anuncio, conversación y comprobante. Reseñas, fotos y anuncios pueden manipularse; varias comprobaciones independientes dan más información que una sola señal. Una tienda nueva no es automáticamente fraudulenta; la falta de datos verificables obliga a investigar antes de pagar.","{""canal oficial"": ""Aplicación, página o contacto de la entidad cuya procedencia comprobaste; no basta que tenga un logotipo.""}"
C3-0114,amarillo,6,Devolución de dinero no comprobado,Responder y dar seguimiento,"Una cocinera devolvió una supuesta diferencia y luego supo que el abono original no existía. La persona está dispuesta a pedir ayuda y puede usar un canal oficial. Necesita decidir qué hacer ahora sin ampliar la exposición.

¿Qué decisión es la más adecuada con la información disponible?",Gastar el dinero recibido porque ya aparece en pantalla.,Devolver a la cuenta nueva usando como prueba su captura.,Reportar la transferencia al banco y conservar los mensajes que originaron la devolución.,Entregar la diferencia en efectivo antes de revisar el ingreso.,C,"Reportar la transferencia al banco y conservar los mensajes que originaron la devolución. Puede haber un comprobante falso, un error o dinero de origen fraudulento; enviar a otra cuenta añade riesgo. Que un ingreso aparezca no explica por sí solo su origen ni autoriza devolverlo a cualquier destinatario.","{""canal oficial"": ""Aplicación, página o contacto de la entidad cuya procedencia comprobaste; no basta que tenga un logotipo.""}"
C3-0115,amarillo,6,Pagos para recibir paquetes,Responder y dar seguimiento,"Un chofer pagó el supuesto reenvío y la página le pidió varios códigos que no había solicitado. La persona está dispuesta a pedir ayuda y puede usar un canal oficial. Necesita decidir qué hacer ahora sin ampliar la exposición.

¿Qué decisión es la más adecuada con la información disponible?",Introducir la tarjeta aunque no recuerdes haber comprado nada.,No entregar códigos y contactar al emisor de la tarjeta para reportar la exposición y protegerla.,Pagar porque la cantidad es demasiado pequeña para una estafa.,Usar el teléfono del mensaje como única verificación.,B,"No entregar códigos y contactar al emisor de la tarjeta para reportar la exposición y protegerla. Un cobro pequeño puede servir para obtener datos de tarjeta; tener un paquete pendiente tampoco autentica el mensaje. Puede haber cargos legítimos de envío o aduana; deben comprobarse por canales oficiales, no asumirse por el mensaje.","{""canal oficial"": ""Aplicación, página o contacto de la entidad cuya procedencia comprobaste; no basta que tenga un logotipo.""}"
C3-0116,amarillo,6,Suscripciones y pruebas gratuitas,Responder y dar seguimiento,"Una cocinera borró una aplicación y sigue recibiendo cargos por una suscripción que no desea. La persona está dispuesta a pedir ayuda y puede usar un canal oficial. Necesita decidir qué hacer ahora sin ampliar la exposición.

¿Qué decisión es la más adecuada con la información disponible?",Borrar luego la aplicación suponiendo que eso cancela todos los pagos.,Ingresar una tarjeta ajena para probar sin revisar las condiciones.,"Revisar y cancelar la suscripción en el servicio o tienda que factura, y consultar el reclamo si procede.",Aceptar porque la palabra «gratis» elimina cualquier cobro futuro.,C,"Revisar y cancelar la suscripción en el servicio o tienda que factura, y consultar el reclamo si procede. Una prueba puede convertirse en una suscripción; aceptar sin leer puede autorizar pagos recurrentes. Un cobro recurrente no es automáticamente fraude: primero conviene comprobar qué se contrató y qué se autorizó.","{""canal oficial"": ""Aplicación, página o contacto de la entidad cuya procedencia comprobaste; no basta que tenga un logotipo.""}"
C3-0117,amarillo,6,Computadoras compartidas,Responder y dar seguimiento,"Una secretaria dejó abierto su correo en una computadora compartida del local de impresión. La persona está dispuesta a pedir ayuda y puede usar un canal oficial. Necesita decidir qué hacer ahora sin ampliar la exposición.

¿Qué decisión es la más adecuada con la información disponible?",Guardar la clave porque usarás el mismo local otra vez.,Cerrar esa sesión desde un equipo confiable y revisar la seguridad de la cuenta.,Cerrar solo la pestaña y dejar la sesión abierta.,Confiar en que el modo privado vuelve confiable cualquier computadora.,B,"Cerrar esa sesión desde un equipo confiable y revisar la seguridad de la cuenta. En un equipo compartido pueden quedar sesiones o datos guardados, y no sabes qué programas tiene instalados. La navegación privada limita algunos rastros locales, pero no garantiza privacidad frente al dueño del equipo o programas instalados.","{""contraseña"": ""Secreto que permite entrar a una cuenta. No debe entregarse a quien lo pida por un mensaje o llamada inesperada."", ""sesión"": ""Acceso que permanece abierto en una aplicación o navegador después de iniciar sesión."", ""canal oficial"": ""Aplicación, página o contacto de la entidad cuya procedencia comprobaste; no basta que tenga un logotipo.""}"
C3-0118,amarillo,6,Compartir pantalla durante un pago,Responder y dar seguimiento,"Un soldador mostró su banca y aprobó una operación indicada por el supuesto asesor. La persona está dispuesta a pedir ayuda y puede usar un canal oficial. Necesita decidir qué hacer ahora sin ampliar la exposición.

¿Qué decisión es la más adecuada con la información disponible?",Mostrar también los avisos de códigos para que el asesor revise todo.,Cortar la sesión y contactar de inmediato al banco para reportar la operación y proteger el acceso.,Compartir porque no dirás la clave en voz alta.,Aprobar las operaciones que señale el asesor para terminar rápido. Toda ayuda remota está autorizada por el banco si menciona su nombre.,B,"Cortar la sesión y contactar de inmediato al banco para reportar la operación y proteger el acceso. Compartir pantalla puede mostrar saldos, datos y códigos; no dictar la clave no elimina esa exposición. Una herramienta de asistencia puede ser legítima y aun así ser utilizada por una persona que intenta engañarte.","{""sesión"": ""Acceso que permanece abierto en una aplicación o navegador después de iniciar sesión."", ""canal oficial"": ""Aplicación, página o contacto de la entidad cuya procedencia comprobaste; no basta que tenga un logotipo."", ""acceso remoto"": ""Capacidad de ver o manejar un equipo desde otro lugar. Debe darse solo a quien esté verificado y para una tarea acordada.""}"
C3-0119,amarillo,6,Direcciones parecidas,Responder y dar seguimiento,"Una cocinera inició sesión en una dirección parecida y el sitio le mostró un error genérico. La persona está dispuesta a pedir ayuda y puede usar un canal oficial. Necesita decidir qué hacer ahora sin ampliar la exposición.

¿Qué decisión es la más adecuada con la información disponible?",Escribir la contraseña para comprobar si la página reconoce tu cuenta.,Aceptar si la dirección empieza por «seguridad».,Tratar la clave como posiblemente expuesta y cambiarla desde el servicio oficial.,Confiar porque el nombre del banco aparece en alguna parte del enlace.,C,"Tratar la clave como posiblemente expuesta y cambiarla desde el servicio oficial. Un parecido visual no demuestra que una dirección pertenezca a la entidad que buscas. Una dirección correcta es una comprobación útil, pero el contenido de una cuenta o sitio comprometido también puede engañar.","{""contraseña"": ""Secreto que permite entrar a una cuenta. No debe entregarse a quien lo pida por un mensaje o llamada inesperada."", ""sesión"": ""Acceso que permanece abierto en una aplicación o navegador después de iniciar sesión."", ""canal oficial"": ""Aplicación, página o contacto de la entidad cuya procedencia comprobaste; no basta que tenga un logotipo.""}"
C3-0120,amarillo,6,Separar el acceso del negocio,Responder y dar seguimiento,"Una secretaria descubre que un antiguo colaborador conserva acceso al sistema de cobros. La persona está dispuesta a pedir ayuda y puede usar un canal oficial. Necesita decidir qué hacer ahora sin ampliar la exposición.

¿Qué decisión es la más adecuada con la información disponible?",Mantener acceso completo a quien ya no trabaja allí por si regresa.,"Revocar ese acceso, revisar actividad y cambiar secretos que hayan sido compartidos.",Compartir la clave del dueño para evitar configurar usuarios.,Enviar por chat el código de acceso cada vez que alguien lo pida.,B,"Revocar ese acceso, revisar actividad y cambiar secretos que hayan sido compartidos. Separar usuarios y permisos reduce errores y limita lo que puede hacer una cuenta expuesta. No todos los servicios ofrecen varios usuarios; si no existen, hay que acordar un procedimiento que evite compartir secretos sin control.","{""contraseña"": ""Secreto que permite entrar a una cuenta. No debe entregarse a quien lo pida por un mensaje o llamada inesperada."", ""permisos"": ""Autorizaciones para que una aplicación use funciones o datos, como ubicación, cámara, fotos o contactos."", ""revocar"": ""Retirar una autorización que se había concedido."", ""canal oficial"": ""Aplicación, página o contacto de la entidad cuya procedencia comprobaste; no basta que tenga un logotipo.""}"
C3-0121,naranja,7,Actualizaciones desde los ajustes,Decidir antes de actuar,"Una página anuncia una actualización urgente del celular y ofrece un archivo para instalarla. La persona puede pedir ayuda de confianza; no necesita probar a solas acciones que no comprende.

¿Qué decisión es la más adecuada con la información disponible?",Cerrar la página y buscar actualizaciones desde los ajustes del equipo o su tienda oficial.,Desactivar la protección si impide abrir la supuesta actualización.,Enviar la contraseña de la cuenta al anunciante para que actualice a distancia.,Instalar el archivo porque el aviso dice «obligatorio».,A,"Cerrar la página y buscar actualizaciones desde los ajustes del equipo o su tienda oficial. Las actualizaciones corrigen fallos, pero un anuncio puede imitar ese proceso para distribuir un programa dañino. Actualizar reduce fallos conocidos, pero no reemplaza la revisión de mensajes ni convierte toda descarga en segura.","{""contraseña"": ""Secreto que permite entrar a una cuenta. No debe entregarse a quien lo pida por un mensaje o llamada inesperada."", ""permisos"": ""Autorizaciones para que una aplicación use funciones o datos, como ubicación, cámara, fotos o contactos.""}"
C3-0122,naranja,7,Origen de las aplicaciones,Decidir antes de actuar,"Un enlace promete una aplicación de mensajería con funciones secretas y pide instalarla fuera de la tienda habitual. La persona puede pedir ayuda de confianza; no necesita probar a solas acciones que no comprende.

¿Qué decisión es la más adecuada con la información disponible?",Instalarla si la recomendó un contacto conocido.,No instalarla y buscar la aplicación oficial verificando quién la publica.,Instalarla primero en el teléfono de un familiar para ver si funciona.,Desactivar la restricción de instalaciones para probarla.,B,"No instalarla y buscar la aplicación oficial verificando quién la publica. Una descarga no verificada puede ocultar funciones dañinas; que parezca funcionar no demuestra que cuide tus datos. Una tienda oficial reduce ciertos riesgos, pero ninguna tienda garantiza que todas sus aplicaciones sean inofensivas.","{""permisos"": ""Autorizaciones para que una aplicación use funciones o datos, como ubicación, cámara, fotos o contactos.""}"
C3-0123,naranja,7,Permisos que no hacen falta,Decidir antes de actuar,"Una calculadora pide acceso a tus contactos y mensajes sin explicar para qué los necesita. La persona puede pedir ayuda de confianza; no necesita probar a solas acciones que no comprende.

¿Qué decisión es la más adecuada con la información disponible?",Permitir el acceso solo una vez pensando que no puede copiar datos en ese momento.,Dar permiso porque la aplicación tiene un icono conocido.,Aceptar todo porque de otro modo ninguna aplicación funciona.,Negar esos permisos y buscar una alternativa que no los requiera para calcular.,D,"Negar esos permisos y buscar una alternativa que no los requiera para calcular. Los permisos abren acceso a información o funciones; deben corresponder a la tarea que quieres realizar. Retirar un permiso corta accesos futuros, pero no borra automáticamente información que ya fue copiada.","{""permisos"": ""Autorizaciones para que una aplicación use funciones o datos, como ubicación, cámara, fotos o contactos.""}"
C3-0124,naranja,7,Acceso al micrófono,Decidir antes de actuar,"Una aplicación para ver descuentos solicita usar el micrófono de forma permanente y no explica la función. La persona puede pedir ayuda de confianza; no necesita probar a solas acciones que no comprende.

¿Qué decisión es la más adecuada con la información disponible?",Concederlo siempre porque la aplicación es gratuita.,Aceptar pensando que apagar el volumen impide grabar.,Autorizarlo porque otras aplicaciones también usan el micrófono.,Negar el permiso hasta entender su finalidad y buscar una opción menos invasiva.,D,Negar el permiso hasta entender su finalidad y buscar una opción menos invasiva. El micrófono puede captar audio; bajar el volumen del altavoz no controla ese permiso. Un permiso no prueba que haya espionaje; permite una capacidad que conviene limitar y comprender.,{}
C3-0125,naranja,7,Ubicación solo cuando hace falta,Decidir antes de actuar,"Una aplicación de clima pide saber tu ubicación precisa todo el tiempo, aunque permite elegir la ciudad manualmente. La persona puede pedir ayuda de confianza; no necesita probar a solas acciones que no comprende.

¿Qué decisión es la más adecuada con la información disponible?",Usar la ciudad manual o un permiso menos preciso y limitado al uso.,Dejar el permiso activo para todas las aplicaciones por comodidad.,Aceptar ubicación permanente porque el pronóstico nunca funciona sin ella.,Compartir también tu recorrido diario en una red pública.,A,"Usar la ciudad manual o un permiso menos preciso y limitado al uso. La ubicación precisa y continua puede revelar rutinas que no son necesarias para una consulta de clima. Compartir ubicación puede ser útil para cuidarse; la clave es elegir finalidad, destinatario y duración.","{""permisos"": ""Autorizaciones para que una aplicación use funciones o datos, como ubicación, cámara, fotos o contactos.""}"
C3-0126,naranja,7,Acceso a fotos y documentos,Decidir antes de actuar,"Una aplicación para imprimir un archivo solicita ver toda tu galería cuando solo necesitas una factura. La persona puede pedir ayuda de confianza; no necesita probar a solas acciones que no comprende.

¿Qué decisión es la más adecuada con la información disponible?",Dar acceso total porque imprimir una factura requiere todas las fotos. Enviar más archivos de los necesarios mejora automáticamente la privacidad.,Usar una carpeta compartida públicamente para evitar seleccionar documentos.,Seleccionar únicamente el archivo necesario si existe esa opción.,Enviar toda la galería al impresor para que busque el archivo.,C,"Seleccionar únicamente el archivo necesario si existe esa opción. Limitar el acceso reduce la información ajena a la tarea que queda expuesta. Pedir borrar una copia ayuda, pero no permite confirmar por sí solo que no existan otras copias.","{""permisos"": ""Autorizaciones para que una aplicación use funciones o datos, como ubicación, cámara, fotos o contactos.""}"
C3-0127,naranja,7,Asistencia remota y control del equipo,Decidir antes de actuar,"Una persona que te llamó sin aviso pide instalar una herramienta con la que podrá manejar tu computadora. La persona puede pedir ayuda de confianza; no necesita probar a solas acciones que no comprende.

¿Qué decisión es la más adecuada con la información disponible?",Autorizarlo si la herramienta es de una marca reconocida.,Dejar al supuesto técnico operar mientras sales a trabajar. Observar la pantalla impide que alguien copie datos.,Abrir la banca para que pruebe si el equipo ya funciona.,No conceder el acceso y verificar la asistencia con el soporte que conoces.,D,"No conceder el acceso y verificar la asistencia con el soporte que conoces. Una herramienta legítima puede permitir acciones peligrosas cuando se entrega el control a una persona no verificada. El acceso remoto no es malo por sí mismo; importa quién lo recibe, para qué y durante cuánto tiempo.","{""permisos"": ""Autorizaciones para que una aplicación use funciones o datos, como ubicación, cámara, fotos o contactos."", ""acceso remoto"": ""Capacidad de ver o manejar un equipo desde otro lugar. Debe darse solo a quien esté verificado y para una tarea acordada."", ""revocar"": ""Retirar una autorización que se había concedido.""}"
C3-0128,naranja,7,Archivos de Windows disfrazados,Decidir antes de actuar,"En una computadora con Windows llega un adjunto llamado presupuesto.pdf.exe de un proveedor que no esperabas. La persona puede pedir ayuda de confianza; no necesita probar a solas acciones que no comprende.

¿Qué decisión es la más adecuada con la información disponible?",Desactivar la protección que impide ejecutarlo.,No ejecutarlo y confirmar el envío con el proveedor por un contacto conocido.,Abrirlo porque el nombre incluye «pdf». Cambiar el nombre de un archivo modifica automáticamente su contenido.,Cambiarle el nombre y abrirlo suponiendo que así será un documento.,B,No ejecutarlo y confirmar el envío con el proveedor por un contacto conocido. La terminación .exe identifica un programa de Windows; incluir «pdf» en el nombre no lo convierte en un documento. Un .exe de Windows no se ejecuta normalmente como aplicación nativa en Android o iPhone; el contexto del equipo importa.,"{""Windows"": ""Sistema que utilizan muchas computadoras; sus programas .exe no son aplicaciones nativas de un teléfono Android o iPhone.""}"
C3-0129,naranja,7,Instaladores enviados por chat,Decidir antes de actuar,"Un mensaje ofrece una aplicación de bonos en un archivo APK y pide habilitar instalaciones desconocidas en Android. La persona puede pedir ayuda de confianza; no necesita probar a solas acciones que no comprende.

¿Qué decisión es la más adecuada con la información disponible?",No instalarlo y consultar el bono en el canal oficial de la entidad.,Habilitar la instalación porque el archivo llegó por mensajería.,Instalarlo si ocupa poco espacio.,Aceptar todos los avisos hasta ver si aparece el bono.,A,"No instalarlo y consultar el bono en el canal oficial de la entidad. APK significa paquete de aplicación de Android; puede instalar una aplicación y no es solo una imagen o formulario. La extensión describe el tipo de archivo; la procedencia, los permisos y su comportamiento determinan el riesgo. APK: Paquete de aplicación de Android (Android Package): archivo que permite instalar una aplicación de Android; su tipo no garantiza seguridad.","{""canal oficial"": ""Aplicación, página o contacto de la entidad cuya procedencia comprobaste; no basta que tenga un logotipo."", ""permisos"": ""Autorizaciones para que una aplicación use funciones o datos, como ubicación, cámara, fotos o contactos."", ""APK"": ""Paquete de aplicación de Android (Android Package): archivo que permite instalar una aplicación de Android; su tipo no garantiza seguridad.""}"
C3-0130,naranja,7,Avisos de sitios dentro del navegador,Decidir antes de actuar,"Una página para consultar recetas pide permiso para enviarte notificaciones y luego promete avisos de premios. La persona puede pedir ayuda de confianza; no necesita probar a solas acciones que no comprende.

¿Qué decisión es la más adecuada con la información disponible?",No permitirlas si no las necesitas y cerrar la oferta de premios no verificada.,Pulsar «permitir» en todos los sitios para evitar que vuelvan a preguntar.,Confiar en cualquier aviso posterior porque aparecerá en el teléfono.,Aceptar notificaciones porque no equivalen a instalar una aplicación.,A,No permitirlas si no las necesitas y cerrar la oferta de premios no verificada. Los sitios con permiso pueden enviar avisos que parecen del teléfono y usarlos para presentar engaños. Recibir avisos molestos no demuestra por sí solo una infección; conviene distinguir permiso de notificaciones e instalación de programas.,"{""permisos"": ""Autorizaciones para que una aplicación use funciones o datos, como ubicación, cámara, fotos o contactos.""}"
C3-0131,naranja,7,Accesibilidad con permisos amplios,Decidir antes de actuar,"Una aplicación de descuentos pide activar un servicio de accesibilidad para leer la pantalla y pulsar botones por ti. La persona puede pedir ayuda de confianza; no necesita probar a solas acciones que no comprende.

¿Qué decisión es la más adecuada con la información disponible?",Activarlo porque el nombre «accesibilidad» garantiza seguridad.,No conceder ese acceso si no existe una función necesaria y verificada que lo justifique.,Aceptar para probar la promoción y retirarlo después.,Desactivar advertencias para terminar la configuración más rápido.,B,"No conceder ese acceso si no existe una función necesaria y verificada que lo justifique. Algunos permisos de accesibilidad permiten observar o controlar acciones; son útiles, pero demasiado amplios para un descuento sin justificación. Las funciones de accesibilidad son valiosas; el riesgo está en conceder capacidades amplias a aplicaciones no verificadas.","{""permisos"": ""Autorizaciones para que una aplicación use funciones o datos, como ubicación, cámara, fotos o contactos.""}"
C3-0132,naranja,7,Lentitud no es un diagnóstico,Decidir antes de actuar,"Tu teléfono se calienta y funciona lento después de muchas horas de uso; un anuncio afirma que eso demuestra espionaje. La persona puede pedir ayuda de confianza; no necesita probar a solas acciones que no comprende.

¿Qué decisión es la más adecuada con la información disponible?",Declarar que todas tus cuentas fueron robadas solo por la lentitud.,Comprar el limpiador del anuncio para resolver el supuesto espionaje.,"Revisar almacenamiento, aplicaciones y actualizaciones con herramientas conocidas antes de sacar conclusiones.",Entregar el control remoto al anunciante para que haga un diagnóstico gratuito.,C,"Revisar almacenamiento, aplicaciones y actualizaciones con herramientas conocidas antes de sacar conclusiones. La lentitud o el calor tienen varias causas; por sí solos no identifican un programa espía. Conviene investigar señales concretas sin alarmar: ni la lentitud confirma infección ni la velocidad la descarta.","{""permisos"": ""Autorizaciones para que una aplicación use funciones o datos, como ubicación, cámara, fotos o contactos.""}"
C3-0133,naranja,7,Memorias y accesorios encontrados,Decidir antes de actuar,"Encuentras una memoria de almacenamiento con la etiqueta «sueldos» cerca del taller y te da curiosidad abrirla. La persona puede pedir ayuda de confianza; no necesita probar a solas acciones que no comprende.

¿Qué decisión es la más adecuada con la información disponible?",No conectarla y entregarla al responsable del lugar o al soporte conocido.,Abrirla en la computadora del negocio para identificar al dueño.,Conectarla al equipo de un compañero como prueba.,Copiar primero todos sus archivos por si se pierde información.,A,"No conectarla y entregarla al responsable del lugar o al soporte conocido. Un dispositivo desconocido puede contener archivos dañinos o actuar de formas no esperadas al conectarlo. No toda memoria encontrada es maliciosa, pero un usuario sin medios de revisión no necesita conectarla para comprobarlo.",{}
C3-0141,naranja,8,Actualizaciones desde los ajustes,Aplicar en otro contexto,"Una cocinera recibe una supuesta actualización del programa de facturas como archivo adjunto inesperado. La persona puede pedir ayuda de confianza; no necesita probar a solas acciones que no comprende.

¿Qué decisión es la más adecuada con la información disponible?",Instalar el archivo porque el aviso dice «obligatorio».,Consultar al proveedor conocido y actualizar desde el mecanismo habitual del programa.,Desactivar la protección si impide abrir la supuesta actualización.,Enviar la contraseña de la cuenta al anunciante para que actualice a distancia.,B,"Consultar al proveedor conocido y actualizar desde el mecanismo habitual del programa. Las actualizaciones corrigen fallos, pero un anuncio puede imitar ese proceso para distribuir un programa dañino. Actualizar reduce fallos conocidos, pero no reemplaza la revisión de mensajes ni convierte toda descarga en segura.","{""contraseña"": ""Secreto que permite entrar a una cuenta. No debe entregarse a quien lo pida por un mensaje o llamada inesperada."", ""permisos"": ""Autorizaciones para que una aplicación use funciones o datos, como ubicación, cámara, fotos o contactos.""}"
C3-0142,naranja,8,Origen de las aplicaciones,Aplicar en otro contexto,"Un agricultor encuentra dos aplicaciones con el mismo nombre de su cooperativa y distintos desarrolladores. La persona puede pedir ayuda de confianza; no necesita probar a solas acciones que no comprende.

¿Qué decisión es la más adecuada con la información disponible?",Confirmar con la cooperativa cuál es la aplicación legítima antes de instalar cualquiera.,Instalarla primero en el teléfono de un familiar para ver si funciona.,Desactivar la restricción de instalaciones para probarla.,Instalarla si la recomendó un contacto conocido.,A,"Confirmar con la cooperativa cuál es la aplicación legítima antes de instalar cualquiera. Una descarga no verificada puede ocultar funciones dañinas; que parezca funcionar no demuestra que cuide tus datos. Una tienda oficial reduce ciertos riesgos, pero ninguna tienda garantiza que todas sus aplicaciones sean inofensivas.","{""permisos"": ""Autorizaciones para que una aplicación use funciones o datos, como ubicación, cámara, fotos o contactos.""}"
C3-0143,naranja,8,Permisos que no hacen falta,Aplicar en otro contexto,"Un soldador usa una aplicación para medir piezas que pide ver todas sus fotos aunque solo necesita una imagen. La persona puede pedir ayuda de confianza; no necesita probar a solas acciones que no comprende.

¿Qué decisión es la más adecuada con la información disponible?",Permitir el acceso solo una vez pensando que no puede copiar datos en ese momento.,Aceptar todo porque de otro modo ninguna aplicación funciona.,Elegir acceso limitado a la foto necesaria si existe o una alternativa con menos permisos.,Dar permiso porque la aplicación tiene un icono conocido.,C,"Elegir acceso limitado a la foto necesaria si existe o una alternativa con menos permisos. Los permisos abren acceso a información o funciones; deben corresponder a la tarea que quieres realizar. Retirar un permiso corta accesos futuros, pero no borra automáticamente información que ya fue copiada.","{""permisos"": ""Autorizaciones para que una aplicación use funciones o datos, como ubicación, cámara, fotos o contactos.""}"
C3-0144,naranja,8,Acceso al micrófono,Aplicar en otro contexto,"Un agricultor quiere enviar una consulta por voz a un servicio legítimo, pero no quiere acceso continuo al micrófono. La persona puede pedir ayuda de confianza; no necesita probar a solas acciones que no comprende.

¿Qué decisión es la más adecuada con la información disponible?",Autorizarlo porque otras aplicaciones también usan el micrófono.,Concederlo siempre porque la aplicación es gratuita.,Permitirlo solo durante el uso si el equipo ofrece esa opción y cerrarlo al terminar.,Aceptar pensando que apagar el volumen impide grabar. Una aplicación gratuita puede pedir cualquier permiso sin explicación.,C,Permitirlo solo durante el uso si el equipo ofrece esa opción y cerrarlo al terminar. El micrófono puede captar audio; bajar el volumen del altavoz no controla ese permiso. Un permiso no prueba que haya espionaje; permite una capacidad que conviene limitar y comprender.,{}
C3-0145,naranja,8,Ubicación solo cuando hace falta,Aplicar en otro contexto,"Un agricultor comparte su ubicación con un familiar para llegar a una finca, pero el viaje ya terminó. La persona puede pedir ayuda de confianza; no necesita probar a solas acciones que no comprende.

¿Qué decisión es la más adecuada con la información disponible?",Dejar el permiso activo para todas las aplicaciones por comodidad.,Finalizar la ubicación en vivo cuando ya no sea necesaria.,Aceptar ubicación permanente porque el pronóstico nunca funciona sin ella.,Compartir también tu recorrido diario en una red pública.,B,"Finalizar la ubicación en vivo cuando ya no sea necesaria. La ubicación precisa y continua puede revelar rutinas que no son necesarias para una consulta de clima. Compartir ubicación puede ser útil para cuidarse; la clave es elegir finalidad, destinatario y duración.","{""permisos"": ""Autorizaciones para que una aplicación use funciones o datos, como ubicación, cámara, fotos o contactos.""}"
C3-0146,naranja,8,Acceso a fotos y documentos,Aplicar en otro contexto,"Una cocinera debe mandar una receta y el selector incluye también fotos de documentos de sus clientes. La persona puede pedir ayuda de confianza; no necesita probar a solas acciones que no comprende.

¿Qué decisión es la más adecuada con la información disponible?",Dar acceso total porque imprimir una factura requiere todas las fotos.,Enviar toda la galería al impresor para que busque el archivo.,Usar una carpeta compartida públicamente para evitar seleccionar documentos.,Revisar la selección y enviar solo la receta necesaria.,D,"Revisar la selección y enviar solo la receta necesaria. Limitar el acceso reduce la información ajena a la tarea que queda expuesta. Pedir borrar una copia ayuda, pero no permite confirmar por sí solo que no existan otras copias.","{""permisos"": ""Autorizaciones para que una aplicación use funciones o datos, como ubicación, cámara, fotos o contactos.""}"
C3-0147,naranja,8,Asistencia remota y control del equipo,Aplicar en otro contexto,"Una asociación agrícola agenda soporte real, pero el técnico pide quedarse con acceso permanente después de terminar. La persona puede pedir ayuda de confianza; no necesita probar a solas acciones que no comprende.

¿Qué decisión es la más adecuada con la información disponible?",Abrir la banca para que pruebe si el equipo ya funciona.,Dejar al supuesto técnico operar mientras sales a trabajar.,Autorizarlo si la herramienta es de una marca reconocida.,Confirmar la necesidad con la asociación y revocar el permiso si no está justificado y autorizado.,D,"Confirmar la necesidad con la asociación y revocar el permiso si no está justificado y autorizado. Una herramienta legítima puede permitir acciones peligrosas cuando se entrega el control a una persona no verificada. El acceso remoto no es malo por sí mismo; importa quién lo recibe, para qué y durante cuánto tiempo.","{""permisos"": ""Autorizaciones para que una aplicación use funciones o datos, como ubicación, cámara, fotos o contactos."", ""acceso remoto"": ""Capacidad de ver o manejar un equipo desde otro lugar. Debe darse solo a quien esté verificado y para una tarea acordada."", ""revocar"": ""Retirar una autorización que se había concedido.""}"
C3-0148,naranja,8,Archivos de Windows disfrazados,Aplicar en otro contexto,"Un agricultor recibe el mismo archivo .exe en su celular Android y alguien afirma que es una actualización obligatoria del teléfono. La persona puede pedir ayuda de confianza; no necesita probar a solas acciones que no comprende.

¿Qué decisión es la más adecuada con la información disponible?",Desactivar la protección que impide ejecutarlo.,Cambiarle el nombre y abrirlo suponiendo que así será un documento.,Abrirlo porque el nombre incluye «pdf».,No intentar instalarlo ni buscar cómo ejecutarlo; confirmar el envío y actualizar desde los ajustes oficiales.,D,No intentar instalarlo ni buscar cómo ejecutarlo; confirmar el envío y actualizar desde los ajustes oficiales. La terminación .exe identifica un programa de Windows; incluir «pdf» en el nombre no lo convierte en un documento. Un .exe de Windows no se ejecuta normalmente como aplicación nativa en Android o iPhone; el contexto del equipo importa.,"{""Windows"": ""Sistema que utilizan muchas computadoras; sus programas .exe no son aplicaciones nativas de un teléfono Android o iPhone.""}"
C3-0149,naranja,8,Instaladores enviados por chat,Aplicar en otro contexto,"Un chofer recibe por chat una supuesta aplicación obligatoria de multas de tránsito en forma de instalador. La persona puede pedir ayuda de confianza; no necesita probar a solas acciones que no comprende.

¿Qué decisión es la más adecuada con la información disponible?",Aceptar todos los avisos hasta ver si aparece el bono.,Habilitar la instalación porque el archivo llegó por mensajería.,Instalarlo si ocupa poco espacio.,Consultar la exigencia directamente con la institución y no instalar el adjunto recibido.,D,"Consultar la exigencia directamente con la institución y no instalar el adjunto recibido. APK significa paquete de aplicación de Android; puede instalar una aplicación y no es solo una imagen o formulario. La extensión describe el tipo de archivo; la procedencia, los permisos y su comportamiento determinan el riesgo. APK: Paquete de aplicación de Android (Android Package): archivo que permite instalar una aplicación de Android; su tipo no garantiza seguridad.","{""canal oficial"": ""Aplicación, página o contacto de la entidad cuya procedencia comprobaste; no basta que tenga un logotipo."", ""permisos"": ""Autorizaciones para que una aplicación use funciones o datos, como ubicación, cámara, fotos o contactos."", ""APK"": ""Paquete de aplicación de Android (Android Package): archivo que permite instalar una aplicación de Android; su tipo no garantiza seguridad.""}"
C3-0150,naranja,8,Avisos de sitios dentro del navegador,Aplicar en otro contexto,"Una secretaria ve avisos comerciales en la computadora compartida después de visitar un portal desconocido. La persona puede pedir ayuda de confianza; no necesita probar a solas acciones que no comprende.

¿Qué decisión es la más adecuada con la información disponible?",Identificar y retirar los permisos del sitio con ayuda del soporte conocido si lo necesita.,Aceptar notificaciones porque no equivalen a instalar una aplicación.,Confiar en cualquier aviso posterior porque aparecerá en el teléfono.,Pulsar «permitir» en todos los sitios para evitar que vuelvan a preguntar.,A,Identificar y retirar los permisos del sitio con ayuda del soporte conocido si lo necesita. Los sitios con permiso pueden enviar avisos que parecen del teléfono y usarlos para presentar engaños. Recibir avisos molestos no demuestra por sí solo una infección; conviene distinguir permiso de notificaciones e instalación de programas.,"{""permisos"": ""Autorizaciones para que una aplicación use funciones o datos, como ubicación, cámara, fotos o contactos.""}"
C3-0151,naranja,8,Accesibilidad con permisos amplios,Aplicar en otro contexto,"Una persona con baja visión necesita un lector de pantalla para usar su teléfono. La persona puede pedir ayuda de confianza; no necesita probar a solas acciones que no comprende.

¿Qué decisión es la más adecuada con la información disponible?",Activarlo porque el nombre «accesibilidad» garantiza seguridad.,Desactivar advertencias para terminar la configuración más rápido.,"Configurar con ayuda una opción confiable adecuada a su necesidad, conservando su control y privacidad.",Aceptar para probar la promoción y retirarlo después.,C,"Configurar con ayuda una opción confiable adecuada a su necesidad, conservando su control y privacidad. Algunos permisos de accesibilidad permiten observar o controlar acciones; son útiles, pero demasiado amplios para un descuento sin justificación. Las funciones de accesibilidad son valiosas; el riesgo está en conceder capacidades amplias a aplicaciones no verificadas.","{""permisos"": ""Autorizaciones para que una aplicación use funciones o datos, como ubicación, cámara, fotos o contactos.""}"
C3-0152,naranja,8,Lentitud no es un diagnóstico,Aplicar en otro contexto,"Un chofer siente que el teléfono se calienta al navegar con mapas durante un viaje largo. La persona puede pedir ayuda de confianza; no necesita probar a solas acciones que no comprende.

¿Qué decisión es la más adecuada con la información disponible?",Declarar que todas tus cuentas fueron robadas solo por la lentitud.,"Detenerse en un lugar seguro, revisar las condiciones de uso y no instalar limpiadores anunciados por páginas.",Entregar el control remoto al anunciante para que haga un diagnóstico gratuito.,Comprar el limpiador del anuncio para resolver el supuesto espionaje.,B,"Detenerse en un lugar seguro, revisar las condiciones de uso y no instalar limpiadores anunciados por páginas. La lentitud o el calor tienen varias causas; por sí solos no identifican un programa espía. Conviene investigar señales concretas sin alarmar: ni la lentitud confirma infección ni la velocidad la descarta.","{""permisos"": ""Autorizaciones para que una aplicación use funciones o datos, como ubicación, cámara, fotos o contactos.""}"
C3-0153,naranja,8,Memorias y accesorios encontrados,Aplicar en otro contexto,"Un agricultor recibe de un desconocido una memoria con un supuesto catálogo y un programa que debe instalar para verlo. La persona puede pedir ayuda de confianza; no necesita probar a solas acciones que no comprende.

¿Qué decisión es la más adecuada con la información disponible?",Pedir el catálogo por un canal verificado sin ejecutar el programa de la memoria.,Copiar primero todos sus archivos por si se pierde información.,Conectarla al equipo de un compañero como prueba.,Abrirla en la computadora del negocio para identificar al dueño.,A,"Pedir el catálogo por un canal verificado sin ejecutar el programa de la memoria. Un dispositivo desconocido puede contener archivos dañinos o actuar de formas no esperadas al conectarlo. No toda memoria encontrada es maliciosa, pero un usuario sin medios de revisión no necesita conectarla para comprobarlo.",{}
C3-0161,naranja,9,Actualizaciones desde los ajustes,Responder y dar seguimiento,"Un chofer instaló la actualización de un anuncio y después el teléfono muestra una aplicación que no reconoce. La persona está dispuesta a pedir ayuda y puede usar un canal oficial. Necesita decidir qué hacer ahora sin ampliar la exposición.

¿Qué decisión es la más adecuada con la información disponible?",Desactivar la protección si impide abrir la supuesta actualización.,Instalar el archivo porque el aviso dice «obligatorio».,Evitar operaciones sensibles y pedir ayuda confiable para revisar y retirar lo instalado.,Enviar la contraseña de la cuenta al anunciante para que actualice a distancia.,C,"Evitar operaciones sensibles y pedir ayuda confiable para revisar y retirar lo instalado. Las actualizaciones corrigen fallos, pero un anuncio puede imitar ese proceso para distribuir un programa dañino. Actualizar reduce fallos conocidos, pero no reemplaza la revisión de mensajes ni convierte toda descarga en segura.","{""contraseña"": ""Secreto que permite entrar a una cuenta. No debe entregarse a quien lo pida por un mensaje o llamada inesperada."", ""permisos"": ""Autorizaciones para que una aplicación use funciones o datos, como ubicación, cámara, fotos o contactos."", ""canal oficial"": ""Aplicación, página o contacto de la entidad cuya procedencia comprobaste; no basta que tenga un logotipo.""}"
C3-0162,naranja,9,Origen de las aplicaciones,Responder y dar seguimiento,"Una tendera instaló una aplicación desconocida y luego recibió solicitudes extrañas de acceso bancario. La persona está dispuesta a pedir ayuda y puede usar un canal oficial. Necesita decidir qué hacer ahora sin ampliar la exposición.

¿Qué decisión es la más adecuada con la información disponible?",Desactivar la restricción de instalaciones para probarla.,Instalarla primero en el teléfono de un familiar para ver si funciona.,"Dejar de usar ese equipo para banca, consultar al banco desde otro equipo confiable y buscar revisión técnica.",Instalarla si la recomendó un contacto conocido.,C,"Dejar de usar ese equipo para banca, consultar al banco desde otro equipo confiable y buscar revisión técnica. Una descarga no verificada puede ocultar funciones dañinas; que parezca funcionar no demuestra que cuide tus datos. Una tienda oficial reduce ciertos riesgos, pero ninguna tienda garantiza que todas sus aplicaciones sean inofensivas.","{""permisos"": ""Autorizaciones para que una aplicación use funciones o datos, como ubicación, cámara, fotos o contactos."", ""canal oficial"": ""Aplicación, página o contacto de la entidad cuya procedencia comprobaste; no basta que tenga un logotipo.""}"
C3-0163,naranja,9,Permisos que no hacen falta,Responder y dar seguimiento,"Una cocinera dio acceso a sus contactos a una aplicación de préstamos y estos empezaron a recibir amenazas. La persona está dispuesta a pedir ayuda y puede usar un canal oficial. Necesita decidir qué hacer ahora sin ampliar la exposición.

¿Qué decisión es la más adecuada con la información disponible?",Dar permiso porque la aplicación tiene un icono conocido.,"Retirar permisos, buscar ayuda para revisar la aplicación y guardar pruebas de las amenazas sin enviar más datos.",Aceptar todo porque de otro modo ninguna aplicación funciona.,Permitir el acceso solo una vez pensando que no puede copiar datos en ese momento.,B,"Retirar permisos, buscar ayuda para revisar la aplicación y guardar pruebas de las amenazas sin enviar más datos. Los permisos abren acceso a información o funciones; deben corresponder a la tarea que quieres realizar. Retirar un permiso corta accesos futuros, pero no borra automáticamente información que ya fue copiada.","{""permisos"": ""Autorizaciones para que una aplicación use funciones o datos, como ubicación, cámara, fotos o contactos."", ""canal oficial"": ""Aplicación, página o contacto de la entidad cuya procedencia comprobaste; no basta que tenga un logotipo.""}"
C3-0164,naranja,9,Acceso al micrófono,Responder y dar seguimiento,"Una secretaria descubre permiso permanente de micrófono en una aplicación que ya no utiliza. La persona está dispuesta a pedir ayuda y puede usar un canal oficial. Necesita decidir qué hacer ahora sin ampliar la exposición.

¿Qué decisión es la más adecuada con la información disponible?",Concederlo siempre porque la aplicación es gratuita.,Aceptar pensando que apagar el volumen impide grabar. Una aplicación gratuita puede pedir cualquier permiso sin explicación.,Autorizarlo porque otras aplicaciones también usan el micrófono.,Retirar el permiso o desinstalar la aplicación si no la necesita y revisar otros accesos.,D,Retirar el permiso o desinstalar la aplicación si no la necesita y revisar otros accesos. El micrófono puede captar audio; bajar el volumen del altavoz no controla ese permiso. Un permiso no prueba que haya espionaje; permite una capacidad que conviene limitar y comprender.,"{""canal oficial"": ""Aplicación, página o contacto de la entidad cuya procedencia comprobaste; no basta que tenga un logotipo.""}"
C3-0165,naranja,9,Ubicación solo cuando hace falta,Responder y dar seguimiento,"Una chofer descubrió que había dejado un enlace de ubicación en vivo abierto a un grupo amplio. La persona está dispuesta a pedir ayuda y puede usar un canal oficial. Necesita decidir qué hacer ahora sin ampliar la exposición.

¿Qué decisión es la más adecuada con la información disponible?",Dejar el permiso activo para todas las aplicaciones por comodidad.,Aceptar ubicación permanente porque el pronóstico nunca funciona sin ella.,"Detener el enlace y revisar quién podía verlo, sin publicar nuevamente su ubicación para aclararlo.",Compartir también tu recorrido diario en una red pública.,C,"Detener el enlace y revisar quién podía verlo, sin publicar nuevamente su ubicación para aclararlo. La ubicación precisa y continua puede revelar rutinas que no son necesarias para una consulta de clima. Compartir ubicación puede ser útil para cuidarse; la clave es elegir finalidad, destinatario y duración.","{""permisos"": ""Autorizaciones para que una aplicación use funciones o datos, como ubicación, cámara, fotos o contactos."", ""canal oficial"": ""Aplicación, página o contacto de la entidad cuya procedencia comprobaste; no basta que tenga un logotipo.""}"
C3-0166,naranja,9,Acceso a fotos y documentos,Responder y dar seguimiento,"Una secretaria envió una carpeta completa con facturas y documentos personales a un proveedor. La persona está dispuesta a pedir ayuda y puede usar un canal oficial. Necesita decidir qué hacer ahora sin ampliar la exposición.

¿Qué decisión es la más adecuada con la información disponible?",Enviar toda la galería al impresor para que busque el archivo.,"Retirar el acceso donde sea posible y pedir la eliminación de lo enviado por error, identificando qué datos se expusieron.",Dar acceso total porque imprimir una factura requiere todas las fotos.,Usar una carpeta compartida públicamente para evitar seleccionar documentos.,B,"Retirar el acceso donde sea posible y pedir la eliminación de lo enviado por error, identificando qué datos se expusieron. Limitar el acceso reduce la información ajena a la tarea que queda expuesta. Pedir borrar una copia ayuda, pero no permite confirmar por sí solo que no existan otras copias.","{""permisos"": ""Autorizaciones para que una aplicación use funciones o datos, como ubicación, cámara, fotos o contactos."", ""canal oficial"": ""Aplicación, página o contacto de la entidad cuya procedencia comprobaste; no basta que tenga un logotipo.""}"
C3-0167,naranja,9,Asistencia remota y control del equipo,Responder y dar seguimiento,"Un soldador permitió control remoto y vio que el desconocido abrió archivos personales. La persona está dispuesta a pedir ayuda y puede usar un canal oficial. Necesita decidir qué hacer ahora sin ampliar la exposición.

¿Qué decisión es la más adecuada con la información disponible?",Autorizarlo si la herramienta es de una marca reconocida.,Dejar al supuesto técnico operar mientras sales a trabajar.,"Cortar la conexión, retirar el acceso con ayuda confiable y proteger las cuentas posiblemente expuestas desde otro equipo seguro.",Abrir la banca para que pruebe si el equipo ya funciona.,C,"Cortar la conexión, retirar el acceso con ayuda confiable y proteger las cuentas posiblemente expuestas desde otro equipo seguro. Una herramienta legítima puede permitir acciones peligrosas cuando se entrega el control a una persona no verificada. El acceso remoto no es malo por sí mismo; importa quién lo recibe, para qué y durante cuánto tiempo.","{""permisos"": ""Autorizaciones para que una aplicación use funciones o datos, como ubicación, cámara, fotos o contactos."", ""acceso remoto"": ""Capacidad de ver o manejar un equipo desde otro lugar. Debe darse solo a quien esté verificado y para una tarea acordada."", ""revocar"": ""Retirar una autorización que se había concedido."", ""canal oficial"": ""Aplicación, página o contacto de la entidad cuya procedencia comprobaste; no basta que tenga un logotipo.""}"
C3-0168,naranja,9,Archivos de Windows disfrazados,Responder y dar seguimiento,"Una secretaria ejecutó ese adjunto en Windows y comenzaron a abrirse ventanas y programas desconocidos. La persona está dispuesta a pedir ayuda y puede usar un canal oficial. Necesita decidir qué hacer ahora sin ampliar la exposición.

¿Qué decisión es la más adecuada con la información disponible?",Cambiarle el nombre y abrirlo suponiendo que así será un documento.,Abrirlo porque el nombre incluye «pdf».,Desconectar el equipo de la red y contactar al soporte conocido para revisar el posible programa dañino.,Desactivar la protección que impide ejecutarlo.,C,Desconectar el equipo de la red y contactar al soporte conocido para revisar el posible programa dañino. La terminación .exe identifica un programa de Windows; incluir «pdf» en el nombre no lo convierte en un documento. Un .exe de Windows no se ejecuta normalmente como aplicación nativa en Android o iPhone; el contexto del equipo importa.,"{""Windows"": ""Sistema que utilizan muchas computadoras; sus programas .exe no son aplicaciones nativas de un teléfono Android o iPhone."", ""canal oficial"": ""Aplicación, página o contacto de la entidad cuya procedencia comprobaste; no basta que tenga un logotipo.""}"
C3-0169,naranja,9,Instaladores enviados por chat,Responder y dar seguimiento,"Una tendera instaló el archivo del bono y concedió acceso a mensajes. La persona está dispuesta a pedir ayuda y puede usar un canal oficial. Necesita decidir qué hacer ahora sin ampliar la exposición.

¿Qué decisión es la más adecuada con la información disponible?",Instalarlo si ocupa poco espacio.,Evitar usar cuentas sensibles en ese equipo y pedir revisión confiable de la aplicación y sus permisos.,Habilitar la instalación porque el archivo llegó por mensajería.,Aceptar todos los avisos hasta ver si aparece el bono.,B,"Evitar usar cuentas sensibles en ese equipo y pedir revisión confiable de la aplicación y sus permisos. APK significa paquete de aplicación de Android; puede instalar una aplicación y no es solo una imagen o formulario. La extensión describe el tipo de archivo; la procedencia, los permisos y su comportamiento determinan el riesgo. APK: Paquete de aplicación de Android (Android Package): archivo que permite instalar una aplicación de Android; su tipo no garantiza seguridad.","{""canal oficial"": ""Aplicación, página o contacto de la entidad cuya procedencia comprobaste; no basta que tenga un logotipo."", ""permisos"": ""Autorizaciones para que una aplicación use funciones o datos, como ubicación, cámara, fotos o contactos."", ""APK"": ""Paquete de aplicación de Android (Android Package): archivo que permite instalar una aplicación de Android; su tipo no garantiza seguridad.""}"
C3-0170,naranja,9,Avisos de sitios dentro del navegador,Responder y dar seguimiento,"Un cocinero aceptó avisos y ahora recibe falsas alertas de virus incluso después de cerrar la receta. La persona está dispuesta a pedir ayuda y puede usar un canal oficial. Necesita decidir qué hacer ahora sin ampliar la exposición.

¿Qué decisión es la más adecuada con la información disponible?",Pulsar «permitir» en todos los sitios para evitar que vuelvan a preguntar.,Retirar el permiso de notificación al sitio desde el navegador y no abrir los enlaces de las alertas.,Confiar en cualquier aviso posterior porque aparecerá en el teléfono.,Aceptar notificaciones porque no equivalen a instalar una aplicación.,B,Retirar el permiso de notificación al sitio desde el navegador y no abrir los enlaces de las alertas. Los sitios con permiso pueden enviar avisos que parecen del teléfono y usarlos para presentar engaños. Recibir avisos molestos no demuestra por sí solo una infección; conviene distinguir permiso de notificaciones e instalación de programas.,"{""permisos"": ""Autorizaciones para que una aplicación use funciones o datos, como ubicación, cámara, fotos o contactos."", ""canal oficial"": ""Aplicación, página o contacto de la entidad cuya procedencia comprobaste; no basta que tenga un logotipo.""}"
C3-0171,naranja,9,Accesibilidad con permisos amplios,Responder y dar seguimiento,"Un agricultor concedió ese permiso a una aplicación dudosa y notó acciones que no inició. La persona está dispuesta a pedir ayuda y puede usar un canal oficial. Necesita decidir qué hacer ahora sin ampliar la exposición.

¿Qué decisión es la más adecuada con la información disponible?",Aceptar para probar la promoción y retirarlo después.,Activarlo porque el nombre «accesibilidad» garantiza seguridad.,Desactivar advertencias para terminar la configuración más rápido.,Dejar de usar cuentas sensibles y pedir ayuda confiable para retirar el servicio y revisar el equipo.,D,"Dejar de usar cuentas sensibles y pedir ayuda confiable para retirar el servicio y revisar el equipo. Algunos permisos de accesibilidad permiten observar o controlar acciones; son útiles, pero demasiado amplios para un descuento sin justificación. Las funciones de accesibilidad son valiosas; el riesgo está en conceder capacidades amplias a aplicaciones no verificadas.","{""permisos"": ""Autorizaciones para que una aplicación use funciones o datos, como ubicación, cámara, fotos o contactos."", ""canal oficial"": ""Aplicación, página o contacto de la entidad cuya procedencia comprobaste; no basta que tenga un logotipo.""}"
C3-0172,naranja,9,Lentitud no es un diagnóstico,Responder y dar seguimiento,"Una tendera nota lentitud y además encuentra una aplicación desconocida con permisos sobre mensajes. La persona está dispuesta a pedir ayuda y puede usar un canal oficial. Necesita decidir qué hacer ahora sin ampliar la exposición.

¿Qué decisión es la más adecuada con la información disponible?",Comprar el limpiador del anuncio para resolver el supuesto espionaje. Un equipo lento siempre tiene un virus.,Buscar revisión confiable y evitar operaciones sensibles hasta aclarar esa aplicación y sus permisos.,Entregar el control remoto al anunciante para que haga un diagnóstico gratuito.,Declarar que todas tus cuentas fueron robadas solo por la lentitud.,B,Buscar revisión confiable y evitar operaciones sensibles hasta aclarar esa aplicación y sus permisos. La lentitud o el calor tienen varias causas; por sí solos no identifican un programa espía. Conviene investigar señales concretas sin alarmar: ni la lentitud confirma infección ni la velocidad la descarta.,"{""permisos"": ""Autorizaciones para que una aplicación use funciones o datos, como ubicación, cámara, fotos o contactos."", ""canal oficial"": ""Aplicación, página o contacto de la entidad cuya procedencia comprobaste; no basta que tenga un logotipo.""}"
C3-0173,naranja,9,Memorias y accesorios encontrados,Responder y dar seguimiento,"Una secretaria conectó una memoria desconocida y el sistema abrió una ventana de instalación inesperada. La persona está dispuesta a pedir ayuda y puede usar un canal oficial. Necesita decidir qué hacer ahora sin ampliar la exposición.

¿Qué decisión es la más adecuada con la información disponible?",Copiar primero todos sus archivos por si se pierde información.,No autorizar la instalación y avisar al soporte para evaluar qué ocurrió y cómo desconectarla con seguridad.,Abrirla en la computadora del negocio para identificar al dueño.,Conectarla al equipo de un compañero como prueba.,B,"No autorizar la instalación y avisar al soporte para evaluar qué ocurrió y cómo desconectarla con seguridad. Un dispositivo desconocido puede contener archivos dañinos o actuar de formas no esperadas al conectarlo. No toda memoria encontrada es maliciosa, pero un usuario sin medios de revisión no necesita conectarla para comprobarlo.","{""canal oficial"": ""Aplicación, página o contacto de la entidad cuya procedencia comprobaste; no basta que tenga un logotipo.""}"
C3-0134,verde,10,Copia de seguridad separada,Decidir antes de actuar,"Todas las fotos y las cuentas del negocio están solo en un teléfono que llevas a diario al trabajo. La persona puede pedir ayuda de confianza; no necesita probar a solas acciones que no comprende.

¿Qué decisión es la más adecuada con la información disponible?",Preparar una copia de seguridad protegida en otro lugar y comprobar que incluya los archivos importantes.,Crear una segunda carpeta dentro del mismo teléfono como única copia.,Confiar en que el teléfono no se dañará porque es nuevo.,Enviar todo a un grupo público para no perderlo.,A,"Preparar una copia de seguridad protegida en otro lugar y comprobar que incluya los archivos importantes. Una copia en el mismo equipo puede perderse con el original si el equipo se rompe, se pierde o es robado. Una copia ayuda a recuperar información; no evita que alguien robe o divulgue el original.","{""copia de seguridad"": ""Copia preparada para recuperar datos si los originales dejan de estar disponibles.""}"
C3-0135,verde,10,Sincronizar no siempre es respaldar,Decidir antes de actuar,"Una carpeta se sincroniza entre tu computadora y la nube: al borrar un archivo, también desaparece del otro lado. La persona puede pedir ayuda de confianza; no necesita probar a solas acciones que no comprende.

¿Qué decisión es la más adecuada con la información disponible?",Suponer que dos pantallas con el mismo archivo equivalen siempre a un respaldo independiente.,Vaciar la papelera sin revisar porque el archivo está «en la nube».,Comprobar si el servicio conserva versiones o papelera y preparar una copia independiente cuando sea necesario.,Dejar de hacer copias adicionales sin comprobar cómo funciona el servicio.,C,"Comprobar si el servicio conserva versiones o papelera y preparar una copia independiente cuando sea necesario. La sincronización puede repetir borrados o daños; un respaldo debe permitir recuperar una versión útil. Los servicios tienen comportamientos distintos; hay que comprobar cómo elimina, conserva y recupera archivos el que usas.","{""nube"": ""Servicio que guarda información en equipos del proveedor y permite acceder por internet; necesita protección y una cuenta."", ""sincronización"": ""Mantenimiento de cambios entre dispositivos o servicios. Puede repetir también un borrado.""}"
C3-0136,verde,10,Probar que la copia sirve,Decidir antes de actuar,"La aplicación dice que hizo una copia hace meses, pero has añadido facturas y fotos desde entonces. La persona puede pedir ayuda de confianza; no necesita probar a solas acciones que no comprende.

¿Qué decisión es la más adecuada con la información disponible?",Esperar a perder el equipo para aprender cómo se restauran los datos.,Confiar en el nombre «copia completa» sin abrir los detalles.,Borrar los originales antes de probar la recuperación.,"Comprobar la fecha, el contenido y la posibilidad de recuperar una muestra de archivos.",D,"Comprobar la fecha, el contenido y la posibilidad de recuperar una muestra de archivos. Una copia antigua, incompleta o inaccesible puede no servir cuando la necesites. Probar la recuperación forma parte del respaldo; no hace falta esperar a una emergencia para aprender los pasos.","{""contraseña"": ""Secreto que permite entrar a una cuenta. No debe entregarse a quien lo pida por un mensaje o llamada inesperada.""}"
C3-0137,verde,10,Carpetas compartidas por enlace,Decidir antes de actuar,"Para enviar una factura, creas un enlace que permite a cualquiera ver toda la carpeta de clientes. La persona puede pedir ayuda de confianza; no necesita probar a solas acciones que no comprende.

¿Qué decisión es la más adecuada con la información disponible?",Limitar el enlace al archivo y destinatario necesarios y revisar los permisos.,Compartir la carpeta completa porque el cliente solo buscará su factura.,Confiar en que un enlace largo no puede reenviarse.,Mantener permiso de edición para cualquiera por comodidad.,A,"Limitar el enlace al archivo y destinatario necesarios y revisar los permisos. Un enlace abierto puede circular fuera del destinatario inicial y exponer documentos de otras personas. Restringir un enlace corta acceso futuro, pero no retira copias que alguien ya descargó.","{""contraseña"": ""Secreto que permite entrar a una cuenta. No debe entregarse a quien lo pida por un mensaje o llamada inesperada."", ""permisos"": ""Autorizaciones para que una aplicación use funciones o datos, como ubicación, cámara, fotos o contactos."", ""revocar"": ""Retirar una autorización que se había concedido.""}"
C3-0138,verde,10,Dispositivos vinculados a mensajería,Decidir antes de actuar,"En los ajustes de tu mensajería aparece una computadora vinculada que no reconoces. La persona puede pedir ayuda de confianza; no necesita probar a solas acciones que no comprende.

¿Qué decisión es la más adecuada con la información disponible?",Cerrar ese acceso y revisar la seguridad de la cuenta por la aplicación oficial.,Compartir el código de registro con quien diga poder identificar la computadora.,Borrar solo la conversación más reciente para desconectar el equipo ajeno.,Ignorarlo porque tu teléfono sigue funcionando.,A,"Cerrar ese acceso y revisar la seguridad de la cuenta por la aplicación oficial. Un dispositivo vinculado puede tener acceso a mensajes según el servicio, aunque sigas usando tu teléfono. Cerrar un acceso no borra necesariamente mensajes que ya se hubieran visto o copiado.","{""permisos"": ""Autorizaciones para que una aplicación use funciones o datos, como ubicación, cámara, fotos o contactos.""}"
C3-0139,verde,10,Vender o entregar el teléfono,Decidir antes de actuar,"Vas a vender tu teléfono y piensas borrar únicamente las fotos visibles de la galería. La persona puede pedir ayuda de confianza; no necesita probar a solas acciones que no comprende.

¿Qué decisión es la más adecuada con la información disponible?",Dar tu contraseña al comprador para que él haga el borrado.,Entregarlo con tu cuenta abierta para que el comprador pruebe todo.,Borrar solo los iconos de las aplicaciones bancarias. Quitar un icono equivale siempre a borrar los datos y cerrar la cuenta.,"Hacer respaldo, transferir accesos necesarios y seguir el borrado y desvinculación indicados por el fabricante.",D,"Hacer respaldo, transferir accesos necesarios y seguir el borrado y desvinculación indicados por el fabricante. Eliminar fotos o iconos no borra todas las cuentas, sesiones y datos del equipo. El procedimiento depende del fabricante; borrar mal o demasiado pronto puede hacer perder datos o métodos de recuperación.","{""contraseña"": ""Secreto que permite entrar a una cuenta. No debe entregarse a quien lo pida por un mensaje o llamada inesperada.""}"
C3-0140,verde,10,Reparación del equipo,Decidir antes de actuar,"Un taller pide todas tus contraseñas para cambiar la pantalla del teléfono. La persona puede pedir ayuda de confianza; no necesita probar a solas acciones que no comprende.

¿Qué decisión es la más adecuada con la información disponible?",Enviar los códigos de recuperación junto con el equipo.,Entregar claves de correo y banco porque cualquier reparación las exige.,Anotar todos los secretos en un papel pegado a la pantalla.,Preguntar qué acceso necesita realmente y buscar un servicio confiable con un procedimiento que proteja tus datos.,D,"Preguntar qué acceso necesita realmente y buscar un servicio confiable con un procedimiento que proteja tus datos. Una reparación física no justifica por sí sola acceso a cuentas bancarias o al correo personal. Algunas pruebas requieren acceso limitado al equipo; eso debe explicarse y acordarse, sin entregar secretos de cuentas ajenas a la reparación.",{}
C3-0183,verde,10,Códigos QR de menús,Decidir antes de actuar,"Al escanear el código de una mesa, la página pide la contraseña del correo para mostrar el menú. La información parece convincente, pero aún debe comprobarse lo importante por una vía independiente.

¿Qué decisión es la más adecuada con la información disponible?",Introducir la clave porque el código estaba dentro del restaurante. Todo código colocado dentro de un negocio fue revisado por el dueño.,Usar la clave de otra cuenta para poder leer el menú.,Aceptar una suscripción sin revisar porque dice que es necesaria para continuar.,Cerrar la página y pedir al personal el menú o el enlace correcto sin entregar la clave.,D,"Cerrar la página y pedir al personal el menú o el enlace correcto sin entregar la clave. Un código QR, de respuesta rápida, puede abrir una dirección; su ubicación no demuestra que el destino sea legítimo. Escanear para ver una dirección no equivale a entregar una clave o aprobar un pago; hay que revisar cada paso. QR: Código de respuesta rápida (Quick Response): cuadro de puntos que el teléfono lee; puede contener un enlace o datos de pago.","{""contraseña"": ""Secreto que permite entrar a una cuenta. No debe entregarse a quien lo pida por un mensaje o llamada inesperada."", ""QR"": ""Código de respuesta rápida (Quick Response): cuadro de puntos que el teléfono lee; puede contener un enlace o datos de pago.""}"
C3-0184,verde,10,Código QR para pagar a otra persona,Decidir antes de actuar,"En la caja de una tienda, un código de pago muestra en tu aplicación un destinatario distinto al nombre indicado por el vendedor. La información parece convincente, pero aún debe comprobarse lo importante por una vía independiente.

¿Qué decisión es la más adecuada con la información disponible?",Pagar dos veces a cuentas distintas para asegurar que una llegue.,Detener el pago y confirmar el destinatario con el responsable de la tienda.,Ignorar el nombre porque el importe es correcto.,Aprobar porque el código está pegado junto a la caja.,B,"Detener el pago y confirmar el destinatario con el responsable de la tienda. Un código puede reemplazarse o apuntar a otra cuenta; la pantalla final permite comprobar a quién se enviará el dinero. Un nombre comercial puede diferir del titular legal; esa diferencia debe aclararse antes de pagar, no ignorarse ni tomarse como prueba única de delito. QR: Código de respuesta rápida (Quick Response): cuadro de puntos que el teléfono lee; puede contener un enlace o datos de pago.","{""QR"": ""Código de respuesta rápida (Quick Response): cuadro de puntos que el teléfono lee; puede contener un enlace o datos de pago."", ""receptor"": ""Persona o entidad a cuya cuenta se envía un pago.""}"
C3-0199,verde,10,Privacidad al consultar una inteligencia artificial,Decidir antes de actuar,"Quieres pedir a un asistente de inteligencia artificial que resuma una lista con nombres, cédulas y deudas de tus clientes. La información parece convincente, pero aún debe comprobarse lo importante por una vía independiente.

¿Qué decisión es la más adecuada con la información disponible?",Compartir también las contraseñas para que el asistente compruebe las cuentas.,Subir la lista completa porque una inteligencia artificial guarda todo en secreto automáticamente.,Quitar datos que identifiquen personas y comprobar las condiciones y autorización de uso antes de subir información del negocio.,Usar una cuenta personal para saltar las reglas de privacidad del negocio.,C,Quitar datos que identifiquen personas y comprobar las condiciones y autorización de uso antes de subir información del negocio. Un servicio puede tratar o conservar lo que le envías según sus condiciones; no conviene compartir secretos ni datos personales innecesarios. Quitar nombres puede no bastar si otros datos permiten identificar a la persona; hay que reducir también esos detalles.,{}
C3-0200,verde,10,Respuestas convincentes que necesitan comprobación,Decidir antes de actuar,"Un asistente digital da un teléfono para recuperar tu cuenta y afirma con seguridad que es oficial. La información parece convincente, pero aún debe comprobarse lo importante por una vía independiente.

¿Qué decisión es la más adecuada con la información disponible?",Comprobar el contacto en el propio servicio antes de llamar o enviar datos.,Confiar porque la respuesta está bien escrita y parece profesional.,Entregar códigos al número porque la explicación era detallada.,Pedir al mismo asistente que prometa que no se equivoca como única verificación. Preguntar dos veces a la misma herramienta equivale a dos fuentes independientes.,A,Comprobar el contacto en el propio servicio antes de llamar o enviar datos. Una respuesta automática puede equivocarse o inventar datos; su tono seguro no verifica una fuente. La inteligencia artificial puede ayudar a explicar; la responsabilidad de comprobar acciones sensibles sigue siendo necesaria.,"{""permisos"": ""Autorizaciones para que una aplicación use funciones o datos, como ubicación, cámara, fotos o contactos.""}"
C3-0154,verde,11,Copia de seguridad separada,Aplicar en otro contexto,"Un agricultor guarda registros de cosecha en una computadora y una memoria que deja siempre junto a ella. La persona puede pedir ayuda de confianza; no necesita probar a solas acciones que no comprende.

¿Qué decisión es la más adecuada con la información disponible?",Conservar también una copia protegida en un lugar separado para reducir pérdidas por robo o daño del mismo sitio.,Enviar todo a un grupo público para no perderlo.,Confiar en que el teléfono no se dañará porque es nuevo.,Crear una segunda carpeta dentro del mismo teléfono como única copia.,A,"Conservar también una copia protegida en un lugar separado para reducir pérdidas por robo o daño del mismo sitio. Una copia en el mismo equipo puede perderse con el original si el equipo se rompe, se pierde o es robado. Una copia ayuda a recuperar información; no evita que alguien robe o divulgue el original.","{""copia de seguridad"": ""Copia preparada para recuperar datos si los originales dejan de estar disponibles.""}"
C3-0155,verde,11,Sincronizar no siempre es respaldar,Aplicar en otro contexto,"Un tendero quiere vaciar espacio borrando fotos del celular que se sincronizan con su archivo en línea. La persona puede pedir ayuda de confianza; no necesita probar a solas acciones que no comprende.

¿Qué decisión es la más adecuada con la información disponible?",Comprobar primero si borrar del celular también elimina las fotos en línea y conservar una copia segura.,Dejar de hacer copias adicionales sin comprobar cómo funciona el servicio.,Vaciar la papelera sin revisar porque el archivo está «en la nube».,Suponer que dos pantallas con el mismo archivo equivalen siempre a un respaldo independiente.,A,"Comprobar primero si borrar del celular también elimina las fotos en línea y conservar una copia segura. La sincronización puede repetir borrados o daños; un respaldo debe permitir recuperar una versión útil. Los servicios tienen comportamientos distintos; hay que comprobar cómo elimina, conserva y recupera archivos el que usas.","{""nube"": ""Servicio que guarda información en equipos del proveedor y permite acceder por internet; necesita protección y una cuenta."", ""sincronización"": ""Mantenimiento de cambios entre dispositivos o servicios. Puede repetir también un borrado.""}"
C3-0156,verde,11,Probar que la copia sirve,Aplicar en otro contexto,"Una cocinera tiene copia protegida, pero solo ella conocía una contraseña que ahora olvidó. La persona puede pedir ayuda de confianza; no necesita probar a solas acciones que no comprende.

¿Qué decisión es la más adecuada con la información disponible?",Revisar el mecanismo de recuperación previsto y preparar en adelante un acceso de emergencia protegido.,Esperar a perder el equipo para aprender cómo se restauran los datos.,Borrar los originales antes de probar la recuperación.,Confiar en el nombre «copia completa» sin abrir los detalles.,A,"Revisar el mecanismo de recuperación previsto y preparar en adelante un acceso de emergencia protegido. Una copia antigua, incompleta o inaccesible puede no servir cuando la necesites. Probar la recuperación forma parte del respaldo; no hace falta esperar a una emergencia para aprender los pasos.","{""contraseña"": ""Secreto que permite entrar a una cuenta. No debe entregarse a quien lo pida por un mensaje o llamada inesperada.""}"
C3-0157,verde,11,Carpetas compartidas por enlace,Aplicar en otro contexto,"Una asociación agrícola comparte una lista de miembros para que solo dos personas corrijan teléfonos. La persona puede pedir ayuda de confianza; no necesita probar a solas acciones que no comprende.

¿Qué decisión es la más adecuada con la información disponible?",Confiar en que un enlace largo no puede reenviarse.,Mantener permiso de edición para cualquiera por comodidad.,Autorizar la edición solo a esas personas y evitar un enlace editable por cualquiera.,Compartir la carpeta completa porque el cliente solo buscará su factura.,C,"Autorizar la edición solo a esas personas y evitar un enlace editable por cualquiera. Un enlace abierto puede circular fuera del destinatario inicial y exponer documentos de otras personas. Restringir un enlace corta acceso futuro, pero no retira copias que alguien ya descargó.","{""contraseña"": ""Secreto que permite entrar a una cuenta. No debe entregarse a quien lo pida por un mensaje o llamada inesperada."", ""permisos"": ""Autorizaciones para que una aplicación use funciones o datos, como ubicación, cámara, fotos o contactos."", ""revocar"": ""Retirar una autorización que se había concedido.""}"
C3-0158,verde,11,Dispositivos vinculados a mensajería,Aplicar en otro contexto,"Una cocinera usa mensajería en un equipo del local y va a dejar ese trabajo. La persona puede pedir ayuda de confianza; no necesita probar a solas acciones que no comprende.

¿Qué decisión es la más adecuada con la información disponible?",Ignorarlo porque tu teléfono sigue funcionando.,Borrar solo la conversación más reciente para desconectar el equipo ajeno.,Desvincular su cuenta del equipo del local antes de retirarse y comprobarlo desde su teléfono.,Compartir el código de registro con quien diga poder identificar la computadora.,C,"Desvincular su cuenta del equipo del local antes de retirarse y comprobarlo desde su teléfono. Un dispositivo vinculado puede tener acceso a mensajes según el servicio, aunque sigas usando tu teléfono. Cerrar un acceso no borra necesariamente mensajes que ya se hubieran visto o copiado.","{""permisos"": ""Autorizaciones para que una aplicación use funciones o datos, como ubicación, cámara, fotos o contactos.""}"
C3-0159,verde,11,Vender o entregar el teléfono,Aplicar en otro contexto,"Una agricultora dona una tableta de la asociación con listas de socios y una cuenta compartida. La persona puede pedir ayuda de confianza; no necesita probar a solas acciones que no comprende.

¿Qué decisión es la más adecuada con la información disponible?",Dar tu contraseña al comprador para que él haga el borrado.,Borrar solo los iconos de las aplicaciones bancarias.,"Respaldar lo necesario, retirar accesos y borrar el equipo mediante el procedimiento oficial antes de donarlo.",Entregarlo con tu cuenta abierta para que el comprador pruebe todo.,C,"Respaldar lo necesario, retirar accesos y borrar el equipo mediante el procedimiento oficial antes de donarlo. Eliminar fotos o iconos no borra todas las cuentas, sesiones y datos del equipo. El procedimiento depende del fabricante; borrar mal o demasiado pronto puede hacer perder datos o métodos de recuperación.","{""contraseña"": ""Secreto que permite entrar a una cuenta. No debe entregarse a quien lo pida por un mensaje o llamada inesperada.""}"
C3-0160,verde,11,Reparación del equipo,Aplicar en otro contexto,"Un agricultor necesita reparar la computadora con la lista de pagos de la asociación. La persona puede pedir ayuda de confianza; no necesita probar a solas acciones que no comprende.

¿Qué decisión es la más adecuada con la información disponible?",Anotar todos los secretos en un papel pegado a la pantalla.,Entregar claves de correo y banco porque cualquier reparación las exige.,Enviar los códigos de recuperación junto con el equipo.,"Consultar un soporte conocido y acordar el mínimo acceso necesario, con respaldo previo de los datos.",D,"Consultar un soporte conocido y acordar el mínimo acceso necesario, con respaldo previo de los datos. Una reparación física no justifica por sí sola acceso a cuentas bancarias o al correo personal. Algunas pruebas requieren acceso limitado al equipo; eso debe explicarse y acordarse, sin entregar secretos de cuentas ajenas a la reparación.",{}
C3-0203,verde,11,Códigos QR de menús,Aplicar en otro contexto,"Un agricultor escanea un código de un cartel de capacitación y aparece una petición de datos de tarjeta sin explicación. La información parece convincente, pero aún debe comprobarse lo importante por una vía independiente.

¿Qué decisión es la más adecuada con la información disponible?",Introducir la clave porque el código estaba dentro del restaurante. Todo código colocado dentro de un negocio fue revisado por el dueño.,Consultar al organizador por su contacto oficial antes de dar datos o aceptar cobros.,Aceptar una suscripción sin revisar porque dice que es necesaria para continuar.,Usar la clave de otra cuenta para poder leer el menú.,B,"Consultar al organizador por su contacto oficial antes de dar datos o aceptar cobros. Un código QR, de respuesta rápida, puede abrir una dirección; su ubicación no demuestra que el destino sea legítimo. Escanear para ver una dirección no equivale a entregar una clave o aprobar un pago; hay que revisar cada paso. QR: Código de respuesta rápida (Quick Response): cuadro de puntos que el teléfono lee; puede contener un enlace o datos de pago.","{""contraseña"": ""Secreto que permite entrar a una cuenta. No debe entregarse a quien lo pida por un mensaje o llamada inesperada."", ""QR"": ""Código de respuesta rápida (Quick Response): cuadro de puntos que el teléfono lee; puede contener un enlace o datos de pago.""}"
C3-0204,verde,11,Código QR para pagar a otra persona,Aplicar en otro contexto,"Una asociación agrícola imprime un código para cuotas, pero al probarlo aparece la cuenta de un miembro anterior. La información parece convincente, pero aún debe comprobarse lo importante por una vía independiente.

¿Qué decisión es la más adecuada con la información disponible?",Aprobar porque el código está pegado junto a la caja.,Pagar dos veces a cuentas distintas para asegurar que una llegue.,Ignorar el nombre porque el importe es correcto.,Corregir el código y comunicar el receptor vigente antes de cobrar nuevas cuotas.,D,"Corregir el código y comunicar el receptor vigente antes de cobrar nuevas cuotas. Un código puede reemplazarse o apuntar a otra cuenta; la pantalla final permite comprobar a quién se enviará el dinero. Un nombre comercial puede diferir del titular legal; esa diferencia debe aclararse antes de pagar, no ignorarse ni tomarse como prueba única de delito. QR: Código de respuesta rápida (Quick Response): cuadro de puntos que el teléfono lee; puede contener un enlace o datos de pago.","{""QR"": ""Código de respuesta rápida (Quick Response): cuadro de puntos que el teléfono lee; puede contener un enlace o datos de pago."", ""receptor"": ""Persona o entidad a cuya cuenta se envía un pago.""}"
C3-0219,verde,11,Privacidad al consultar una inteligencia artificial,Aplicar en otro contexto,"Un agricultor consulta cómo redactar un reclamo y el asistente le pide una clave bancaria para «verificar» la operación. La información parece convincente, pero aún debe comprobarse lo importante por una vía independiente.

¿Qué decisión es la más adecuada con la información disponible?",Compartir también las contraseñas para que el asistente compruebe las cuentas.,No entregar la clave y consultar el movimiento directamente en el banco.,Subir la lista completa porque una inteligencia artificial guarda todo en secreto automáticamente.,Usar una cuenta personal para saltar las reglas de privacidad del negocio.,B,No entregar la clave y consultar el movimiento directamente en el banco. Un servicio puede tratar o conservar lo que le envías según sus condiciones; no conviene compartir secretos ni datos personales innecesarios. Quitar nombres puede no bastar si otros datos permiten identificar a la persona; hay que reducir también esos detalles.,{}
C3-0220,verde,11,Respuestas convincentes que necesitan comprobación,Aplicar en otro contexto,"Una asociación agrícola recibe un texto generado automáticamente que recomienda difundir un rumor de robo bancario sin fuente. La información parece convincente, pero aún debe comprobarse lo importante por una vía independiente.

¿Qué decisión es la más adecuada con la información disponible?",Entregar códigos al número porque la explicación era detallada.,Pedir al mismo asistente que prometa que no se equivoca como única verificación.,No difundirlo como hecho y buscar confirmación en la entidad o una fuente verificable.,Confiar porque la respuesta está bien escrita y parece profesional.,C,No difundirlo como hecho y buscar confirmación en la entidad o una fuente verificable. Una respuesta automática puede equivocarse o inventar datos; su tono seguro no verifica una fuente. La inteligencia artificial puede ayudar a explicar; la responsabilidad de comprobar acciones sensibles sigue siendo necesaria.,"{""permisos"": ""Autorizaciones para que una aplicación use funciones o datos, como ubicación, cámara, fotos o contactos.""}"
C3-0174,verde,12,Copia de seguridad separada,Responder y dar seguimiento,"Una cocinera pierde su teléfono y recuerda que tenía una copia de documentos en otro servicio. La persona está dispuesta a pedir ayuda y puede usar un canal oficial. Necesita decidir qué hacer ahora sin ampliar la exposición.

¿Qué decisión es la más adecuada con la información disponible?",Crear una segunda carpeta dentro del mismo teléfono como única copia.,Enviar todo a un grupo público para no perderlo.,Confiar en que el teléfono no se dañará porque es nuevo.,Proteger las cuentas y recuperar los documentos desde el servicio legítimo usando un equipo confiable.,D,"Proteger las cuentas y recuperar los documentos desde el servicio legítimo usando un equipo confiable. Una copia en el mismo equipo puede perderse con el original si el equipo se rompe, se pierde o es robado. Una copia ayuda a recuperar información; no evita que alguien robe o divulgue el original.","{""copia de seguridad"": ""Copia preparada para recuperar datos si los originales dejan de estar disponibles."", ""canal oficial"": ""Aplicación, página o contacto de la entidad cuya procedencia comprobaste; no basta que tenga un logotipo.""}"
C3-0175,verde,12,Sincronizar no siempre es respaldar,Responder y dar seguimiento,"Una secretaria borró una carpeta y el borrado se propagó a los demás equipos. La persona está dispuesta a pedir ayuda y puede usar un canal oficial. Necesita decidir qué hacer ahora sin ampliar la exposición.

¿Qué decisión es la más adecuada con la información disponible?",Dejar de hacer copias adicionales sin comprobar cómo funciona el servicio.,Suponer que dos pantallas con el mismo archivo equivalen siempre a un respaldo independiente.,Vaciar la papelera sin revisar porque el archivo está «en la nube».,Consultar la papelera y el historial del servicio oficial antes de seguir modificando archivos.,D,"Consultar la papelera y el historial del servicio oficial antes de seguir modificando archivos. La sincronización puede repetir borrados o daños; un respaldo debe permitir recuperar una versión útil. Los servicios tienen comportamientos distintos; hay que comprobar cómo elimina, conserva y recupera archivos el que usas.","{""nube"": ""Servicio que guarda información en equipos del proveedor y permite acceder por internet; necesita protección y una cuenta."", ""sincronización"": ""Mantenimiento de cambios entre dispositivos o servicios. Puede repetir también un borrado."", ""canal oficial"": ""Aplicación, página o contacto de la entidad cuya procedencia comprobaste; no basta que tenga un logotipo.""}"
C3-0176,verde,12,Probar que la copia sirve,Responder y dar seguimiento,"Un agricultor intenta recuperar registros y descubre que faltan los últimos tres meses. La persona está dispuesta a pedir ayuda y puede usar un canal oficial. Necesita decidir qué hacer ahora sin ampliar la exposición.

¿Qué decisión es la más adecuada con la información disponible?",Confiar en el nombre «copia completa» sin abrir los detalles.,"Buscar otras copias y documentos disponibles sin sobrescribirlos, y ajustar la rutina de respaldo.",Borrar los originales antes de probar la recuperación.,Esperar a perder el equipo para aprender cómo se restauran los datos.,B,"Buscar otras copias y documentos disponibles sin sobrescribirlos, y ajustar la rutina de respaldo. Una copia antigua, incompleta o inaccesible puede no servir cuando la necesites. Probar la recuperación forma parte del respaldo; no hace falta esperar a una emergencia para aprender los pasos.","{""contraseña"": ""Secreto que permite entrar a una cuenta. No debe entregarse a quien lo pida por un mensaje o llamada inesperada."", ""canal oficial"": ""Aplicación, página o contacto de la entidad cuya procedencia comprobaste; no basta que tenga un logotipo.""}"
C3-0177,verde,12,Carpetas compartidas por enlace,Responder y dar seguimiento,"Una secretaria descubre que el enlace público a la carpeta de clientes fue reenviado a un grupo. La persona está dispuesta a pedir ayuda y puede usar un canal oficial. Necesita decidir qué hacer ahora sin ampliar la exposición.

¿Qué decisión es la más adecuada con la información disponible?",Mantener permiso de edición para cualquiera por comodidad.,Compartir la carpeta completa porque el cliente solo buscará su factura.,"Revocar el enlace, identificar la información expuesta y avisar al responsable que corresponda.",Confiar en que un enlace largo no puede reenviarse.,C,"Revocar el enlace, identificar la información expuesta y avisar al responsable que corresponda. Un enlace abierto puede circular fuera del destinatario inicial y exponer documentos de otras personas. Restringir un enlace corta acceso futuro, pero no retira copias que alguien ya descargó.","{""contraseña"": ""Secreto que permite entrar a una cuenta. No debe entregarse a quien lo pida por un mensaje o llamada inesperada."", ""permisos"": ""Autorizaciones para que una aplicación use funciones o datos, como ubicación, cámara, fotos o contactos."", ""revocar"": ""Retirar una autorización que se había concedido."", ""canal oficial"": ""Aplicación, página o contacto de la entidad cuya procedencia comprobaste; no basta que tenga un logotipo.""}"
C3-0178,verde,12,Dispositivos vinculados a mensajería,Responder y dar seguimiento,"Un tendero descubre que un antiguo empleado seguía recibiendo mensajes del negocio en su computadora. La persona está dispuesta a pedir ayuda y puede usar un canal oficial. Necesita decidir qué hacer ahora sin ampliar la exposición.

¿Qué decisión es la más adecuada con la información disponible?",Cerrar esa vinculación y revisar permisos y accesos compartidos del negocio.,Compartir el código de registro con quien diga poder identificar la computadora.,Borrar solo la conversación más reciente para desconectar el equipo ajeno.,Ignorarlo porque tu teléfono sigue funcionando.,A,"Cerrar esa vinculación y revisar permisos y accesos compartidos del negocio. Un dispositivo vinculado puede tener acceso a mensajes según el servicio, aunque sigas usando tu teléfono. Cerrar un acceso no borra necesariamente mensajes que ya se hubieran visto o copiado.","{""permisos"": ""Autorizaciones para que una aplicación use funciones o datos, como ubicación, cámara, fotos o contactos."", ""canal oficial"": ""Aplicación, página o contacto de la entidad cuya procedencia comprobaste; no basta que tenga un logotipo.""}"
C3-0179,verde,12,Vender o entregar el teléfono,Responder y dar seguimiento,"Un chofer entregó su teléfono antiguo y luego vio actividad en una cuenta que dejó abierta. La persona está dispuesta a pedir ayuda y puede usar un canal oficial. Necesita decidir qué hacer ahora sin ampliar la exposición.

¿Qué decisión es la más adecuada con la información disponible?",Borrar solo los iconos de las aplicaciones bancarias. Quitar un icono equivale siempre a borrar los datos y cerrar la cuenta.,"Cerrar accesos desde otro equipo confiable, cambiar secretos expuestos y contactar al comprador para completar el borrado sin darle claves.",Entregarlo con tu cuenta abierta para que el comprador pruebe todo.,Dar tu contraseña al comprador para que él haga el borrado.,B,"Cerrar accesos desde otro equipo confiable, cambiar secretos expuestos y contactar al comprador para completar el borrado sin darle claves. Eliminar fotos o iconos no borra todas las cuentas, sesiones y datos del equipo. El procedimiento depende del fabricante; borrar mal o demasiado pronto puede hacer perder datos o métodos de recuperación.","{""contraseña"": ""Secreto que permite entrar a una cuenta. No debe entregarse a quien lo pida por un mensaje o llamada inesperada."", ""canal oficial"": ""Aplicación, página o contacto de la entidad cuya procedencia comprobaste; no basta que tenga un logotipo.""}"
C3-0180,verde,12,Reparación del equipo,Responder y dar seguimiento,"Una cocinera dejó el teléfono y su clave de correo en un taller que ahora no responde. La persona está dispuesta a pedir ayuda y puede usar un canal oficial. Necesita decidir qué hacer ahora sin ampliar la exposición.

¿Qué decisión es la más adecuada con la información disponible?",Anotar todos los secretos en un papel pegado a la pantalla.,"Proteger la cuenta desde otro equipo confiable y contactar al taller por sus canales verificables, guardando el comprobante.",Entregar claves de correo y banco porque cualquier reparación las exige.,Enviar los códigos de recuperación junto con el equipo.,B,"Proteger la cuenta desde otro equipo confiable y contactar al taller por sus canales verificables, guardando el comprobante. Una reparación física no justifica por sí sola acceso a cuentas bancarias o al correo personal. Algunas pruebas requieren acceso limitado al equipo; eso debe explicarse y acordarse, sin entregar secretos de cuentas ajenas a la reparación.","{""canal oficial"": ""Aplicación, página o contacto de la entidad cuya procedencia comprobaste; no basta que tenga un logotipo.""}"
C3-0223,verde,12,Códigos QR de menús,Responder y dar seguimiento,"Una cocinera escribió su clave en el supuesto menú y la página no mostró platos. La persona está dispuesta a pedir ayuda y puede usar un canal oficial. Necesita decidir qué hacer ahora sin ampliar la exposición.

¿Qué decisión es la más adecuada con la información disponible?",Usar la clave de otra cuenta para poder leer el menú.,Cambiar esa clave desde el correo oficial y revisar sesiones y recuperación.,Introducir la clave porque el código estaba dentro del restaurante.,Aceptar una suscripción sin revisar porque dice que es necesaria para continuar.,B,"Cambiar esa clave desde el correo oficial y revisar sesiones y recuperación. Un código QR, de respuesta rápida, puede abrir una dirección; su ubicación no demuestra que el destino sea legítimo. Escanear para ver una dirección no equivale a entregar una clave o aprobar un pago; hay que revisar cada paso. QR: Código de respuesta rápida (Quick Response): cuadro de puntos que el teléfono lee; puede contener un enlace o datos de pago.","{""contraseña"": ""Secreto que permite entrar a una cuenta. No debe entregarse a quien lo pida por un mensaje o llamada inesperada."", ""QR"": ""Código de respuesta rápida (Quick Response): cuadro de puntos que el teléfono lee; puede contener un enlace o datos de pago."", ""canal oficial"": ""Aplicación, página o contacto de la entidad cuya procedencia comprobaste; no basta que tenga un logotipo.""}"
C3-0224,verde,12,Código QR para pagar a otra persona,Responder y dar seguimiento,"Un tendero descubre que alguien cubrió su código con otro y un cliente ya pagó al receptor equivocado. La persona está dispuesta a pedir ayuda y puede usar un canal oficial. Necesita decidir qué hacer ahora sin ampliar la exposición.

¿Qué decisión es la más adecuada con la información disponible?","Retirar de uso el código alterado, guardar evidencia y orientar al cliente a reportar el pago a su entidad.",Aprobar porque el código está pegado junto a la caja.,Ignorar el nombre porque el importe es correcto.,Pagar dos veces a cuentas distintas para asegurar que una llegue.,A,"Retirar de uso el código alterado, guardar evidencia y orientar al cliente a reportar el pago a su entidad. Un código puede reemplazarse o apuntar a otra cuenta; la pantalla final permite comprobar a quién se enviará el dinero. Un nombre comercial puede diferir del titular legal; esa diferencia debe aclararse antes de pagar, no ignorarse ni tomarse como prueba única de delito. QR: Código de respuesta rápida (Quick Response): cuadro de puntos que el teléfono lee; puede contener un enlace o datos de pago.","{""QR"": ""Código de respuesta rápida (Quick Response): cuadro de puntos que el teléfono lee; puede contener un enlace o datos de pago."", ""receptor"": ""Persona o entidad a cuya cuenta se envía un pago."", ""canal oficial"": ""Aplicación, página o contacto de la entidad cuya procedencia comprobaste; no basta que tenga un logotipo.""}"
C3-0239,verde,12,Privacidad al consultar una inteligencia artificial,Responder y dar seguimiento,"Una secretaria pegó una lista real en un asistente y después advirtió que incluía documentos de identidad. La persona está dispuesta a pedir ayuda y puede usar un canal oficial. Necesita decidir qué hacer ahora sin ampliar la exposición.

¿Qué decisión es la más adecuada con la información disponible?",Compartir también las contraseñas para que el asistente compruebe las cuentas.,"Detener la difusión, avisar al responsable y revisar las opciones del servicio para retirar el contenido y gestionar la exposición.",Usar una cuenta personal para saltar las reglas de privacidad del negocio.,Subir la lista completa porque una inteligencia artificial guarda todo en secreto automáticamente.,B,"Detener la difusión, avisar al responsable y revisar las opciones del servicio para retirar el contenido y gestionar la exposición. Un servicio puede tratar o conservar lo que le envías según sus condiciones; no conviene compartir secretos ni datos personales innecesarios. Quitar nombres puede no bastar si otros datos permiten identificar a la persona; hay que reducir también esos detalles.","{""canal oficial"": ""Aplicación, página o contacto de la entidad cuya procedencia comprobaste; no basta que tenga un logotipo.""}"
C3-0240,verde,12,Respuestas convincentes que necesitan comprobación,Responder y dar seguimiento,"Una cocinera llamó a un número sugerido por una herramienta y le pidieron instalar control remoto. La persona está dispuesta a pedir ayuda y puede usar un canal oficial. Necesita decidir qué hacer ahora sin ampliar la exposición.

¿Qué decisión es la más adecuada con la información disponible?",Entregar códigos al número porque la explicación era detallada.,Confiar porque la respuesta está bien escrita y parece profesional.,Pedir al mismo asistente que prometa que no se equivoca como única verificación.,"Cortar la interacción y consultar al servicio real; si instaló algo, pedir revisión confiable del equipo.",D,"Cortar la interacción y consultar al servicio real; si instaló algo, pedir revisión confiable del equipo. Una respuesta automática puede equivocarse o inventar datos; su tono seguro no verifica una fuente. La inteligencia artificial puede ayudar a explicar; la responsabilidad de comprobar acciones sensibles sigue siendo necesaria.","{""permisos"": ""Autorizaciones para que una aplicación use funciones o datos, como ubicación, cámara, fotos o contactos."", ""canal oficial"": ""Aplicación, página o contacto de la entidad cuya procedencia comprobaste; no basta que tenga un logotipo.""}"
C3-0181,azul,13,Voz familiar que pide dinero,Decidir antes de actuar,"Recibes un audio con una voz idéntica a la de tu hermana que pide dinero urgente a una cuenta nueva y exige secreto. La información parece convincente, pero aún debe comprobarse lo importante por una vía independiente.

¿Qué decisión es la más adecuada con la información disponible?",Mantener el secreto y enviar dinero para no preocupar a la familia.,Pedir otro audio en el mismo chat como única comprobación.,Confirmar la emergencia por un contacto habitual o con una persona cercana antes de transferir.,Pagar porque reconoces el tono de voz.,C,"Confirmar la emergencia por un contacto habitual o con una persona cercana antes de transferir. La inteligencia artificial puede imitar voces de forma convincente; reconocer una voz no verifica por sí solo la petición. Los defectos de audio pueden despertar dudas, pero su ausencia no confirma autenticidad.",{}
C3-0182,azul,13,Video que parece auténtico,Decidir antes de actuar,"Un video de una persona conocida recomienda una inversión y promete duplicar tus ahorros en una semana. La información parece convincente, pero aún debe comprobarse lo importante por una vía independiente.

¿Qué decisión es la más adecuada con la información disponible?",Confiar si el video tiene muchos comentarios positivos.,Buscar la declaración en sus canales reales y verificar de forma independiente la entidad antes de entregar dinero.,Invertir porque el rostro y los labios se ven naturales.,Usar solo el enlace del video para comprobar la inversión.,B,Buscar la declaración en sus canales reales y verificar de forma independiente la entidad antes de entregar dinero. Una imagen o video puede alterarse o usarse fuera de contexto; la fama no demuestra que una inversión sea legítima. Una comprobación independiente sigue siendo necesaria aunque no puedas determinar si el video fue generado con inteligencia artificial.,{}
C3-0185,azul,13,Falso soporte en comentarios,Decidir antes de actuar,"Publicas que tu pedido no llegó y una cuenta con el logo de la tienda te escribe por privado pidiendo claves para ayudarte. La información parece convincente, pero aún debe comprobarse lo importante por una vía independiente.

¿Qué decisión es la más adecuada con la información disponible?",Dar acceso al correo para que busque el pedido.,Seguir el enlace privado porque tiene el logo de la tienda.,Confiar porque respondió inmediatamente a tu comentario.,Entrar al soporte desde tu pedido o la página oficial y no entregar claves por el mensaje privado.,D,Entrar al soporte desde tu pedido o la página oficial y no entregar claves por el mensaje privado. Los impostores pueden buscar quejas públicas para ofrecer falsa ayuda con datos del problema que acabas de contar. Que alguien conozca tu problema no demuestra que esté autorizado a resolverlo.,{}
C3-0186,azul,13,Oferta de trabajo con pago previo,Decidir antes de actuar,"Te ofrecen trabajo empacando productos y exigen pagar hoy una reserva del puesto a una cuenta personal sin contrato verificable. La información parece convincente, pero aún debe comprobarse lo importante por una vía independiente.

¿Qué decisión es la más adecuada con la información disponible?",Aceptar la urgencia porque hay otras personas interesadas.,Pagar porque el ingreso prometido compensa la reserva.,Verificar la empresa y la oferta por canales independientes antes de enviar dinero o documentos.,Enviar cédula y cuenta bancaria para demostrar que aceptas.,C,Verificar la empresa y la oferta por canales independientes antes de enviar dinero o documentos. Cobrar por reservar un puesto no verificado puede ser el objetivo de la estafa; la necesidad de trabajo no debe aprovecharse para presionarte. Puede haber gastos legítimos relacionados con formación o trámites; no justifican pagar una oferta opaca sin comprobar quién cobra y por qué.,{}
C3-0187,azul,13,Tareas que exigen depositar,Decidir antes de actuar,"Una plataforma paga unos dólares por marcar productos y luego exige que deposites más para desbloquear las siguientes tareas. La información parece convincente, pero aún debe comprobarse lo importante por una vía independiente.

¿Qué decisión es la más adecuada con la información disponible?",Depositar más porque ya recibiste un pago pequeño.,Invitar amigos para conseguir el dinero del siguiente nivel.,Detener los depósitos y no confundir el pequeño pago inicial con una garantía de confianza.,Pedir prestado para completar la tarea de mayor ganancia.,C,Detener los depósitos y no confundir el pequeño pago inicial con una garantía de confianza. Un pago inicial puede usarse para ganar confianza antes de pedir cantidades mayores que no podrás recuperar. La posibilidad de retirar una cantidad pequeña no garantiza que los depósitos mayores estén seguros.,{}
C3-0188,azul,13,Préstamo con anticipo dudoso,Decidir antes de actuar,"Un perfil ofrece un préstamo inmediato sin revisión y exige un pago previo a una persona para «activar» el desembolso. La información parece convincente, pero aún debe comprobarse lo importante por una vía independiente.

¿Qué decisión es la más adecuada con la información disponible?",Autorizar acceso a contactos para demostrar buena fe.,Verificar la entidad por fuentes oficiales y no pagar al perfil sin comprobar contrato y condiciones.,Mandar fotos de todos tus documentos para acelerar la aprobación.,Enviar el anticipo porque representa una parte pequeña del préstamo.,B,Verificar la entidad por fuentes oficiales y no pagar al perfil sin comprobar contrato y condiciones. Una promesa de préstamo puede utilizarse para cobrar anticipos o recoger datos sin entregar el dinero ofrecido. La existencia de comisiones no prueba por sí sola fraude; el cobro opaco a un receptor no verificado exige detenerse y comprobar.,"{""permisos"": ""Autorizaciones para que una aplicación use funciones o datos, como ubicación, cámara, fotos o contactos."", ""receptor"": ""Persona o entidad a cuya cuenta se envía un pago.""}"
C3-0189,azul,13,Inversiones sin riesgo prometido,Decidir antes de actuar,"Un grupo promete duplicar tus ahorros cada mes sin posibilidad de pérdida y solo acepta pagos a una cuenta personal. La información parece convincente, pero aún debe comprobarse lo importante por una vía independiente.

¿Qué decisión es la más adecuada con la información disponible?",Invertir porque el grupo publica capturas de ganancias.,Confiar en la garantía escrita por el mismo promotor.,Usar el dinero destinado al arriendo para no perder la oportunidad.,No entregar dinero y verificar la entidad y las condiciones por fuentes independientes.,D,No entregar dinero y verificar la entidad y las condiciones por fuentes independientes. Las promesas de rentabilidad alta y segura son señales de alerta; capturas y testimonios pueden fabricarse. Ni la tecnología utilizada ni un saldo en una aplicación garantizan que exista una inversión legítima o dinero recuperable.,{}
C3-0190,azul,13,Relación afectiva y petición de dinero,Decidir antes de actuar,"Una persona conocida solo por internet expresa afecto y pide dinero para una emergencia, pero rechaza otras formas de comprobarla. La información parece convincente, pero aún debe comprobarse lo importante por una vía independiente.

¿Qué decisión es la más adecuada con la información disponible?",Pedir un préstamo para resolver la emergencia de inmediato.,Mantener el secreto porque la persona dice que nadie entendería su amor.,Enviar por miedo a que termine la relación.,Pausar el envío y hablar con alguien de confianza mientras verificas la situación por vías independientes.,D,"Pausar el envío y hablar con alguien de confianza mientras verificas la situación por vías independientes. La cercanía emocional puede utilizarse para presionar; sentir afecto no verifica una identidad ni una solicitud de dinero. No toda relación por internet es un engaño; la presión, el aislamiento y las solicitudes económicas requieren límites y comprobación.",{}
C3-0191,azul,13,Usar tu cuenta para mover dinero ajeno,Decidir antes de actuar,"Una oferta de ingreso extra pide recibir transferencias de desconocidos y reenviarlas a otras cuentas guardando una comisión. La información parece convincente, pero aún debe comprobarse lo importante por una vía independiente.

¿Qué decisión es la más adecuada con la información disponible?",Mover solo el primer pago como prueba.,Aceptar porque la comisión es pequeña.,No prestar la cuenta y verificar la oferta sin mover ese dinero.,Entregar las claves para que la empresa haga los movimientos por ti.,C,No prestar la cuenta y verificar la oferta sin mover ese dinero. Tu cuenta podría utilizarse para mover dinero de origen fraudulento; ser intermediario puede exponerte a consecuencias serias. No hace falta saber el nombre técnico del delito para detener una operación de origen incierto y pedir orientación.,{}
C3-0192,azul,13,Cambio de cuenta del proveedor,Decidir antes de actuar,"El proveedor habitual responde en un hilo antiguo de correo y pide pagar la factura a una cuenta nueva hoy mismo. La información parece convincente, pero aún debe comprobarse lo importante por una vía independiente.

¿Qué decisión es la más adecuada con la información disponible?",Confirmar el cambio por el teléfono previamente conocido y seguir el procedimiento de autorización de pagos.,Verificar solo respondiendo al mismo correo.,Aceptar un teléfono nuevo incluido en ese mismo mensaje como única confirmación.,Pagar porque el correo está dentro del hilo de siempre. Un correo enviado desde la cuenta habitual nunca puede contener instrucciones de un impostor.,A,"Confirmar el cambio por el teléfono previamente conocido y seguir el procedimiento de autorización de pagos. Una cuenta de correo auténtica puede estar comprometida; un hilo conocido no garantiza que el cambio sea legítimo. Verificar una dirección ayuda, pero no reemplaza comprobar cambios sensibles por una vía independiente.",{}
C3-0193,azul,13,Orden urgente atribuida al jefe,Decidir antes de actuar,"Un mensaje que parece del gerente pide comprar tarjetas de regalo y enviar los códigos sin comentarlo con contabilidad. La información parece convincente, pero aún debe comprobarse lo importante por una vía independiente.

¿Qué decisión es la más adecuada con la información disponible?",Confirmar la orden con el gerente por un contacto conocido y respetar el proceso de gastos.,Usar dinero propio para no atrasar la orden secreta.,Comprar porque el cargo del remitente obliga a obedecer sin revisión.,Enviar códigos por foto pensando que así pueden recuperarse después.,A,Confirmar la orden con el gerente por un contacto conocido y respetar el proceso de gastos. La autoridad y el secreto pueden usarse para saltar controles; los códigos de regalo pueden gastarse rápidamente al compartirse. El respeto a una autoridad es compatible con confirmar una instrucción inusual que compromete dinero.,{}
C3-0194,azul,13,Cuenta conocida que manda un enlace extraño,Decidir antes de actuar,"Una amiga te envía desde su cuenta habitual un enlace para votar en un concurso que pide la contraseña de tu correo. La información parece convincente, pero aún debe comprobarse lo importante por una vía independiente.

¿Qué decisión es la más adecuada con la información disponible?",Reenviar a otros amigos para ayudarla a ganar.,Entrar porque la cuenta y la foto son las de siempre.,Responder en el mismo chat preguntando si «de verdad es ella» como única prueba.,Confirmar con ella por otra vía y no entregar la contraseña para votar.,D,Confirmar con ella por otra vía y no entregar la contraseña para votar. Una cuenta conocida puede ser robada o utilizada sin permiso; la confianza en la persona no verifica cada enlace que sale de su cuenta. Comprobar no es acusar al conocido; también puede ayudarlo a descubrir que alguien usa su cuenta.,"{""contraseña"": ""Secreto que permite entrar a una cuenta. No debe entregarse a quien lo pida por un mensaje o llamada inesperada."", ""permisos"": ""Autorizaciones para que una aplicación use funciones o datos, como ubicación, cámara, fotos o contactos.""}"
C3-0195,azul,13,Donaciones tras una emergencia,Decidir antes de actuar,"Después de una inundación, un perfil usa fotos impactantes y pide donaciones urgentes a una cuenta que no identifica a la organización. La información parece convincente, pero aún debe comprobarse lo importante por una vía independiente.

¿Qué decisión es la más adecuada con la información disponible?",Comprobar al organizador y la cuenta receptora por canales independientes antes de donar.,Donar porque las fotos demuestran quién recauda.,Confiar solo en la cantidad de veces que se compartió la publicación.,Enviar la foto de tu tarjeta para que cobren el aporte.,A,Comprobar al organizador y la cuenta receptora por canales independientes antes de donar. Las imágenes de una emergencia real pueden utilizarse en una recaudación falsa. Verificar permite ayudar con más seguridad; no implica desentenderse de la emergencia.,"{""receptor"": ""Persona o entidad a cuya cuenta se envía un pago.""}"
C3-0196,azul,13,Alquileres y reservas inexistentes,Decidir antes de actuar,"Un anuncio ofrece un local muy barato y exige reservarlo hoy, pero quien cobra evita mostrarlo y no acredita relación con el inmueble. La información parece convincente, pero aún debe comprobarse lo importante por una vía independiente.

¿Qué decisión es la más adecuada con la información disponible?",Pagar porque las fotografías del local se ven profesionales.,"Comprobar inmueble, identidad y condiciones antes de enviar una reserva.",Transferir para impedir que otra persona se adelante.,Enviar documentos completos antes de verificar al arrendador.,B,"Comprobar inmueble, identidad y condiciones antes de enviar una reserva. Las fotos pueden copiarse de otros anuncios; pagar bajo presión sin verificar al receptor aumenta el riesgo de perder la reserva. Un anticipo no es por sí solo una estafa; la identidad, el derecho a ofrecer el bien y las condiciones deben poder verificarse.","{""receptor"": ""Persona o entidad a cuya cuenta se envía un pago.""}"
C3-0197,azul,13,Falsos beneficios públicos,Decidir antes de actuar,"Un mensaje anuncia que recibes un bono y pide pagar a un gestor por chat para «activar» tu inscripción. La información parece convincente, pero aún debe comprobarse lo importante por una vía independiente.

¿Qué decisión es la más adecuada con la información disponible?",Pagar porque el mensaje muestra el escudo del país.,Enviar claves bancarias para que el gestor revise si calificas.,Reenviar el anuncio a toda la comunidad antes de comprobarlo.,Consultar el beneficio en el portal o atención oficial de la institución antes de pagar o dar datos.,D,Consultar el beneficio en el portal o atención oficial de la institución antes de pagar o dar datos. Un beneficio público puede usarse como excusa para cobrar o recoger datos; escudos y nombres institucionales se pueden copiar. Los requisitos y costos legítimos dependen del trámite; no deben suponerse a partir de una cadena o un perfil particular.,"{""contraseña"": ""Secreto que permite entrar a una cuenta. No debe entregarse a quien lo pida por un mensaje o llamada inesperada.""}"
C3-0201,azul,14,Voz familiar que pide dinero,Aplicar en otro contexto,"Una cocinera recibe una nota de voz de su proveedor pidiendo cambiar la cuenta de pago sin explicación escrita. La información parece convincente, pero aún debe comprobarse lo importante por una vía independiente.

¿Qué decisión es la más adecuada con la información disponible?",Pedir otro audio en el mismo chat como única comprobación.,Pagar porque reconoces el tono de voz.,Confirmar el cambio mediante el contacto previamente verificado del proveedor antes de pagar.,Mantener el secreto y enviar dinero para no preocupar a la familia.,C,"Confirmar el cambio mediante el contacto previamente verificado del proveedor antes de pagar. La inteligencia artificial puede imitar voces de forma convincente; reconocer una voz no verifica por sí solo la petición. Los defectos de audio pueden despertar dudas, pero su ausencia no confirma autenticidad.",{}
C3-0202,azul,14,Video que parece auténtico,Aplicar en otro contexto,"Una secretaria recibe un video que atribuye al gerente la orden de transferir fondos a un proveedor nuevo. La información parece convincente, pero aún debe comprobarse lo importante por una vía independiente.

¿Qué decisión es la más adecuada con la información disponible?",Confiar si el video tiene muchos comentarios positivos.,Invertir porque el rostro y los labios se ven naturales.,Usar solo el enlace del video para comprobar la inversión.,Confirmar la orden por el procedimiento de pagos y un contacto del gerente ya conocido.,D,Confirmar la orden por el procedimiento de pagos y un contacto del gerente ya conocido. Una imagen o video puede alterarse o usarse fuera de contexto; la fama no demuestra que una inversión sea legítima. Una comprobación independiente sigue siendo necesaria aunque no puedas determinar si el video fue generado con inteligencia artificial.,{}
C3-0205,azul,14,Falso soporte en comentarios,Aplicar en otro contexto,"Un chofer reclama una recarga y un perfil privado ofrece devolverla si le envía el código de acceso de su billetera. La información parece convincente, pero aún debe comprobarse lo importante por una vía independiente.

¿Qué decisión es la más adecuada con la información disponible?",Seguir el enlace privado porque tiene el logo de la tienda.,Dar acceso al correo para que busque el pedido.,Confiar porque respondió inmediatamente a tu comentario.,Rechazar la solicitud y abrir un reclamo desde la billetera legítima.,D,Rechazar la solicitud y abrir un reclamo desde la billetera legítima. Los impostores pueden buscar quejas públicas para ofrecer falsa ayuda con datos del problema que acabas de contar. Que alguien conozca tu problema no demuestra que esté autorizado a resolverlo.,{}
C3-0206,azul,14,Oferta de trabajo con pago previo,Aplicar en otro contexto,"Una cocinera recibe una oferta de trabajo en otro país que exige pagar un trámite mediante un chat particular. La información parece convincente, pero aún debe comprobarse lo importante por una vía independiente.

¿Qué decisión es la más adecuada con la información disponible?",Confirmar empleador y trámite con sus fuentes oficiales antes de pagar o enviar documentos.,Enviar cédula y cuenta bancaria para demostrar que aceptas.,Aceptar la urgencia porque hay otras personas interesadas.,Pagar porque el ingreso prometido compensa la reserva.,A,Confirmar empleador y trámite con sus fuentes oficiales antes de pagar o enviar documentos. Cobrar por reservar un puesto no verificado puede ser el objetivo de la estafa; la necesidad de trabajo no debe aprovecharse para presionarte. Puede haber gastos legítimos relacionados con formación o trámites; no justifican pagar una oferta opaca sin comprobar quién cobra y por qué.,{}
C3-0207,azul,14,Tareas que exigen depositar,Aplicar en otro contexto,"Un agricultor participa en una aplicación que paga por ver anuncios y le pide comprar un paquete para retirar. La información parece convincente, pero aún debe comprobarse lo importante por una vía independiente.

¿Qué decisión es la más adecuada con la información disponible?",Pedir prestado para completar la tarea de mayor ganancia.,Invitar amigos para conseguir el dinero del siguiente nivel.,Depositar más porque ya recibiste un pago pequeño.,No asumir que el saldo es real y comprobar la empresa sin enviar dinero para liberar el retiro.,D,No asumir que el saldo es real y comprobar la empresa sin enviar dinero para liberar el retiro. Un pago inicial puede usarse para ganar confianza antes de pedir cantidades mayores que no podrás recuperar. La posibilidad de retirar una cantidad pequeña no garantiza que los depósitos mayores estén seguros.,{}
C3-0208,azul,14,Préstamo con anticipo dudoso,Aplicar en otro contexto,"Un chofer recibe un préstamo aprobado por mensaje aunque no lo solicitó y le piden confirmar con una clave bancaria. La información parece convincente, pero aún debe comprobarse lo importante por una vía independiente.

¿Qué decisión es la más adecuada con la información disponible?",Enviar el anticipo porque representa una parte pequeña del préstamo.,Mandar fotos de todos tus documentos para acelerar la aprobación.,Autorizar acceso a contactos para demostrar buena fe.,No dar la clave y consultar directamente a la entidad supuestamente emisora.,D,No dar la clave y consultar directamente a la entidad supuestamente emisora. Una promesa de préstamo puede utilizarse para cobrar anticipos o recoger datos sin entregar el dinero ofrecido. La existencia de comisiones no prueba por sí sola fraude; el cobro opaco a un receptor no verificado exige detenerse y comprobar.,"{""permisos"": ""Autorizaciones para que una aplicación use funciones o datos, como ubicación, cámara, fotos o contactos."", ""receptor"": ""Persona o entidad a cuya cuenta se envía un pago.""}"
C3-0209,azul,14,Inversiones sin riesgo prometido,Aplicar en otro contexto,"Una secretaria recibe la recomendación de inversión de un contacto que apenas conoce, acompañada de un video convincente. La información parece convincente, pero aún debe comprobarse lo importante por una vía independiente.

¿Qué decisión es la más adecuada con la información disponible?",Usar el dinero destinado al arriendo para no perder la oportunidad.,Evaluar la entidad por fuera del contacto y no usar la popularidad del video como prueba.,Confiar en la garantía escrita por el mismo promotor.,Invertir porque el grupo publica capturas de ganancias.,B,Evaluar la entidad por fuera del contacto y no usar la popularidad del video como prueba. Las promesas de rentabilidad alta y segura son señales de alerta; capturas y testimonios pueden fabricarse. Ni la tecnología utilizada ni un saldo en una aplicación garantizan que exista una inversión legítima o dinero recuperable.,{}
C3-0210,azul,14,Relación afectiva y petición de dinero,Aplicar en otro contexto,"Una cocinera recibe de su contacto romántico una propuesta para invertir en una aplicación que él controla. La información parece convincente, pero aún debe comprobarse lo importante por una vía independiente.

¿Qué decisión es la más adecuada con la información disponible?",Pedir un préstamo para resolver la emergencia de inmediato.,Enviar por miedo a que termine la relación.,No mezclar la relación con una inversión no verificada y buscar una revisión independiente.,Mantener el secreto porque la persona dice que nadie entendería su amor.,C,"No mezclar la relación con una inversión no verificada y buscar una revisión independiente. La cercanía emocional puede utilizarse para presionar; sentir afecto no verifica una identidad ni una solicitud de dinero. No toda relación por internet es un engaño; la presión, el aislamiento y las solicitudes económicas requieren límites y comprobación.",{}
C3-0211,azul,14,Usar tu cuenta para mover dinero ajeno,Aplicar en otro contexto,"Un agricultor recibe una propuesta similar usando su billetera móvil en lugar de una cuenta bancaria. La información parece convincente, pero aún debe comprobarse lo importante por una vía independiente.

¿Qué decisión es la más adecuada con la información disponible?",Entregar las claves para que la empresa haga los movimientos por ti.,Mover solo el primer pago como prueba.,Rechazar el uso de su billetera como paso para dinero ajeno no justificado.,Aceptar porque la comisión es pequeña.,C,Rechazar el uso de su billetera como paso para dinero ajeno no justificado. Tu cuenta podría utilizarse para mover dinero de origen fraudulento; ser intermediario puede exponerte a consecuencias serias. No hace falta saber el nombre técnico del delito para detener una operación de origen incierto y pedir orientación.,{}
C3-0212,azul,14,Cambio de cuenta del proveedor,Aplicar en otro contexto,"Una asociación agrícola recibe un cambio de cuenta en un archivo que parece la factura original y conserva el mismo importe. La información parece convincente, pero aún debe comprobarse lo importante por una vía independiente.

¿Qué decisión es la más adecuada con la información disponible?",Aceptar un teléfono nuevo incluido en ese mismo mensaje como única confirmación.,Confirmar los datos nuevos por un canal previo antes de autorizar la transferencia.,Pagar porque el correo está dentro del hilo de siempre.,Verificar solo respondiendo al mismo correo.,B,"Confirmar los datos nuevos por un canal previo antes de autorizar la transferencia. Una cuenta de correo auténtica puede estar comprometida; un hilo conocido no garantiza que el cambio sea legítimo. Verificar una dirección ayuda, pero no reemplaza comprobar cambios sensibles por una vía independiente.",{}
C3-0213,azul,14,Orden urgente atribuida al jefe,Aplicar en otro contexto,"Un soldador recibe una llamada con voz del dueño del taller ordenando pagar a un supuesto inspector en una cuenta personal. La información parece convincente, pero aún debe comprobarse lo importante por una vía independiente.

¿Qué decisión es la más adecuada con la información disponible?",Usar dinero propio para no atrasar la orden secreta.,Enviar códigos por foto pensando que así pueden recuperarse después.,Verificar con el dueño por otro contacto y comprobar el trámite antes de entregar dinero.,Comprar porque el cargo del remitente obliga a obedecer sin revisión.,C,Verificar con el dueño por otro contacto y comprobar el trámite antes de entregar dinero. La autoridad y el secreto pueden usarse para saltar controles; los códigos de regalo pueden gastarse rápidamente al compartirse. El respeto a una autoridad es compatible con confirmar una instrucción inusual que compromete dinero.,{}
C3-0214,azul,14,Cuenta conocida que manda un enlace extraño,Aplicar en otro contexto,"Un agricultor recibe desde la cuenta de la asociación una encuesta que pide la clave bancaria de cada socio. La información parece convincente, pero aún debe comprobarse lo importante por una vía independiente.

¿Qué decisión es la más adecuada con la información disponible?",Responder en el mismo chat preguntando si «de verdad es ella» como única prueba.,Reenviar a otros amigos para ayudarla a ganar.,Consultar al responsable fuera de ese chat y no entregar claves en la encuesta.,Entrar porque la cuenta y la foto son las de siempre.,C,Consultar al responsable fuera de ese chat y no entregar claves en la encuesta. Una cuenta conocida puede ser robada o utilizada sin permiso; la confianza en la persona no verifica cada enlace que sale de su cuenta. Comprobar no es acusar al conocido; también puede ayudarlo a descubrir que alguien usa su cuenta.,"{""contraseña"": ""Secreto que permite entrar a una cuenta. No debe entregarse a quien lo pida por un mensaje o llamada inesperada."", ""permisos"": ""Autorizaciones para que una aplicación use funciones o datos, como ubicación, cámara, fotos o contactos.""}"
C3-0215,azul,14,Donaciones tras una emergencia,Aplicar en otro contexto,"Una asociación agrícola organiza una colecta legítima, pero circulan dos imágenes con cuentas receptoras diferentes. La información parece convincente, pero aún debe comprobarse lo importante por una vía independiente.

¿Qué decisión es la más adecuada con la información disponible?",Confirmar y comunicar una cuenta verificada mediante los canales habituales de la asociación.,Confiar solo en la cantidad de veces que se compartió la publicación.,Donar porque las fotos demuestran quién recauda.,Enviar la foto de tu tarjeta para que cobren el aporte. Una imagen emotiva permite identificar al receptor del dinero.,A,Confirmar y comunicar una cuenta verificada mediante los canales habituales de la asociación. Las imágenes de una emergencia real pueden utilizarse en una recaudación falsa. Verificar permite ayudar con más seguridad; no implica desentenderse de la emergencia.,"{""receptor"": ""Persona o entidad a cuya cuenta se envía un pago.""}"
C3-0216,azul,14,Alquileres y reservas inexistentes,Aplicar en otro contexto,"Un agricultor reserva alojamiento para una feria y le ofrecen mover el pago fuera de la plataforma para asegurar la habitación. La información parece convincente, pero aún debe comprobarse lo importante por una vía independiente.

¿Qué decisión es la más adecuada con la información disponible?",Enviar documentos completos antes de verificar al arrendador.,Comprobar la reserva en el canal original y revisar las condiciones antes de cambiar el pago.,Pagar porque las fotografías del local se ven profesionales.,Transferir para impedir que otra persona se adelante.,B,"Comprobar la reserva en el canal original y revisar las condiciones antes de cambiar el pago. Las fotos pueden copiarse de otros anuncios; pagar bajo presión sin verificar al receptor aumenta el riesgo de perder la reserva. Un anticipo no es por sí solo una estafa; la identidad, el derecho a ofrecer el bien y las condiciones deben poder verificarse.","{""receptor"": ""Persona o entidad a cuya cuenta se envía un pago.""}"
C3-0217,azul,14,Falsos beneficios públicos,Aplicar en otro contexto,"Una cocinera ve un anuncio de capacitación estatal gratuita que pide instalar una aplicación desconocida para registrarse. La información parece convincente, pero aún debe comprobarse lo importante por una vía independiente.

¿Qué decisión es la más adecuada con la información disponible?",Confirmar la convocatoria y la forma de inscripción directamente con la entidad.,Reenviar el anuncio a toda la comunidad antes de comprobarlo.,Enviar claves bancarias para que el gestor revise si calificas.,Pagar porque el mensaje muestra el escudo del país.,A,Confirmar la convocatoria y la forma de inscripción directamente con la entidad. Un beneficio público puede usarse como excusa para cobrar o recoger datos; escudos y nombres institucionales se pueden copiar. Los requisitos y costos legítimos dependen del trámite; no deben suponerse a partir de una cadena o un perfil particular.,"{""contraseña"": ""Secreto que permite entrar a una cuenta. No debe entregarse a quien lo pida por un mensaje o llamada inesperada.""}"
C3-0221,azul,15,Voz familiar que pide dinero,Responder y dar seguimiento,"Un agricultor transfirió tras escuchar la voz de su sobrino y la familia confirma que nadie pidió dinero. La persona está dispuesta a pedir ayuda y puede usar un canal oficial. Necesita decidir qué hacer ahora sin ampliar la exposición.

¿Qué decisión es la más adecuada con la información disponible?",Pagar porque reconoces el tono de voz.,"Contactar de inmediato al banco, detener nuevos pagos y guardar audio, mensajes y comprobante.",Mantener el secreto y enviar dinero para no preocupar a la familia.,Pedir otro audio en el mismo chat como única comprobación.,B,"Contactar de inmediato al banco, detener nuevos pagos y guardar audio, mensajes y comprobante. La inteligencia artificial puede imitar voces de forma convincente; reconocer una voz no verifica por sí solo la petición. Los defectos de audio pueden despertar dudas, pero su ausencia no confirma autenticidad.","{""canal oficial"": ""Aplicación, página o contacto de la entidad cuya procedencia comprobaste; no basta que tenga un logotipo.""}"
C3-0222,azul,15,Video que parece auténtico,Responder y dar seguimiento,"Un tendero pagó a la plataforma del video y ahora le cobran una tasa adicional para retirar las supuestas ganancias. La persona está dispuesta a pedir ayuda y puede usar un canal oficial. Necesita decidir qué hacer ahora sin ampliar la exposición.

¿Qué decisión es la más adecuada con la información disponible?",Confiar si el video tiene muchos comentarios positivos.,Invertir porque el rostro y los labios se ven naturales.,"No enviar más dinero, guardar pruebas y contactar al medio de pago para reportar el posible fraude.",Usar solo el enlace del video para comprobar la inversión.,C,"No enviar más dinero, guardar pruebas y contactar al medio de pago para reportar el posible fraude. Una imagen o video puede alterarse o usarse fuera de contexto; la fama no demuestra que una inversión sea legítima. Una comprobación independiente sigue siendo necesaria aunque no puedas determinar si el video fue generado con inteligencia artificial.","{""canal oficial"": ""Aplicación, página o contacto de la entidad cuya procedencia comprobaste; no basta que tenga un logotipo.""}"
C3-0225,azul,15,Falso soporte en comentarios,Responder y dar seguimiento,"Una secretaria entregó su clave al falso soporte y recibió un aviso de acceso desde otro equipo. La persona está dispuesta a pedir ayuda y puede usar un canal oficial. Necesita decidir qué hacer ahora sin ampliar la exposición.

¿Qué decisión es la más adecuada con la información disponible?",Seguir el enlace privado porque tiene el logo de la tienda.,"Recuperar la cuenta por el servicio oficial, cambiar la clave y cerrar accesos ajenos.",Dar acceso al correo para que busque el pedido.,Confiar porque respondió inmediatamente a tu comentario. Conocer el pedido publicado en una queja demuestra acceso interno a la tienda.,B,"Recuperar la cuenta por el servicio oficial, cambiar la clave y cerrar accesos ajenos. Los impostores pueden buscar quejas públicas para ofrecer falsa ayuda con datos del problema que acabas de contar. Que alguien conozca tu problema no demuestra que esté autorizado a resolverlo.","{""canal oficial"": ""Aplicación, página o contacto de la entidad cuya procedencia comprobaste; no basta que tenga un logotipo.""}"
C3-0226,azul,15,Oferta de trabajo con pago previo,Responder y dar seguimiento,"Un soldador pagó la reserva y ahora le exigen otro pago por un supuesto uniforme que nunca vio. La persona está dispuesta a pedir ayuda y puede usar un canal oficial. Necesita decidir qué hacer ahora sin ampliar la exposición.

¿Qué decisión es la más adecuada con la información disponible?","Detener los pagos, guardar la oferta y reportar al medio de pago y al sitio donde se anunció.",Pagar porque el ingreso prometido compensa la reserva.,Aceptar la urgencia porque hay otras personas interesadas.,Enviar cédula y cuenta bancaria para demostrar que aceptas.,A,"Detener los pagos, guardar la oferta y reportar al medio de pago y al sitio donde se anunció. Cobrar por reservar un puesto no verificado puede ser el objetivo de la estafa; la necesidad de trabajo no debe aprovecharse para presionarte. Puede haber gastos legítimos relacionados con formación o trámites; no justifican pagar una oferta opaca sin comprobar quién cobra y por qué.","{""canal oficial"": ""Aplicación, página o contacto de la entidad cuya procedencia comprobaste; no basta que tenga un logotipo.""}"
C3-0227,azul,15,Tareas que exigen depositar,Responder y dar seguimiento,"Una tendera depositó varias veces y su pantalla muestra ganancias que no le permiten retirar sin otro pago. La persona está dispuesta a pedir ayuda y puede usar un canal oficial. Necesita decidir qué hacer ahora sin ampliar la exposición.

¿Qué decisión es la más adecuada con la información disponible?","No pagar más, conservar registros y reportar las transferencias por los canales de pago.",Pedir prestado para completar la tarea de mayor ganancia.,Invitar amigos para conseguir el dinero del siguiente nivel.,Depositar más porque ya recibiste un pago pequeño.,A,"No pagar más, conservar registros y reportar las transferencias por los canales de pago. Un pago inicial puede usarse para ganar confianza antes de pedir cantidades mayores que no podrás recuperar. La posibilidad de retirar una cantidad pequeña no garantiza que los depósitos mayores estén seguros.","{""canal oficial"": ""Aplicación, página o contacto de la entidad cuya procedencia comprobaste; no basta que tenga un logotipo.""}"
C3-0228,azul,15,Préstamo con anticipo dudoso,Responder y dar seguimiento,"Una cocinera pagó una supuesta garantía y le exigen después un impuesto adicional para desembolsar. La persona está dispuesta a pedir ayuda y puede usar un canal oficial. Necesita decidir qué hacer ahora sin ampliar la exposición.

¿Qué decisión es la más adecuada con la información disponible?",Enviar el anticipo porque representa una parte pequeña del préstamo.,Mandar fotos de todos tus documentos para acelerar la aprobación.,"Detener los pagos, guardar los mensajes y reportar la operación al medio de pago.",Autorizar acceso a contactos para demostrar buena fe.,C,"Detener los pagos, guardar los mensajes y reportar la operación al medio de pago. Una promesa de préstamo puede utilizarse para cobrar anticipos o recoger datos sin entregar el dinero ofrecido. La existencia de comisiones no prueba por sí sola fraude; el cobro opaco a un receptor no verificado exige detenerse y comprobar.","{""permisos"": ""Autorizaciones para que una aplicación use funciones o datos, como ubicación, cámara, fotos o contactos."", ""receptor"": ""Persona o entidad a cuya cuenta se envía un pago."", ""canal oficial"": ""Aplicación, página o contacto de la entidad cuya procedencia comprobaste; no basta que tenga un logotipo.""}"
C3-0229,azul,15,Inversiones sin riesgo prometido,Responder y dar seguimiento,"Un agricultor aportó dinero y ahora debe pagar un «impuesto de retiro» al mismo promotor para recuperar el saldo. La persona está dispuesta a pedir ayuda y puede usar un canal oficial. Necesita decidir qué hacer ahora sin ampliar la exposición.

¿Qué decisión es la más adecuada con la información disponible?","Detener nuevos envíos, conservar evidencia y reportar por el medio de pago y los canales competentes.",Confiar en la garantía escrita por el mismo promotor.,Invertir porque el grupo publica capturas de ganancias.,Usar el dinero destinado al arriendo para no perder la oportunidad.,A,"Detener nuevos envíos, conservar evidencia y reportar por el medio de pago y los canales competentes. Las promesas de rentabilidad alta y segura son señales de alerta; capturas y testimonios pueden fabricarse. Ni la tecnología utilizada ni un saldo en una aplicación garantizan que exista una inversión legítima o dinero recuperable.","{""canal oficial"": ""Aplicación, página o contacto de la entidad cuya procedencia comprobaste; no basta que tenga un logotipo.""}"
C3-0230,azul,15,Relación afectiva y petición de dinero,Responder y dar seguimiento,"Un chofer ha enviado dinero varias veces y cada intento de encontrarse con la persona termina en una nueva emergencia. La persona está dispuesta a pedir ayuda y puede usar un canal oficial. Necesita decidir qué hacer ahora sin ampliar la exposición.

¿Qué decisión es la más adecuada con la información disponible?","Detener los envíos, guardar conversaciones y buscar apoyo y reporte sin culparse por haber confiado.",Pedir un préstamo para resolver la emergencia de inmediato. Poner un límite al envío de dinero demuestra falta de afecto.,Mantener el secreto porque la persona dice que nadie entendería su amor.,Enviar por miedo a que termine la relación.,A,"Detener los envíos, guardar conversaciones y buscar apoyo y reporte sin culparse por haber confiado. La cercanía emocional puede utilizarse para presionar; sentir afecto no verifica una identidad ni una solicitud de dinero. No toda relación por internet es un engaño; la presión, el aislamiento y las solicitudes económicas requieren límites y comprobación.","{""canal oficial"": ""Aplicación, página o contacto de la entidad cuya procedencia comprobaste; no basta que tenga un logotipo.""}"
C3-0231,azul,15,Usar tu cuenta para mover dinero ajeno,Responder y dar seguimiento,"Una secretaria ya recibió dinero de un desconocido y el supuesto empleador exige reenviarlo a varias personas. La persona está dispuesta a pedir ayuda y puede usar un canal oficial. Necesita decidir qué hacer ahora sin ampliar la exposición.

¿Qué decisión es la más adecuada con la información disponible?",Mover solo el primer pago como prueba.,No moverlo por su cuenta y contactar al banco explicando lo ocurrido para recibir instrucciones.,Entregar las claves para que la empresa haga los movimientos por ti.,Aceptar porque la comisión es pequeña.,B,No moverlo por su cuenta y contactar al banco explicando lo ocurrido para recibir instrucciones. Tu cuenta podría utilizarse para mover dinero de origen fraudulento; ser intermediario puede exponerte a consecuencias serias. No hace falta saber el nombre técnico del delito para detener una operación de origen incierto y pedir orientación.,"{""canal oficial"": ""Aplicación, página o contacto de la entidad cuya procedencia comprobaste; no basta que tenga un logotipo.""}"
C3-0232,azul,15,Cambio de cuenta del proveedor,Responder y dar seguimiento,"Una tendera pagó la factura modificada y el proveedor real afirma no haber recibido el dinero. La persona está dispuesta a pedir ayuda y puede usar un canal oficial. Necesita decidir qué hacer ahora sin ampliar la exposición.

¿Qué decisión es la más adecuada con la información disponible?",Verificar solo respondiendo al mismo correo.,Pagar porque el correo está dentro del hilo de siempre.,Aceptar un teléfono nuevo incluido en ese mismo mensaje como única confirmación.,"Reportar de inmediato al banco, avisar al proveedor por otro canal y conservar el hilo completo y el comprobante.",D,"Reportar de inmediato al banco, avisar al proveedor por otro canal y conservar el hilo completo y el comprobante. Una cuenta de correo auténtica puede estar comprometida; un hilo conocido no garantiza que el cambio sea legítimo. Verificar una dirección ayuda, pero no reemplaza comprobar cambios sensibles por una vía independiente.","{""canal oficial"": ""Aplicación, página o contacto de la entidad cuya procedencia comprobaste; no basta que tenga un logotipo.""}"
C3-0233,azul,15,Orden urgente atribuida al jefe,Responder y dar seguimiento,"Una secretaria compró tarjetas y envió sus códigos; el gerente real niega haberlas pedido. La persona está dispuesta a pedir ayuda y puede usar un canal oficial. Necesita decidir qué hacer ahora sin ampliar la exposición.

¿Qué decisión es la más adecuada con la información disponible?",Comprar porque el cargo del remitente obliga a obedecer sin revisión.,Usar dinero propio para no atrasar la orden secreta.,Enviar códigos por foto pensando que así pueden recuperarse después.,"Contactar rápidamente al emisor de las tarjetas para reportar y consultar bloqueo, guardando recibos y mensajes.",D,"Contactar rápidamente al emisor de las tarjetas para reportar y consultar bloqueo, guardando recibos y mensajes. La autoridad y el secreto pueden usarse para saltar controles; los códigos de regalo pueden gastarse rápidamente al compartirse. El respeto a una autoridad es compatible con confirmar una instrucción inusual que compromete dinero.","{""canal oficial"": ""Aplicación, página o contacto de la entidad cuya procedencia comprobaste; no basta que tenga un logotipo.""}"
C3-0234,azul,15,Cuenta conocida que manda un enlace extraño,Responder y dar seguimiento,"Una cocinera escribió la clave para votar y sus contactos empezaron a recibir el mismo enlace desde su cuenta. La persona está dispuesta a pedir ayuda y puede usar un canal oficial. Necesita decidir qué hacer ahora sin ampliar la exposición.

¿Qué decisión es la más adecuada con la información disponible?",Reenviar a otros amigos para ayudarla a ganar.,Responder en el mismo chat preguntando si «de verdad es ella» como única prueba.,Recuperar y proteger la cuenta por su servicio oficial y advertir a los contactos por otro medio.,Entrar porque la cuenta y la foto son las de siempre.,C,Recuperar y proteger la cuenta por su servicio oficial y advertir a los contactos por otro medio. Una cuenta conocida puede ser robada o utilizada sin permiso; la confianza en la persona no verifica cada enlace que sale de su cuenta. Comprobar no es acusar al conocido; también puede ayudarlo a descubrir que alguien usa su cuenta.,"{""contraseña"": ""Secreto que permite entrar a una cuenta. No debe entregarse a quien lo pida por un mensaje o llamada inesperada."", ""permisos"": ""Autorizaciones para que una aplicación use funciones o datos, como ubicación, cámara, fotos o contactos."", ""canal oficial"": ""Aplicación, página o contacto de la entidad cuya procedencia comprobaste; no basta que tenga un logotipo.""}"
C3-0235,azul,15,Donaciones tras una emergencia,Responder y dar seguimiento,"Una tendera donó y luego la organización real aclaró que esa cuenta no era suya. La persona está dispuesta a pedir ayuda y puede usar un canal oficial. Necesita decidir qué hacer ahora sin ampliar la exposición.

¿Qué decisión es la más adecuada con la información disponible?","Guardar la publicación y el comprobante, reportar al medio de pago y al sitio que difundió la campaña.",Donar porque las fotos demuestran quién recauda.,Enviar la foto de tu tarjeta para que cobren el aporte. Una imagen emotiva permite identificar al receptor del dinero.,Confiar solo en la cantidad de veces que se compartió la publicación.,A,"Guardar la publicación y el comprobante, reportar al medio de pago y al sitio que difundió la campaña. Las imágenes de una emergencia real pueden utilizarse en una recaudación falsa. Verificar permite ayudar con más seguridad; no implica desentenderse de la emergencia.","{""receptor"": ""Persona o entidad a cuya cuenta se envía un pago."", ""canal oficial"": ""Aplicación, página o contacto de la entidad cuya procedencia comprobaste; no basta que tenga un logotipo.""}"
C3-0236,azul,15,Alquileres y reservas inexistentes,Responder y dar seguimiento,"Una cocinera pagó la reserva de un local y al visitarlo descubrió que otra persona ya lo ocupa y no conoce al anunciante. La persona está dispuesta a pedir ayuda y puede usar un canal oficial. Necesita decidir qué hacer ahora sin ampliar la exposición.

¿Qué decisión es la más adecuada con la información disponible?",Transferir para impedir que otra persona se adelante.,Pagar porque las fotografías del local se ven profesionales.,Enviar documentos completos antes de verificar al arrendador.,"Conservar anuncio y pago, reportar al medio de pago y a la plataforma, y consultar los canales de denuncia pertinentes.",D,"Conservar anuncio y pago, reportar al medio de pago y a la plataforma, y consultar los canales de denuncia pertinentes. Las fotos pueden copiarse de otros anuncios; pagar bajo presión sin verificar al receptor aumenta el riesgo de perder la reserva. Un anticipo no es por sí solo una estafa; la identidad, el derecho a ofrecer el bien y las condiciones deben poder verificarse.","{""receptor"": ""Persona o entidad a cuya cuenta se envía un pago."", ""canal oficial"": ""Aplicación, página o contacto de la entidad cuya procedencia comprobaste; no basta que tenga un logotipo.""}"
C3-0237,azul,15,Falsos beneficios públicos,Responder y dar seguimiento,"Un agricultor envió su documento y un pago al supuesto gestor, que ahora exige una segunda tasa. La persona está dispuesta a pedir ayuda y puede usar un canal oficial. Necesita decidir qué hacer ahora sin ampliar la exposición.

¿Qué decisión es la más adecuada con la información disponible?","Detener el pago, guardar evidencia y consultar la institución y el medio de pago por vías oficiales.",Enviar claves bancarias para que el gestor revise si calificas.,Reenviar el anuncio a toda la comunidad antes de comprobarlo.,Pagar porque el mensaje muestra el escudo del país.,A,"Detener el pago, guardar evidencia y consultar la institución y el medio de pago por vías oficiales. Un beneficio público puede usarse como excusa para cobrar o recoger datos; escudos y nombres institucionales se pueden copiar. Los requisitos y costos legítimos dependen del trámite; no deben suponerse a partir de una cadena o un perfil particular.","{""contraseña"": ""Secreto que permite entrar a una cuenta. No debe entregarse a quien lo pida por un mensaje o llamada inesperada."", ""canal oficial"": ""Aplicación, página o contacto de la entidad cuya procedencia comprobaste; no basta que tenga un logotipo.""}"
C3-0198,marron,16,Pérdida de señal y cambio de línea,Decidir antes de actuar,"Tu teléfono pierde señal sin explicación y al mismo tiempo recibes por correo un aviso de cambio de la línea que no solicitaste. La información parece convincente, pero aún debe comprobarse lo importante por una vía independiente.

¿Qué decisión es la más adecuada con la información disponible?",Contactar a la operadora desde otro teléfono y proteger las cuentas sensibles con sus servicios oficiales.,Leer códigos a una llamada que promete devolver la cobertura.,Aceptar un enlace recibido para «activar» de nuevo la línea con tu clave bancaria.,Esperar varios días porque perder señal nunca afecta las cuentas.,A,"Contactar a la operadora desde otro teléfono y proteger las cuentas sensibles con sus servicios oficiales. Una sustitución no autorizada de la SIM, el módulo de identificación del abonado, puede llevar llamadas y mensajes a otra persona. La falta de señal tiene causas normales; combinarla con cambios no autorizados requiere una respuesta rápida. SIM: Módulo de identificación del abonado (Subscriber Identity Module): identifica la suscripción de tu línea móvil; puede existir en tarjeta o en forma digital.","{""SIM"": ""Módulo de identificación del abonado (Subscriber Identity Module): identifica la suscripción de tu línea móvil; puede existir en tarjeta o en forma digital.""}"
C3-0241,marron,16,Elegir la respuesta según lo ocurrido,Decidir antes de actuar,"Recibiste un correo dudoso, pero solo lo leíste: no abriste enlaces, no descargaste nada ni entregaste información. Hay que limitar el daño y conservar la información útil. La persona dispone de un equipo confiable o puede pedir asistencia oficial.

¿Qué decisión es la más adecuada con la información disponible?",Responder al remitente para que confirme si ya entró en tus cuentas.,Transferir tus ahorros a otra cuenta por miedo al mensaje.,Borrar el teléfono de fábrica como primera reacción obligatoria.,Reportarlo como sospechoso y retirarlo sin asumir por ello que todas las cuentas fueron robadas.,D,Reportarlo como sospechoso y retirarlo sin asumir por ello que todas las cuentas fueron robadas. La medida debe corresponder a la exposición real; recibir un mensaje no equivale a entregar datos o ejecutar un programa. No siempre podrás determinar todo de inmediato; describir con precisión lo ocurrido ayuda a pedir la asistencia adecuada.,{}
C3-0242,marron,16,Exposición de contraseña y sesiones,Decidir antes de actuar,"Descubres que escribiste la clave del correo en una página falsa y aún tienes acceso desde un equipo confiable. Hay que limitar el daño y conservar la información útil. La persona dispone de un equipo confiable o puede pedir asistencia oficial.

¿Qué decisión es la más adecuada con la información disponible?",Esperar a perder el acceso para iniciar la recuperación.,Pedir al dueño de la página falsa que elimine la clave antes de cambiarla.,"Cambiar únicamente la clave, sin revisar las sesiones ni los métodos de recuperación.","Cambiar la clave, cerrar sesiones ajenas y revisar la recuperación desde el servicio oficial.",D,"Cambiar la clave, cerrar sesiones ajenas y revisar la recuperación desde el servicio oficial. Una clave expuesta permite intentos de acceso y una sesión ya abierta puede persistir si no se revoca. Cambiar la clave es una parte de la recuperación; también importan sesiones, permisos y métodos de acceso.","{""contraseña"": ""Secreto que permite entrar a una cuenta. No debe entregarse a quien lo pida por un mensaje o llamada inesperada."", ""sesión"": ""Acceso que permanece abierto en una aplicación o navegador después de iniciar sesión."", ""permisos"": ""Autorizaciones para que una aplicación use funciones o datos, como ubicación, cámara, fotos o contactos."", ""revocar"": ""Retirar una autorización que se había concedido.""}"
C3-0243,marron,16,Reenvío oculto del correo,Decidir antes de actuar,"Tras recuperar tu correo, descubres una regla que envía automáticamente las facturas a una dirección desconocida. Hay que limitar el daño y conservar la información útil. La persona dispone de un equipo confiable o puede pedir asistencia oficial.

¿Qué decisión es la más adecuada con la información disponible?",Dejarla activa porque ya cambiaste la contraseña.,Borrar únicamente las facturas nuevas sin revisar la configuración.,Escribir a la dirección desconocida enviando más facturas para pedir explicaciones. Un reenvío no puede mostrar documentos adjuntos a otro destinatario.,"Retirar la regla no autorizada y revisar otras reglas, accesos y permisos de la cuenta.",D,"Retirar la regla no autorizada y revisar otras reglas, accesos y permisos de la cuenta. Una regla de reenvío puede seguir copiando mensajes aunque cambies la clave, si permanece configurada. Las opciones de reglas cambian entre proveedores; si no sabes revisarlas, pide guía del soporte oficial sin entregar la contraseña.","{""contraseña"": ""Secreto que permite entrar a una cuenta. No debe entregarse a quien lo pida por un mensaje o llamada inesperada."", ""sesión"": ""Acceso que permanece abierto en una aplicación o navegador después de iniciar sesión."", ""permisos"": ""Autorizaciones para que una aplicación use funciones o datos, como ubicación, cámara, fotos o contactos.""}"
C3-0244,marron,16,Aplicaciones conectadas a tu cuenta,Decidir antes de actuar,"Después de recuperar tu correo, ves una aplicación desconocida autorizada para leer mensajes. Hay que limitar el daño y conservar la información útil. La persona dispone de un equipo confiable o puede pedir asistencia oficial.

¿Qué decisión es la más adecuada con la información disponible?",Abrir el enlace de la aplicación y entregarle de nuevo la clave para identificarla.,Revocar su permiso y revisar los demás accesos conectados.,Ignorarla porque no conoce tu nueva contraseña.,Conservar todos los permisos para no alterar la configuración del correo.,B,"Revocar su permiso y revisar los demás accesos conectados. Una aplicación autorizada puede mantener acceso según el servicio sin necesitar que le dictes la nueva clave. Revocar un permiso limita acceso futuro, pero no elimina necesariamente las copias que la aplicación ya obtuvo.","{""contraseña"": ""Secreto que permite entrar a una cuenta. No debe entregarse a quien lo pida por un mensaje o llamada inesperada."", ""permisos"": ""Autorizaciones para que una aplicación use funciones o datos, como ubicación, cámara, fotos o contactos."", ""revocar"": ""Retirar una autorización que se había concedido.""}"
C3-0245,marron,16,Correo de recuperación cambiado,Decidir antes de actuar,"Un aviso legítimo indica que cambió el teléfono de recuperación de tu correo y tú no hiciste ese cambio. Hay que limitar el daño y conservar la información útil. La persona dispone de un equipo confiable o puede pedir asistencia oficial.

¿Qué decisión es la más adecuada con la información disponible?",Entregar otro código al mensaje que promete deshacer el cambio.,Llamar al teléfono nuevo para pedir permiso de usar la cuenta.,Esperar porque el cambio no importa mientras la contraseña siga funcionando.,Entrar por la ruta oficial para proteger la cuenta y restaurar métodos de recuperación propios si aún puedes.,D,Entrar por la ruta oficial para proteger la cuenta y restaurar métodos de recuperación propios si aún puedes. Quien controla la recuperación puede intentar recuperar o mantener el acceso incluso después de un cambio de contraseña. Proteger el correo principal es especialmente importante porque suele servir para recuperar otras cuentas.,"{""contraseña"": ""Secreto que permite entrar a una cuenta. No debe entregarse a quien lo pida por un mensaje o llamada inesperada."", ""permisos"": ""Autorizaciones para que una aplicación use funciones o datos, como ubicación, cámara, fotos o contactos.""}"
C3-0246,marron,16,Tarjeta expuesta y cargos,Decidir antes de actuar,"Escribiste número, vencimiento y código de seguridad de la tarjeta en una web falsa, pero todavía no ves cargos. Hay que limitar el daño y conservar la información útil. La persona dispone de un equipo confiable o puede pedir asistencia oficial.

¿Qué decisión es la más adecuada con la información disponible?",Esperar al estado de cuenta mensual antes de avisar.,Borrar el historial del navegador para anular los datos entregados.,Contactar al emisor para bloquear o reemplazar la tarjeta y reportar la exposición sin esperar un cargo.,Cambiar solo la contraseña del correo suponiendo que invalida la tarjeta.,C,"Contactar al emisor para bloquear o reemplazar la tarjeta y reportar la exposición sin esperar un cargo. Los datos de tarjeta expuestos pueden utilizarse después; limpiar el navegador no retira lo que recibió la página. Bloquear una tarjeta limita usos posteriores, pero no garantiza cancelar operaciones previas ni proteger por sí solo todo el acceso bancario.","{""contraseña"": ""Secreto que permite entrar a una cuenta. No debe entregarse a quien lo pida por un mensaje o llamada inesperada.""}"
C3-0247,marron,16,Transferencia fraudulenta ya enviada,Decidir antes de actuar,"Tras transferir dinero, confirmas por otro canal que el supuesto proveedor no solicitó ese pago. Hay que limitar el daño y conservar la información útil. La persona dispone de un equipo confiable o puede pedir asistencia oficial.

¿Qué decisión es la más adecuada con la información disponible?",Prometer a otros afectados que el banco devolverá todo automáticamente.,Enviar otro pago al destinatario para que tramite la devolución.,Esperar a reunir toda la historia antes de avisar al banco.,"Contactar inmediatamente al banco y reportar la operación con cuenta, monto, hora y comprobante.",D,"Contactar inmediatamente al banco y reportar la operación con cuenta, monto, hora y comprobante. Avisar pronto puede permitir acciones del banco, pero el resultado depende del estado y características de la operación. No se debe prometer recuperación del dinero; la acción útil es reportar rápido, conservar pruebas y evitar pérdidas adicionales.","{""receptor"": ""Persona o entidad a cuya cuenta se envía un pago.""}"
C3-0248,marron,16,Robo de teléfono con cuentas abiertas,Decidir antes de actuar,"Te roban el teléfono desbloqueado con correo y banca abiertos; ya estás en un lugar seguro y puedes usar otro equipo confiable. Hay que limitar el daño y conservar la información útil. La persona dispone de un equipo confiable o puede pedir asistencia oficial.

¿Qué decisión es la más adecuada con la información disponible?",Esperar a comprar otro para reportar la línea y la banca.,"Avisar al banco y la operadora, usar el bloqueo remoto oficial disponible y proteger las cuentas principales.",Introducir la clave en un enlace recibido que promete mostrar la ubicación.,Perseguir por tu cuenta la ubicación del teléfono.,B,"Avisar al banco y la operadora, usar el bloqueo remoto oficial disponible y proteger las cuentas principales. El teléfono puede dar acceso a cuentas y códigos; actuar por canales oficiales reduce exposición sin arriesgar tu seguridad física. El orden concreto depende de los accesos disponibles; bloquear la línea, el equipo y las cuentas son medidas distintas.","{""sesión"": ""Acceso que permanece abierto en una aplicación o navegador después de iniciar sesión."", ""permisos"": ""Autorizaciones para que una aplicación use funciones o datos, como ubicación, cámara, fotos o contactos."", ""revocar"": ""Retirar una autorización que se había concedido.""}"
C3-0249,marron,16,Mensajes para quitar el bloqueo antirrobo,Decidir antes de actuar,"Después de perder tu celular, recibes un mensaje que dice haberlo encontrado y te pide entrar por un enlace y quitarlo de tu cuenta. Hay que limitar el daño y conservar la información útil. La persona dispone de un equipo confiable o puede pedir asistencia oficial.

¿Qué decisión es la más adecuada con la información disponible?",Enviar códigos de acceso al supuesto centro de objetos perdidos.,Quitar el dispositivo de tu cuenta porque el mensaje afirma que así podrá localizarse.,Usar solo la herramienta oficial del fabricante y no retirar el bloqueo por instrucciones del mensaje.,Introducir la clave en el enlace para ver la dirección del teléfono.,C,Usar solo la herramienta oficial del fabricante y no retirar el bloqueo por instrucciones del mensaje. Quien tiene un equipo robado puede intentar obtener tus claves o hacer que retires protecciones para poder usarlo. Las funciones cambian según el fabricante; sigue su procedimiento y evita asumir que retirar la cuenta equivale a borrar el equipo.,{}
C3-0250,marron,16,Archivos cifrados con exigencia de pago,Decidir antes de actuar,"En la computadora del negocio varios archivos ya no abren y aparece una exigencia de dinero para recuperarlos. Hay que limitar el daño y conservar la información útil. La persona dispone de un equipo confiable o puede pedir asistencia oficial.

¿Qué decisión es la más adecuada con la información disponible?",Seguir trabajando y compartir las carpetas con otros equipos.,"Desconectar el equipo de la red y pedir soporte confiable, evitando conectar las copias de seguridad.",Conectar la única copia externa al equipo afectado para probarla.,Pagar de inmediato porque eso garantiza recuperar todos los archivos.,B,"Desconectar el equipo de la red y pedir soporte confiable, evitando conectar las copias de seguridad. Un programa de secuestro de datos, llamado ransomware, puede bloquear archivos y propagarse; separar el equipo ayuda a limitar el daño. Una exigencia en una página aislada no confirma por sí sola cifrado real; no conviene pagar ni abrir más archivos para experimentar.","{""copia de seguridad"": ""Copia preparada para recuperar datos si los originales dejan de estar disponibles."", ""cifrado"": ""Protección que transforma datos para que no se puedan leer sin la clave o mecanismo necesario."", ""ransomware"": ""Programa de secuestro de datos: puede cifrar archivos o bloquear acceso y exigir dinero. Pagar no garantiza recuperarlos.""}"
C3-0251,marron,16,Recuperación después de un programa dañino,Decidir antes de actuar,"El soporte retiró un programa dañino de tu computadora, donde habías usado correo y banca mientras estaba instalado. Hay que limitar el daño y conservar la información útil. La persona dispone de un equipo confiable o puede pedir asistencia oficial.

¿Qué decisión es la más adecuada con la información disponible?",Dar por recuperadas todas las cuentas solo porque la computadora volvió a funcionar rápido.,Reutilizar la contraseña anterior porque el programa ya se eliminó.,Proteger las cuentas posiblemente expuestas desde un equipo confiable y seguir la revisión de soporte.,Ignorar accesos extraños ocurridos durante la infección.,C,Proteger las cuentas posiblemente expuestas desde un equipo confiable y seguir la revisión de soporte. Eliminar un programa no retira claves o datos que ya pudo copiar ni cierra automáticamente sesiones abiertas en otros equipos. La recuperación del equipo y la de las cuentas o medios de pago requieren comprobaciones separadas.,"{""contraseña"": ""Secreto que permite entrar a una cuenta. No debe entregarse a quien lo pida por un mensaje o llamada inesperada.""}"
C3-0218,marron,17,Pérdida de señal y cambio de línea,Aplicar en otro contexto,"Un chofer pierde señal en una zona rural sin otros avisos de seguridad. La información parece convincente, pero aún debe comprobarse lo importante por una vía independiente.

¿Qué decisión es la más adecuada con la información disponible?",Leer códigos a una llamada que promete devolver la cobertura.,Esperar varios días porque perder señal nunca afecta las cuentas.,"Comprobar cobertura y servicio antes de concluir que hay fraude, prestando atención a cambios o accesos no solicitados.",Aceptar un enlace recibido para «activar» de nuevo la línea con tu clave bancaria.,C,"Comprobar cobertura y servicio antes de concluir que hay fraude, prestando atención a cambios o accesos no solicitados. Una sustitución no autorizada de la SIM, el módulo de identificación del abonado, puede llevar llamadas y mensajes a otra persona. La falta de señal tiene causas normales; combinarla con cambios no autorizados requiere una respuesta rápida. SIM: Módulo de identificación del abonado (Subscriber Identity Module): identifica la suscripción de tu línea móvil; puede existir en tarjeta o en forma digital.","{""SIM"": ""Módulo de identificación del abonado (Subscriber Identity Module): identifica la suscripción de tu línea móvil; puede existir en tarjeta o en forma digital.""}"
C3-0261,marron,17,Elegir la respuesta según lo ocurrido,Aplicar en otro contexto,"Un agricultor descargó un documento inesperado en su computadora, pero no lo abrió ni ejecutó. Hay que limitar el daño y conservar la información útil. La persona dispone de un equipo confiable o puede pedir asistencia oficial.

¿Qué decisión es la más adecuada con la información disponible?",Borrar el teléfono de fábrica como primera reacción obligatoria.,Responder al remitente para que confirme si ya entró en tus cuentas.,"No abrirlo y pedir una revisión confiable si tiene dudas, sin tratar la descarga como prueba automática de infección.",Transferir tus ahorros a otra cuenta por miedo al mensaje.,C,"No abrirlo y pedir una revisión confiable si tiene dudas, sin tratar la descarga como prueba automática de infección. La medida debe corresponder a la exposición real; recibir un mensaje no equivale a entregar datos o ejecutar un programa. No siempre podrás determinar todo de inmediato; describir con precisión lo ocurrido ayuda a pedir la asistencia adecuada.",{}
C3-0262,marron,17,Exposición de contraseña y sesiones,Aplicar en otro contexto,"Una tendera perdió por completo el acceso al correo después de compartir la clave y el atacante cambió la recuperación. Hay que limitar el daño y conservar la información útil. La persona dispone de un equipo confiable o puede pedir asistencia oficial.

¿Qué decisión es la más adecuada con la información disponible?",Iniciar la recuperación oficial de cuenta desde un equipo confiable y proteger servicios vinculados sin pagar a recuperadores desconocidos.,"Cambiar únicamente la clave, sin revisar las sesiones ni los métodos de recuperación.",Pedir al dueño de la página falsa que elimine la clave antes de cambiarla.,Esperar a perder el acceso para iniciar la recuperación.,A,"Iniciar la recuperación oficial de cuenta desde un equipo confiable y proteger servicios vinculados sin pagar a recuperadores desconocidos. Una clave expuesta permite intentos de acceso y una sesión ya abierta puede persistir si no se revoca. Cambiar la clave es una parte de la recuperación; también importan sesiones, permisos y métodos de acceso.","{""contraseña"": ""Secreto que permite entrar a una cuenta. No debe entregarse a quien lo pida por un mensaje o llamada inesperada."", ""sesión"": ""Acceso que permanece abierto en una aplicación o navegador después de iniciar sesión."", ""permisos"": ""Autorizaciones para que una aplicación use funciones o datos, como ubicación, cámara, fotos o contactos."", ""revocar"": ""Retirar una autorización que se había concedido.""}"
C3-0263,marron,17,Reenvío oculto del correo,Aplicar en otro contexto,"Un agricultor recupera su correo, pero sus proveedores siguen recibiendo respuestas automáticas con una cuenta de pago ajena. Hay que limitar el daño y conservar la información útil. La persona dispone de un equipo confiable o puede pedir asistencia oficial.

¿Qué decisión es la más adecuada con la información disponible?",Dejarla activa porque ya cambiaste la contraseña.,Escribir a la dirección desconocida enviando más facturas para pedir explicaciones. Un reenvío no puede mostrar documentos adjuntos a otro destinatario.,Borrar únicamente las facturas nuevas sin revisar la configuración.,Revisar y retirar respuestas o reglas no autorizadas y avisar a los proveedores por un contacto alternativo.,D,"Revisar y retirar respuestas o reglas no autorizadas y avisar a los proveedores por un contacto alternativo. Una regla de reenvío puede seguir copiando mensajes aunque cambies la clave, si permanece configurada. Las opciones de reglas cambian entre proveedores; si no sabes revisarlas, pide guía del soporte oficial sin entregar la contraseña.","{""contraseña"": ""Secreto que permite entrar a una cuenta. No debe entregarse a quien lo pida por un mensaje o llamada inesperada."", ""sesión"": ""Acceso que permanece abierto en una aplicación o navegador después de iniciar sesión."", ""permisos"": ""Autorizaciones para que una aplicación use funciones o datos, como ubicación, cámara, fotos o contactos.""}"
C3-0264,marron,17,Aplicaciones conectadas a tu cuenta,Aplicar en otro contexto,"Una asociación agrícola deja de utilizar una herramienta que podía leer sus archivos en línea. Hay que limitar el daño y conservar la información útil. La persona dispone de un equipo confiable o puede pedir asistencia oficial.

¿Qué decisión es la más adecuada con la información disponible?",Conservar todos los permisos para no alterar la configuración del correo.,Ignorarla porque no conoce tu nueva contraseña.,Retirar el permiso de esa herramienta y revisar si conserva datos según sus condiciones.,Abrir el enlace de la aplicación y entregarle de nuevo la clave para identificarla.,C,"Retirar el permiso de esa herramienta y revisar si conserva datos según sus condiciones. Una aplicación autorizada puede mantener acceso según el servicio sin necesitar que le dictes la nueva clave. Revocar un permiso limita acceso futuro, pero no elimina necesariamente las copias que la aplicación ya obtuvo.","{""contraseña"": ""Secreto que permite entrar a una cuenta. No debe entregarse a quien lo pida por un mensaje o llamada inesperada."", ""permisos"": ""Autorizaciones para que una aplicación use funciones o datos, como ubicación, cámara, fotos o contactos."", ""revocar"": ""Retirar una autorización que se había concedido.""}"
C3-0265,marron,17,Correo de recuperación cambiado,Aplicar en otro contexto,"Una tendera descubre que la cuenta del negocio se recupera con el teléfono personal de quien ya dejó de trabajar allí. Hay que limitar el daño y conservar la información útil. La persona dispone de un equipo confiable o puede pedir asistencia oficial.

¿Qué decisión es la más adecuada con la información disponible?",Esperar porque el cambio no importa mientras la contraseña siga funcionando.,Entregar otro código al mensaje que promete deshacer el cambio.,"Llamar al teléfono nuevo para pedir permiso de usar la cuenta. Si tu contraseña funciona, los datos de recuperación son irrelevantes.",Actualizar la recuperación a un método bajo control autorizado del negocio y retirar accesos que ya no correspondan.,D,Actualizar la recuperación a un método bajo control autorizado del negocio y retirar accesos que ya no correspondan. Quien controla la recuperación puede intentar recuperar o mantener el acceso incluso después de un cambio de contraseña. Proteger el correo principal es especialmente importante porque suele servir para recuperar otras cuentas.,"{""contraseña"": ""Secreto que permite entrar a una cuenta. No debe entregarse a quien lo pida por un mensaje o llamada inesperada."", ""permisos"": ""Autorizaciones para que una aplicación use funciones o datos, como ubicación, cámara, fotos o contactos.""}"
C3-0266,marron,17,Tarjeta expuesta y cargos,Aplicar en otro contexto,"Un agricultor solo entregó el número de cuenta para recibir un pago, sin clave ni datos de tarjeta. Hay que limitar el daño y conservar la información útil. La persona dispone de un equipo confiable o puede pedir asistencia oficial.

¿Qué decisión es la más adecuada con la información disponible?",Borrar el historial del navegador para anular los datos entregados.,Cambiar solo la contraseña del correo suponiendo que invalida la tarjeta.,Esperar al estado de cuenta mensual antes de avisar.,Explicar exactamente qué dato compartió al consultar al banco y no asumir la misma exposición que con una tarjeta completa.,D,"Explicar exactamente qué dato compartió al consultar al banco y no asumir la misma exposición que con una tarjeta completa. Los datos de tarjeta expuestos pueden utilizarse después; limpiar el navegador no retira lo que recibió la página. Bloquear una tarjeta limita usos posteriores, pero no garantiza cancelar operaciones previas ni proteger por sí solo todo el acceso bancario.","{""contraseña"": ""Secreto que permite entrar a una cuenta. No debe entregarse a quien lo pida por un mensaje o llamada inesperada.""}"
C3-0267,marron,17,Transferencia fraudulenta ya enviada,Aplicar en otro contexto,"Una asociación agrícola detecta una transferencia irregular mientras otras facturas modificadas esperan autorización. Hay que limitar el daño y conservar la información útil. La persona dispone de un equipo confiable o puede pedir asistencia oficial.

¿Qué decisión es la más adecuada con la información disponible?","Detener los pagos pendientes, reportar el realizado y revisar las instrucciones de pago por contactos previos.",Prometer a otros afectados que el banco devolverá todo automáticamente.,Esperar a reunir toda la historia antes de avisar al banco.,Enviar otro pago al destinatario para que tramite la devolución.,A,"Detener los pagos pendientes, reportar el realizado y revisar las instrucciones de pago por contactos previos. Avisar pronto puede permitir acciones del banco, pero el resultado depende del estado y características de la operación. No se debe prometer recuperación del dinero; la acción útil es reportar rápido, conservar pruebas y evitar pérdidas adicionales.","{""receptor"": ""Persona o entidad a cuya cuenta se envía un pago.""}"
C3-0268,marron,17,Robo de teléfono con cuentas abiertas,Aplicar en otro contexto,"Una secretaria pierde una tableta de trabajo sin línea móvil, pero con documentos y sesión del correo abiertos. Hay que limitar el daño y conservar la información útil. La persona dispone de un equipo confiable o puede pedir asistencia oficial.

¿Qué decisión es la más adecuada con la información disponible?",Introducir la clave en un enlace recibido que promete mostrar la ubicación.,Perseguir por tu cuenta la ubicación del teléfono.,"Avisar al responsable, bloquear o gestionar el dispositivo por los medios oficiales y revocar sesiones y permisos expuestos.",Esperar a comprar otro para reportar la línea y la banca.,C,"Avisar al responsable, bloquear o gestionar el dispositivo por los medios oficiales y revocar sesiones y permisos expuestos. El teléfono puede dar acceso a cuentas y códigos; actuar por canales oficiales reduce exposición sin arriesgar tu seguridad física. El orden concreto depende de los accesos disponibles; bloquear la línea, el equipo y las cuentas son medidas distintas.","{""sesión"": ""Acceso que permanece abierto en una aplicación o navegador después de iniciar sesión."", ""permisos"": ""Autorizaciones para que una aplicación use funciones o datos, como ubicación, cámara, fotos o contactos."", ""revocar"": ""Retirar una autorización que se había concedido.""}"
C3-0269,marron,17,Mensajes para quitar el bloqueo antirrobo,Aplicar en otro contexto,"Un agricultor recibe una llamada que le ofrece devolver el teléfono si desactiva la protección de su cuenta antes de verlo. Hay que limitar el daño y conservar la información útil. La persona dispone de un equipo confiable o puede pedir asistencia oficial.

¿Qué decisión es la más adecuada con la información disponible?",Quitar el dispositivo de tu cuenta porque el mensaje afirma que así podrá localizarse.,No desactivar protecciones por esa llamada y gestionar la recuperación por canales seguros y oficiales.,Enviar códigos de acceso al supuesto centro de objetos perdidos.,Introducir la clave en el enlace para ver la dirección del teléfono.,B,No desactivar protecciones por esa llamada y gestionar la recuperación por canales seguros y oficiales. Quien tiene un equipo robado puede intentar obtener tus claves o hacer que retires protecciones para poder usarlo. Las funciones cambian según el fabricante; sigue su procedimiento y evita asumir que retirar la cuenta equivale a borrar el equipo.,{}
C3-0270,marron,17,Archivos cifrados con exigencia de pago,Aplicar en otro contexto,"Una asociación agrícola ve archivos dañados en una carpeta compartida y no sabe qué computadora inició los cambios. Hay que limitar el daño y conservar la información útil. La persona dispone de un equipo confiable o puede pedir asistencia oficial.

¿Qué decisión es la más adecuada con la información disponible?",Conectar la única copia externa al equipo afectado para probarla.,Seguir trabajando y compartir las carpetas con otros equipos.,Pagar de inmediato porque eso garantiza recuperar todos los archivos.,"Avisar al responsable, limitar el acceso afectado con soporte y evitar conectar respaldos a los equipos sospechosos.",D,"Avisar al responsable, limitar el acceso afectado con soporte y evitar conectar respaldos a los equipos sospechosos. Un programa de secuestro de datos, llamado ransomware, puede bloquear archivos y propagarse; separar el equipo ayuda a limitar el daño. Una exigencia en una página aislada no confirma por sí sola cifrado real; no conviene pagar ni abrir más archivos para experimentar.","{""copia de seguridad"": ""Copia preparada para recuperar datos si los originales dejan de estar disponibles."", ""cifrado"": ""Protección que transforma datos para que no se puedan leer sin la clave o mecanismo necesario."", ""ransomware"": ""Programa de secuestro de datos: puede cifrar archivos o bloquear acceso y exigir dinero. Pagar no garantiza recuperarlos.""}"
C3-0271,marron,17,Recuperación después de un programa dañino,Aplicar en otro contexto,"Una tendera reinstala su teléfono, pero sigue viendo compras desconocidas con una tarjeta cuyos datos había entregado. Hay que limitar el daño y conservar la información útil. La persona dispone de un equipo confiable o puede pedir asistencia oficial.

¿Qué decisión es la más adecuada con la información disponible?",Reportar la tarjeta al emisor: reinstalar el teléfono no invalida los datos de pago ya expuestos.,Ignorar accesos extraños ocurridos durante la infección.,Reutilizar la contraseña anterior porque el programa ya se eliminó.,Dar por recuperadas todas las cuentas solo porque la computadora volvió a funcionar rápido.,A,Reportar la tarjeta al emisor: reinstalar el teléfono no invalida los datos de pago ya expuestos. Eliminar un programa no retira claves o datos que ya pudo copiar ni cierra automáticamente sesiones abiertas en otros equipos. La recuperación del equipo y la de las cuentas o medios de pago requieren comprobaciones separadas.,"{""contraseña"": ""Secreto que permite entrar a una cuenta. No debe entregarse a quien lo pida por un mensaje o llamada inesperada.""}"
C3-0238,marron,18,Pérdida de señal y cambio de línea,Responder y dar seguimiento,"Una tendera confirma con la operadora que hubo un cambio de línea no autorizado y además ve un intento de acceso al banco. La persona está dispuesta a pedir ayuda y puede usar un canal oficial. Necesita decidir qué hacer ahora sin ampliar la exposición.

¿Qué decisión es la más adecuada con la información disponible?",Aceptar un enlace recibido para «activar» de nuevo la línea con tu clave bancaria.,Gestionar la recuperación de la línea y contactar al banco de inmediato para restringir accesos y operaciones expuestas.,Esperar varios días porque perder señal nunca afecta las cuentas.,Leer códigos a una llamada que promete devolver la cobertura.,B,"Gestionar la recuperación de la línea y contactar al banco de inmediato para restringir accesos y operaciones expuestas. Una sustitución no autorizada de la SIM, el módulo de identificación del abonado, puede llevar llamadas y mensajes a otra persona. La falta de señal tiene causas normales; combinarla con cambios no autorizados requiere una respuesta rápida. SIM: Módulo de identificación del abonado (Subscriber Identity Module): identifica la suscripción de tu línea móvil; puede existir en tarjeta o en forma digital.","{""SIM"": ""Módulo de identificación del abonado (Subscriber Identity Module): identifica la suscripción de tu línea móvil; puede existir en tarjeta o en forma digital."", ""canal oficial"": ""Aplicación, página o contacto de la entidad cuya procedencia comprobaste; no basta que tenga un logotipo.""}"
C3-0281,marron,18,Elegir la respuesta según lo ocurrido,Responder y dar seguimiento,"Una secretaria inicialmente dice que «solo abrió un mensaje», pero al conversar recuerda que escribió su clave en una página. La persona está dispuesta a pedir ayuda y puede usar un canal oficial. Necesita decidir qué hacer ahora sin ampliar la exposición.

¿Qué decisión es la más adecuada con la información disponible?",Transferir tus ahorros a otra cuenta por miedo al mensaje.,Responder al remitente para que confirme si ya entró en tus cuentas.,"Tratar la clave como expuesta, cambiarla por la ruta oficial y revisar accesos y recuperación.",Borrar el teléfono de fábrica como primera reacción obligatoria.,C,"Tratar la clave como expuesta, cambiarla por la ruta oficial y revisar accesos y recuperación. La medida debe corresponder a la exposición real; recibir un mensaje no equivale a entregar datos o ejecutar un programa. No siempre podrás determinar todo de inmediato; describir con precisión lo ocurrido ayuda a pedir la asistencia adecuada.","{""canal oficial"": ""Aplicación, página o contacto de la entidad cuya procedencia comprobaste; no basta que tenga un logotipo.""}"
C3-0282,marron,18,Exposición de contraseña y sesiones,Responder y dar seguimiento,"Una cocinera cambió la clave, pero siguen saliendo mensajes desde un acceso que no reconoce. La persona está dispuesta a pedir ayuda y puede usar un canal oficial. Necesita decidir qué hacer ahora sin ampliar la exposición.

¿Qué decisión es la más adecuada con la información disponible?",Revocar sesiones y permisos ajenos desde el servicio y revisar métodos de recuperación y reglas de envío.,Pedir al dueño de la página falsa que elimine la clave antes de cambiarla.,Esperar a perder el acceso para iniciar la recuperación.,"Cambiar únicamente la clave, sin revisar las sesiones ni los métodos de recuperación.",A,"Revocar sesiones y permisos ajenos desde el servicio y revisar métodos de recuperación y reglas de envío. Una clave expuesta permite intentos de acceso y una sesión ya abierta puede persistir si no se revoca. Cambiar la clave es una parte de la recuperación; también importan sesiones, permisos y métodos de acceso.","{""contraseña"": ""Secreto que permite entrar a una cuenta. No debe entregarse a quien lo pida por un mensaje o llamada inesperada."", ""sesión"": ""Acceso que permanece abierto en una aplicación o navegador después de iniciar sesión."", ""permisos"": ""Autorizaciones para que una aplicación use funciones o datos, como ubicación, cámara, fotos o contactos."", ""revocar"": ""Retirar una autorización que se había concedido."", ""canal oficial"": ""Aplicación, página o contacto de la entidad cuya procedencia comprobaste; no basta que tenga un logotipo.""}"
C3-0283,marron,18,Reenvío oculto del correo,Responder y dar seguimiento,"Una secretaria encuentra que se ocultaban avisos del banco en una carpeta creada por una regla que no reconoce. La persona está dispuesta a pedir ayuda y puede usar un canal oficial. Necesita decidir qué hacer ahora sin ampliar la exposición.

¿Qué decisión es la más adecuada con la información disponible?",Dejarla activa porque ya cambiaste la contraseña.,Escribir a la dirección desconocida enviando más facturas para pedir explicaciones.,Retirar la regla y revisar los avisos ocultos y la seguridad de las cuentas relacionadas.,Borrar únicamente las facturas nuevas sin revisar la configuración.,C,"Retirar la regla y revisar los avisos ocultos y la seguridad de las cuentas relacionadas. Una regla de reenvío puede seguir copiando mensajes aunque cambies la clave, si permanece configurada. Las opciones de reglas cambian entre proveedores; si no sabes revisarlas, pide guía del soporte oficial sin entregar la contraseña.","{""contraseña"": ""Secreto que permite entrar a una cuenta. No debe entregarse a quien lo pida por un mensaje o llamada inesperada."", ""sesión"": ""Acceso que permanece abierto en una aplicación o navegador después de iniciar sesión."", ""permisos"": ""Autorizaciones para que una aplicación use funciones o datos, como ubicación, cámara, fotos o contactos."", ""canal oficial"": ""Aplicación, página o contacto de la entidad cuya procedencia comprobaste; no basta que tenga un logotipo.""}"
C3-0284,marron,18,Aplicaciones conectadas a tu cuenta,Responder y dar seguimiento,"Una cocinera quitó sesiones ajenas, pero una aplicación conectada continúa publicando contenido que ella no escribió. La persona está dispuesta a pedir ayuda y puede usar un canal oficial. Necesita decidir qué hacer ahora sin ampliar la exposición.

¿Qué decisión es la más adecuada con la información disponible?",Abrir el enlace de la aplicación y entregarle de nuevo la clave para identificarla.,Revocar la autorización de esa aplicación desde el servicio oficial y revisar otros accesos.,Conservar todos los permisos para no alterar la configuración del correo.,Ignorarla porque no conoce tu nueva contraseña.,B,"Revocar la autorización de esa aplicación desde el servicio oficial y revisar otros accesos. Una aplicación autorizada puede mantener acceso según el servicio sin necesitar que le dictes la nueva clave. Revocar un permiso limita acceso futuro, pero no elimina necesariamente las copias que la aplicación ya obtuvo.","{""contraseña"": ""Secreto que permite entrar a una cuenta. No debe entregarse a quien lo pida por un mensaje o llamada inesperada."", ""permisos"": ""Autorizaciones para que una aplicación use funciones o datos, como ubicación, cámara, fotos o contactos."", ""revocar"": ""Retirar una autorización que se había concedido."", ""canal oficial"": ""Aplicación, página o contacto de la entidad cuya procedencia comprobaste; no basta que tenga un logotipo.""}"
C3-0285,marron,18,Correo de recuperación cambiado,Responder y dar seguimiento,"Un chofer perdió acceso y la recuperación muestra un correo y teléfono desconocidos. La persona está dispuesta a pedir ayuda y puede usar un canal oficial. Necesita decidir qué hacer ahora sin ampliar la exposición.

¿Qué decisión es la más adecuada con la información disponible?",Esperar porque el cambio no importa mientras la contraseña siga funcionando.,Usar el proceso oficial para cuentas comprometidas y proteger las cuentas dependientes desde otro acceso confiable.,"Llamar al teléfono nuevo para pedir permiso de usar la cuenta. Si tu contraseña funciona, los datos de recuperación son irrelevantes.",Entregar otro código al mensaje que promete deshacer el cambio.,B,Usar el proceso oficial para cuentas comprometidas y proteger las cuentas dependientes desde otro acceso confiable. Quien controla la recuperación puede intentar recuperar o mantener el acceso incluso después de un cambio de contraseña. Proteger el correo principal es especialmente importante porque suele servir para recuperar otras cuentas.,"{""contraseña"": ""Secreto que permite entrar a una cuenta. No debe entregarse a quien lo pida por un mensaje o llamada inesperada."", ""permisos"": ""Autorizaciones para que una aplicación use funciones o datos, como ubicación, cámara, fotos o contactos."", ""canal oficial"": ""Aplicación, página o contacto de la entidad cuya procedencia comprobaste; no basta que tenga un logotipo.""}"
C3-0286,marron,18,Tarjeta expuesta y cargos,Responder y dar seguimiento,"Una secretaria bloqueó la tarjeta y luego aparece una operación que figura como pendiente desde antes del bloqueo. La persona está dispuesta a pedir ayuda y puede usar un canal oficial. Necesita decidir qué hacer ahora sin ampliar la exposición.

¿Qué decisión es la más adecuada con la información disponible?","Consultar al emisor el estado y el procedimiento de reclamo de esa operación, conservando el reporte inicial.",Cambiar solo la contraseña del correo suponiendo que invalida la tarjeta.,Esperar al estado de cuenta mensual antes de avisar.,Borrar el historial del navegador para anular los datos entregados.,A,"Consultar al emisor el estado y el procedimiento de reclamo de esa operación, conservando el reporte inicial. Los datos de tarjeta expuestos pueden utilizarse después; limpiar el navegador no retira lo que recibió la página. Bloquear una tarjeta limita usos posteriores, pero no garantiza cancelar operaciones previas ni proteger por sí solo todo el acceso bancario.","{""contraseña"": ""Secreto que permite entrar a una cuenta. No debe entregarse a quien lo pida por un mensaje o llamada inesperada."", ""canal oficial"": ""Aplicación, página o contacto de la entidad cuya procedencia comprobaste; no basta que tenga un logotipo.""}"
C3-0287,marron,18,Transferencia fraudulenta ya enviada,Responder y dar seguimiento,"Una cocinera reportó el pago y alguien que conoce los detalles la contacta cobrando por acelerar el reembolso. La persona está dispuesta a pedir ayuda y puede usar un canal oficial. Necesita decidir qué hacer ahora sin ampliar la exposición.

¿Qué decisión es la más adecuada con la información disponible?",Enviar otro pago al destinatario para que tramite la devolución.,Prometer a otros afectados que el banco devolverá todo automáticamente.,Verificar cualquier gestión con el banco real y no pagar al contacto desconocido.,Esperar a reunir toda la historia antes de avisar al banco.,C,"Verificar cualquier gestión con el banco real y no pagar al contacto desconocido. Avisar pronto puede permitir acciones del banco, pero el resultado depende del estado y características de la operación. No se debe prometer recuperación del dinero; la acción útil es reportar rápido, conservar pruebas y evitar pérdidas adicionales.","{""receptor"": ""Persona o entidad a cuya cuenta se envía un pago."", ""canal oficial"": ""Aplicación, página o contacto de la entidad cuya procedencia comprobaste; no basta que tenga un logotipo.""}"
C3-0288,marron,18,Robo de teléfono con cuentas abiertas,Responder y dar seguimiento,"Un chofer bloqueó la línea, pero recibe avisos de uso del correo desde el teléfono perdido conectado a una red inalámbrica. La persona está dispuesta a pedir ayuda y puede usar un canal oficial. Necesita decidir qué hacer ahora sin ampliar la exposición.

¿Qué decisión es la más adecuada con la información disponible?","Cerrar sesiones del correo, proteger recuperación y gestionar el bloqueo del dispositivo mediante el fabricante.",Introducir la clave en un enlace recibido que promete mostrar la ubicación.,Esperar a comprar otro para reportar la línea y la banca.,Perseguir por tu cuenta la ubicación del teléfono.,A,"Cerrar sesiones del correo, proteger recuperación y gestionar el bloqueo del dispositivo mediante el fabricante. El teléfono puede dar acceso a cuentas y códigos; actuar por canales oficiales reduce exposición sin arriesgar tu seguridad física. El orden concreto depende de los accesos disponibles; bloquear la línea, el equipo y las cuentas son medidas distintas.","{""sesión"": ""Acceso que permanece abierto en una aplicación o navegador después de iniciar sesión."", ""permisos"": ""Autorizaciones para que una aplicación use funciones o datos, como ubicación, cámara, fotos o contactos."", ""revocar"": ""Retirar una autorización que se había concedido."", ""canal oficial"": ""Aplicación, página o contacto de la entidad cuya procedencia comprobaste; no basta que tenga un logotipo.""}"
C3-0289,marron,18,Mensajes para quitar el bloqueo antirrobo,Responder y dar seguimiento,"Una cocinera escribió su clave en un enlace de localización falso después del robo. La persona está dispuesta a pedir ayuda y puede usar un canal oficial. Necesita decidir qué hacer ahora sin ampliar la exposición.

¿Qué decisión es la más adecuada con la información disponible?",Enviar códigos de acceso al supuesto centro de objetos perdidos.,"Cambiar la clave desde el servicio oficial, revisar accesos y comprobar el estado del equipo perdido.",Quitar el dispositivo de tu cuenta porque el mensaje afirma que así podrá localizarse.,Introducir la clave en el enlace para ver la dirección del teléfono.,B,"Cambiar la clave desde el servicio oficial, revisar accesos y comprobar el estado del equipo perdido. Quien tiene un equipo robado puede intentar obtener tus claves o hacer que retires protecciones para poder usarlo. Las funciones cambian según el fabricante; sigue su procedimiento y evita asumir que retirar la cuenta equivale a borrar el equipo.","{""canal oficial"": ""Aplicación, página o contacto de la entidad cuya procedencia comprobaste; no basta que tenga un logotipo.""}"
C3-0290,marron,18,Archivos cifrados con exigencia de pago,Responder y dar seguimiento,"Una secretaria desconectó la computadora afectada y tiene una copia externa que no estaba conectada durante el ataque. La persona está dispuesta a pedir ayuda y puede usar un canal oficial. Necesita decidir qué hacer ahora sin ampliar la exposición.

¿Qué decisión es la más adecuada con la información disponible?",Conectar la única copia externa al equipo afectado para probarla.,Seguir trabajando y compartir las carpetas con otros equipos.,Conservar esa copia separada y coordinar una recuperación en un entorno revisado por soporte.,Pagar de inmediato porque eso garantiza recuperar todos los archivos.,C,"Conservar esa copia separada y coordinar una recuperación en un entorno revisado por soporte. Un programa de secuestro de datos, llamado ransomware, puede bloquear archivos y propagarse; separar el equipo ayuda a limitar el daño. Una exigencia en una página aislada no confirma por sí sola cifrado real; no conviene pagar ni abrir más archivos para experimentar.","{""copia de seguridad"": ""Copia preparada para recuperar datos si los originales dejan de estar disponibles."", ""cifrado"": ""Protección que transforma datos para que no se puedan leer sin la clave o mecanismo necesario."", ""ransomware"": ""Programa de secuestro de datos: puede cifrar archivos o bloquear acceso y exigir dinero. Pagar no garantiza recuperarlos."", ""canal oficial"": ""Aplicación, página o contacto de la entidad cuya procedencia comprobaste; no basta que tenga un logotipo.""}"
C3-0291,marron,18,Recuperación después de un programa dañino,Responder y dar seguimiento,"Un soldador cambió la contraseña desde el equipo antes de que terminara su revisión y luego aparecieron nuevos accesos sospechosos. La persona está dispuesta a pedir ayuda y puede usar un canal oficial. Necesita decidir qué hacer ahora sin ampliar la exposición.

¿Qué decisión es la más adecuada con la información disponible?",Usar otro equipo confiable para proteger la cuenta y pedir al soporte completar la revisión del dispositivo.,Ignorar accesos extraños ocurridos durante la infección.,Reutilizar la contraseña anterior porque el programa ya se eliminó.,Dar por recuperadas todas las cuentas solo porque la computadora volvió a funcionar rápido.,A,Usar otro equipo confiable para proteger la cuenta y pedir al soporte completar la revisión del dispositivo. Eliminar un programa no retira claves o datos que ya pudo copiar ni cierra automáticamente sesiones abiertas en otros equipos. La recuperación del equipo y la de las cuentas o medios de pago requieren comprobaciones separadas.,"{""contraseña"": ""Secreto que permite entrar a una cuenta. No debe entregarse a quien lo pida por un mensaje o llamada inesperada."", ""canal oficial"": ""Aplicación, página o contacto de la entidad cuya procedencia comprobaste; no basta que tenga un logotipo.""}"
C3-0252,negro,19,Suplantación con un perfil nuevo,Decidir antes de actuar,"Un conocido avisa que existe otro perfil con tu nombre y foto que pide dinero, pero tú conservas acceso a tu cuenta habitual. Hay que limitar el daño y conservar la información útil. La persona dispone de un equipo confiable o puede pedir asistencia oficial.

¿Qué decisión es la más adecuada con la información disponible?","Guardar evidencia del perfil, reportar la suplantación y avisar a contactos por tu canal conocido.",Pedir a tus contactos que envíen dinero de prueba para identificar al impostor.,Entregar tu contraseña al perfil falso para demostrar que eres el dueño.,Cerrar definitivamente tu cuenta sin comprobar si realmente fue tomada.,A,"Guardar evidencia del perfil, reportar la suplantación y avisar a contactos por tu canal conocido. Copiar una identidad en un perfil nuevo es diferente de entrar en tu cuenta real; ambas situaciones requieren proteger a los contactos. La plataforma decide sobre la retirada; mantener informados a los contactos reduce el riesgo mientras se gestiona.","{""contraseña"": ""Secreto que permite entrar a una cuenta. No debe entregarse a quien lo pida por un mensaje o llamada inesperada.""}"
C3-0253,negro,19,Filtración de datos personales,Decidir antes de actuar,"Una entidad confirma que se expusieron nombres, teléfonos y direcciones de clientes, entre ellos tus datos. Hay que limitar el daño y conservar la información útil. La persona dispone de un equipo confiable o puede pedir asistencia oficial.

¿Qué decisión es la más adecuada con la información disponible?","Revisar el aviso oficial, identificar qué datos se expusieron y vigilar contactos o trámites no reconocidos.",Suponer que también cambiaron todas tus contraseñas aunque no fueron parte del aviso.,Confiar en cualquier llamada posterior que mencione tu dirección.,Pagar a un desconocido que promete borrar tus datos de todo internet.,A,"Revisar el aviso oficial, identificar qué datos se expusieron y vigilar contactos o trámites no reconocidos. Los datos filtrados pueden facilitar engaños personalizados; saber detalles sobre ti no demuestra que una llamada sea auténtica. Las medidas deben responder a los datos realmente expuestos; no toda filtración tiene el mismo alcance.","{""contraseña"": ""Secreto que permite entrar a una cuenta. No debe entregarse a quien lo pida por un mensaje o llamada inesperada.""}"
C3-0254,negro,19,Conservar evidencia sin difundirla,Decidir antes de actuar,"Debes reportar una estafa y tienes mensajes, un comprobante y el número de la cuenta receptora. Hay que limitar el daño y conservar la información útil. La persona dispone de un equipo confiable o puede pedir asistencia oficial.

¿Qué decisión es la más adecuada con la información disponible?","Guardar originales y copias con fechas, y enviarlos solo por los canales verificados de reporte.",Publicar documentos y números de tarjeta completos para conseguir ayuda.,Borrar toda la conversación antes de contactar al banco.,Modificar las capturas para que el relato parezca más claro sin conservar originales.,A,"Guardar originales y copias con fechas, y enviarlos solo por los canales verificados de reporte. La evidencia íntegra ayuda a explicar lo ocurrido; divulgar datos privados puede ampliar el daño. Guardar pruebas no debe retrasar una acción urgente como reportar al banco un pago fraudulento.","{""canal oficial"": ""Aplicación, página o contacto de la entidad cuya procedencia comprobaste; no basta que tenga un logotipo.""}"
C3-0255,negro,19,Avisar dentro del trabajo,Decidir antes de actuar,"En el correo de trabajo introdujiste la contraseña en una página falsa y temes recibir una sanción si lo cuentas. Hay que limitar el daño y conservar la información útil. La persona dispone de un equipo confiable o puede pedir asistencia oficial.

¿Qué decisión es la más adecuada con la información disponible?",Esperar al fin de semana para comprobar si pasa algo.,Avisar cuanto antes al responsable designado y seguir la protección de la cuenta sin ocultar lo ocurrido.,Borrar mensajes y registros para evitar preguntas.,Intentar investigar al atacante desde otras cuentas de la empresa.,B,"Avisar cuanto antes al responsable designado y seguir la protección de la cuenta sin ocultar lo ocurrido. El aviso temprano permite proteger a otras personas y sistemas; ocultar la exposición puede ampliar el daño. Informar debe ser simple y respetuoso; la finalidad es reducir daño y aprender, no humillar a quien pide ayuda.","{""contraseña"": ""Secreto que permite entrar a una cuenta. No debe entregarse a quien lo pida por un mensaje o llamada inesperada."", ""permisos"": ""Autorizaciones para que una aplicación use funciones o datos, como ubicación, cámara, fotos o contactos.""}"
C3-0256,negro,19,Reclamación y denuncia por canales verificados,Decidir antes de actuar,"Después de un fraude, ya contactaste al banco y quieres dejar constancia ante la autoridad competente de tu localidad. Hay que limitar el daño y conservar la información útil. La persona dispone de un equipo confiable o puede pedir asistencia oficial.

¿Qué decisión es la más adecuada con la información disponible?",Consultar el canal oficial vigente y presentar hechos y evidencia sin enviar secretos innecesarios.,Suponer que el reporte en una red social equivale siempre a una denuncia formal.,Publicar la contraseña para demostrar que era tu cuenta.,Pagar a un perfil que promete una denuncia prioritaria garantizada.,A,"Consultar el canal oficial vigente y presentar hechos y evidencia sin enviar secretos innecesarios. Reportar a una plataforma, reclamar al banco y denunciar a una autoridad son gestiones diferentes. Los canales y requisitos dependen del país y del hecho; el banco de aprendizaje no reemplaza la consulta oficial vigente.","{""contraseña"": ""Secreto que permite entrar a una cuenta. No debe entregarse a quien lo pida por un mensaje o llamada inesperada."", ""canal oficial"": ""Aplicación, página o contacto de la entidad cuya procedencia comprobaste; no basta que tenga un logotipo.""}"
C3-0257,negro,19,Estafa de recuperación de dinero,Decidir antes de actuar,"Tras publicar que perdiste dinero, una persona dice conocer tu caso y garantiza recuperarlo si pagas una comisión por adelantado. Hay que limitar el daño y conservar la información útil. La persona dispone de un equipo confiable o puede pedir asistencia oficial.

¿Qué decisión es la más adecuada con la información disponible?",Pagar porque conoce el monto que publicaste.,Entregar acceso remoto para que busque el dinero.,Enviar la contraseña bancaria para que haga el reintegro.,No pagar al desconocido y continuar la gestión con tu medio de pago y las autoridades por canales verificados.,D,No pagar al desconocido y continuar la gestión con tu medio de pago y las autoridades por canales verificados. Quien ya sufrió una estafa puede recibir una segunda oferta engañosa; conocer detalles públicos no demuestra capacidad de recuperar fondos. Una promesa de recuperación total es una señal de alerta; los resultados reales dependen de cada gestión y no se deben garantizar.,"{""contraseña"": ""Secreto que permite entrar a una cuenta. No debe entregarse a quien lo pida por un mensaje o llamada inesperada."", ""acceso remoto"": ""Capacidad de ver o manejar un equipo desde otro lugar. Debe darse solo a quien esté verificado y para una tarea acordada.""}"
C3-0258,negro,19,Extorsión con información privada,Decidir antes de actuar,"Una persona amenaza con divulgar información íntima si no pagas hoy y te exige no hablar con nadie. Hay que limitar el daño y conservar la información útil. La persona dispone de un equipo confiable o puede pedir asistencia oficial.

¿Qué decisión es la más adecuada con la información disponible?",Aislarte y borrar toda evidencia antes de pedir ayuda.,Enviar más contenido para convencer a la persona de mantener el secreto.,Pagar suponiendo que así se destruirán todas las copias.,"Buscar apoyo de confianza, conservar evidencia y acudir a canales de ayuda o denuncia sin enviar más material ni dinero por presión.",D,"Buscar apoyo de confianza, conservar evidencia y acudir a canales de ayuda o denuncia sin enviar más material ni dinero por presión. El pago no garantiza que desaparezca la amenaza y puede dar lugar a nuevas exigencias; buscar apoyo ayuda a recuperar opciones. Ante peligro físico inmediato, la prioridad es ponerse a salvo y contactar los servicios de emergencia locales.","{""contraseña"": ""Secreto que permite entrar a una cuenta. No debe entregarse a quien lo pida por un mensaje o llamada inesperada.""}"
C3-0259,negro,19,Plan sencillo de continuidad del negocio,Decidir antes de actuar,"La tienda depende de una sola persona y un solo teléfono para cobrar, consultar proveedores y recuperar las cuentas. Hay que limitar el daño y conservar la información útil. La persona dispone de un equipo confiable o puede pedir asistencia oficial.

¿Qué decisión es la más adecuada con la información disponible?","Preparar respaldos, contactos y accesos autorizados de emergencia con funciones claras y secretos protegidos.",Esperar a una pérdida para decidir quién llama al banco.,Concentrar también las únicas copias en ese mismo teléfono.,Compartir todas las claves en el grupo del negocio como único plan.,A,"Preparar respaldos, contactos y accesos autorizados de emergencia con funciones claras y secretos protegidos. Un plan reduce la improvisación cuando falta un equipo o una persona, sin exigir acceso indiscriminado a todas las cuentas. Un plan debe probarse y actualizarse; un documento que nadie sabe usar ofrece poca ayuda durante una interrupción.","{""permisos"": ""Autorizaciones para que una aplicación use funciones o datos, como ubicación, cámara, fotos o contactos.""}"
C3-0260,negro,19,Acompañar a otra persona y cerrar el incidente,Decidir antes de actuar,"Una compañera recuperó su correo tras un engaño y quiere saber si basta con cambiar la clave para olvidarse del tema. Hay que limitar el daño y conservar la información útil. La persona dispone de un equipo confiable o puede pedir asistencia oficial.

¿Qué decisión es la más adecuada con la información disponible?","Revisar con ella sesiones, recuperación, permisos y posibles mensajes enviados, sin pedirle su nueva clave.",Recordarle su equivocación delante del grupo para que no la repita.,Decirle que ahora es imposible que vuelva a ocurrir.,Tomar el control permanente de sus cuentas para evitarle nuevos errores.,A,"Revisar con ella sesiones, recuperación, permisos y posibles mensajes enviados, sin pedirle su nueva clave. Recuperar el acceso es una etapa; comprobar cambios y aprender medidas útiles ayuda a reducir recurrencias sin quitar autonomía. El cinturón negro representa progreso dentro de la app; no equivale a inmunidad ni a una certificación profesional de ciberseguridad.","{""permisos"": ""Autorizaciones para que una aplicación use funciones o datos, como ubicación, cámara, fotos o contactos.""}"
C3-0272,negro,20,Suplantación con un perfil nuevo,Aplicar en otro contexto,"Una asociación agrícola encuentra una página que copia su nombre y recauda falsas cuotas. Hay que limitar el daño y conservar la información útil. La persona dispone de un equipo confiable o puede pedir asistencia oficial.

¿Qué decisión es la más adecuada con la información disponible?",Pedir a tus contactos que envíen dinero de prueba para identificar al impostor.,Comunicar sus canales y cuenta de cobro verificados y reportar la página que suplanta a la asociación.,Entregar tu contraseña al perfil falso para demostrar que eres el dueño.,Cerrar definitivamente tu cuenta sin comprobar si realmente fue tomada.,B,Comunicar sus canales y cuenta de cobro verificados y reportar la página que suplanta a la asociación. Copiar una identidad en un perfil nuevo es diferente de entrar en tu cuenta real; ambas situaciones requieren proteger a los contactos. La plataforma decide sobre la retirada; mantener informados a los contactos reduce el riesgo mientras se gestiona.,"{""contraseña"": ""Secreto que permite entrar a una cuenta. No debe entregarse a quien lo pida por un mensaje o llamada inesperada.""}"
C3-0273,negro,20,Filtración de datos personales,Aplicar en otro contexto,"Una secretaria recibe una supuesta alerta de filtración que pide introducir su contraseña para comprobar si está en la lista. Hay que limitar el daño y conservar la información útil. La persona dispone de un equipo confiable o puede pedir asistencia oficial.

¿Qué decisión es la más adecuada con la información disponible?",Pagar a un desconocido que promete borrar tus datos de todo internet.,Suponer que también cambiaron todas tus contraseñas aunque no fueron parte del aviso.,No entregar la clave y consultar la comunicación oficial de la entidad por una ruta independiente.,Confiar en cualquier llamada posterior que mencione tu dirección.,C,No entregar la clave y consultar la comunicación oficial de la entidad por una ruta independiente. Los datos filtrados pueden facilitar engaños personalizados; saber detalles sobre ti no demuestra que una llamada sea auténtica. Las medidas deben responder a los datos realmente expuestos; no toda filtración tiene el mismo alcance.,"{""contraseña"": ""Secreto que permite entrar a una cuenta. No debe entregarse a quien lo pida por un mensaje o llamada inesperada.""}"
C3-0274,negro,20,Conservar evidencia sin difundirla,Aplicar en otro contexto,"Una secretaria necesita advertir a su equipo sobre un correo falso que contiene un enlace peligroso. Hay que limitar el daño y conservar la información útil. La persona dispone de un equipo confiable o puede pedir asistencia oficial.

¿Qué decisión es la más adecuada con la información disponible?",Modificar las capturas para que el relato parezca más claro sin conservar originales.,"Compartir una captura con datos sensibles ocultos y una explicación, conservando el original solo para soporte.",Borrar toda la conversación antes de contactar al banco.,Publicar documentos y números de tarjeta completos para conseguir ayuda.,B,"Compartir una captura con datos sensibles ocultos y una explicación, conservando el original solo para soporte. La evidencia íntegra ayuda a explicar lo ocurrido; divulgar datos privados puede ampliar el daño. Guardar pruebas no debe retrasar una acción urgente como reportar al banco un pago fraudulento.","{""canal oficial"": ""Aplicación, página o contacto de la entidad cuya procedencia comprobaste; no basta que tenga un logotipo.""}"
C3-0275,negro,20,Avisar dentro del trabajo,Aplicar en otro contexto,"Un agricultor usa una cuenta compartida de la asociación y observa una transferencia preparada que nadie reconoce. Hay que limitar el daño y conservar la información útil. La persona dispone de un equipo confiable o puede pedir asistencia oficial.

¿Qué decisión es la más adecuada con la información disponible?",Intentar investigar al atacante desde otras cuentas de la empresa.,Borrar mensajes y registros para evitar preguntas.,"Alertar al responsable y detener la autorización según el procedimiento acordado, sin borrar la evidencia.",Esperar al fin de semana para comprobar si pasa algo.,C,"Alertar al responsable y detener la autorización según el procedimiento acordado, sin borrar la evidencia. El aviso temprano permite proteger a otras personas y sistemas; ocultar la exposición puede ampliar el daño. Informar debe ser simple y respetuoso; la finalidad es reducir daño y aprender, no humillar a quien pide ayuda.","{""contraseña"": ""Secreto que permite entrar a una cuenta. No debe entregarse a quien lo pida por un mensaje o llamada inesperada."", ""permisos"": ""Autorizaciones para que una aplicación use funciones o datos, como ubicación, cámara, fotos o contactos.""}"
C3-0276,negro,20,Reclamación y denuncia por canales verificados,Aplicar en otro contexto,"Una asociación agrícola recibe de un desconocido un formulario de «denuncia» que exige las claves de todos los afectados. Hay que limitar el daño y conservar la información útil. La persona dispone de un equipo confiable o puede pedir asistencia oficial.

¿Qué decisión es la más adecuada con la información disponible?",No entregar claves y comprobar el procedimiento directamente con la autoridad competente.,Publicar la contraseña para demostrar que era tu cuenta.,Pagar a un perfil que promete una denuncia prioritaria garantizada.,Suponer que el reporte en una red social equivale siempre a una denuncia formal.,A,"No entregar claves y comprobar el procedimiento directamente con la autoridad competente. Reportar a una plataforma, reclamar al banco y denunciar a una autoridad son gestiones diferentes. Los canales y requisitos dependen del país y del hecho; el banco de aprendizaje no reemplaza la consulta oficial vigente.","{""contraseña"": ""Secreto que permite entrar a una cuenta. No debe entregarse a quien lo pida por un mensaje o llamada inesperada."", ""canal oficial"": ""Aplicación, página o contacto de la entidad cuya procedencia comprobaste; no basta que tenga un logotipo.""}"
C3-0277,negro,20,Estafa de recuperación de dinero,Aplicar en otro contexto,"Una tendera recibe un mensaje que imita a una autoridad y pide depositar una fianza para devolverle lo perdido. Hay que limitar el daño y conservar la información útil. La persona dispone de un equipo confiable o puede pedir asistencia oficial.

¿Qué decisión es la más adecuada con la información disponible?",Pagar porque conoce el monto que publicaste.,Entregar acceso remoto para que busque el dinero.,Enviar la contraseña bancaria para que haga el reintegro.,Consultar directamente a esa autoridad sin usar el contacto o enlace recibido.,D,Consultar directamente a esa autoridad sin usar el contacto o enlace recibido. Quien ya sufrió una estafa puede recibir una segunda oferta engañosa; conocer detalles públicos no demuestra capacidad de recuperar fondos. Una promesa de recuperación total es una señal de alerta; los resultados reales dependen de cada gestión y no se deben garantizar.,"{""contraseña"": ""Secreto que permite entrar a una cuenta. No debe entregarse a quien lo pida por un mensaje o llamada inesperada."", ""acceso remoto"": ""Capacidad de ver o manejar un equipo desde otro lugar. Debe darse solo a quien esté verificado y para una tarea acordada.""}"
C3-0278,negro,20,Extorsión con información privada,Aplicar en otro contexto,"Un soldador recibe una amenaza genérica con una contraseña antigua que apareció en una filtración, sin pruebas de imágenes privadas. Hay que limitar el daño y conservar la información útil. La persona dispone de un equipo confiable o puede pedir asistencia oficial.

¿Qué decisión es la más adecuada con la información disponible?",Pagar suponiendo que así se destruirán todas las copias.,"Proteger las cuentas donde aún repita esa clave, guardar el mensaje y no asumir que la amenaza prueba acceso actual.",Enviar más contenido para convencer a la persona de mantener el secreto.,Aislarte y borrar toda evidencia antes de pedir ayuda.,B,"Proteger las cuentas donde aún repita esa clave, guardar el mensaje y no asumir que la amenaza prueba acceso actual. El pago no garantiza que desaparezca la amenaza y puede dar lugar a nuevas exigencias; buscar apoyo ayuda a recuperar opciones. Ante peligro físico inmediato, la prioridad es ponerse a salvo y contactar los servicios de emergencia locales.","{""contraseña"": ""Secreto que permite entrar a una cuenta. No debe entregarse a quien lo pida por un mensaje o llamada inesperada.""}"
C3-0279,negro,20,Plan sencillo de continuidad del negocio,Aplicar en otro contexto,"Una asociación agrícola quiere mantener cobros si su tesorero se ausenta, sin dar permiso de transferencia a todos los socios. Hay que limitar el daño y conservar la información útil. La persona dispone de un equipo confiable o puede pedir asistencia oficial.

¿Qué decisión es la más adecuada con la información disponible?",Compartir todas las claves en el grupo del negocio como único plan.,Concentrar también las únicas copias en ese mismo teléfono.,"Designar sustitución autorizada y revisión de pagos, con recuperación protegida y permisos limitados.",Esperar a una pérdida para decidir quién llama al banco.,C,"Designar sustitución autorizada y revisión de pagos, con recuperación protegida y permisos limitados. Un plan reduce la improvisación cuando falta un equipo o una persona, sin exigir acceso indiscriminado a todas las cuentas. Un plan debe probarse y actualizarse; un documento que nadie sabe usar ofrece poca ayuda durante una interrupción.","{""permisos"": ""Autorizaciones para que una aplicación use funciones o datos, como ubicación, cámara, fotos o contactos.""}"
C3-0280,negro,20,Acompañar a otra persona y cerrar el incidente,Aplicar en otro contexto,"Una tendera termina el nivel más alto de CiberDojo y un cliente le pide aceptar una captura como pago sin revisar la cuenta. Hay que limitar el daño y conservar la información útil. La persona dispone de un equipo confiable o puede pedir asistencia oficial.

¿Qué decisión es la más adecuada con la información disponible?","Aplicar igualmente la comprobación del abono: el aprendizaje sirve para practicar decisiones, no para confiar ciegamente.",Decirle que ahora es imposible que vuelva a ocurrir.,Tomar el control permanente de sus cuentas para evitarle nuevos errores.,Recordarle su equivocación delante del grupo para que no la repita.,A,"Aplicar igualmente la comprobación del abono: el aprendizaje sirve para practicar decisiones, no para confiar ciegamente. Recuperar el acceso es una etapa; comprobar cambios y aprender medidas útiles ayuda a reducir recurrencias sin quitar autonomía. El cinturón negro representa progreso dentro de la app; no equivale a inmunidad ni a una certificación profesional de ciberseguridad.","{""permisos"": ""Autorizaciones para que una aplicación use funciones o datos, como ubicación, cámara, fotos o contactos.""}"
C3-0292,negro,21,Suplantación con un perfil nuevo,Responder y dar seguimiento,"Una cocinera descubre que el perfil falso ya recibió dinero de una amiga. La persona está dispuesta a pedir ayuda y puede usar un canal oficial. Necesita decidir qué hacer ahora sin ampliar la exposición.

¿Qué decisión es la más adecuada con la información disponible?",Pedir a tus contactos que envíen dinero de prueba para identificar al impostor.,Entregar tu contraseña al perfil falso para demostrar que eres el dueño.,Cerrar definitivamente tu cuenta sin comprobar si realmente fue tomada.,"Avisarle sin culpar, guardar evidencia y orientarla a contactar rápidamente su medio de pago además del reporte del perfil.",D,"Avisarle sin culpar, guardar evidencia y orientarla a contactar rápidamente su medio de pago además del reporte del perfil. Copiar una identidad en un perfil nuevo es diferente de entrar en tu cuenta real; ambas situaciones requieren proteger a los contactos. La plataforma decide sobre la retirada; mantener informados a los contactos reduce el riesgo mientras se gestiona.","{""contraseña"": ""Secreto que permite entrar a una cuenta. No debe entregarse a quien lo pida por un mensaje o llamada inesperada."", ""canal oficial"": ""Aplicación, página o contacto de la entidad cuya procedencia comprobaste; no basta que tenga un logotipo.""}"
C3-0293,negro,21,Filtración de datos personales,Responder y dar seguimiento,"Un agricultor afectado por una filtración recibe un cobro de un trámite que nunca solicitó y que cita su cédula. La persona está dispuesta a pedir ayuda y puede usar un canal oficial. Necesita decidir qué hacer ahora sin ampliar la exposición.

¿Qué decisión es la más adecuada con la información disponible?",Suponer que también cambiaron todas tus contraseñas aunque no fueron parte del aviso.,Confiar en cualquier llamada posterior que mencione tu dirección.,Pagar a un desconocido que promete borrar tus datos de todo internet.,Comprobar el trámite directamente con la entidad y reportar el posible uso indebido guardando los avisos.,D,Comprobar el trámite directamente con la entidad y reportar el posible uso indebido guardando los avisos. Los datos filtrados pueden facilitar engaños personalizados; saber detalles sobre ti no demuestra que una llamada sea auténtica. Las medidas deben responder a los datos realmente expuestos; no toda filtración tiene el mismo alcance.,"{""contraseña"": ""Secreto que permite entrar a una cuenta. No debe entregarse a quien lo pida por un mensaje o llamada inesperada."", ""canal oficial"": ""Aplicación, página o contacto de la entidad cuya procedencia comprobaste; no basta que tenga un logotipo.""}"
C3-0294,negro,21,Conservar evidencia sin difundirla,Responder y dar seguimiento,"Una tendera publicó el comprobante sin ocultar datos propios y recibió mensajes de falsos recuperadores. La persona está dispuesta a pedir ayuda y puede usar un canal oficial. Necesita decidir qué hacer ahora sin ampliar la exposición.

¿Qué decisión es la más adecuada con la información disponible?",Borrar toda la conversación antes de contactar al banco.,"Retirar la publicación, conservar el original en privado y continuar el reporte por el canal oficial.",Modificar las capturas para que el relato parezca más claro sin conservar originales.,Publicar documentos y números de tarjeta completos para conseguir ayuda.,B,"Retirar la publicación, conservar el original en privado y continuar el reporte por el canal oficial. La evidencia íntegra ayuda a explicar lo ocurrido; divulgar datos privados puede ampliar el daño. Guardar pruebas no debe retrasar una acción urgente como reportar al banco un pago fraudulento.","{""canal oficial"": ""Aplicación, página o contacto de la entidad cuya procedencia comprobaste; no basta que tenga un logotipo.""}"
C3-0295,negro,21,Avisar dentro del trabajo,Responder y dar seguimiento,"Una secretaria avisó de su clave expuesta y el responsable le pide recopilar mensajes mientras soporte restringe accesos. La persona está dispuesta a pedir ayuda y puede usar un canal oficial. Necesita decidir qué hacer ahora sin ampliar la exposición.

¿Qué decisión es la más adecuada con la información disponible?",Intentar investigar al atacante desde otras cuentas de la empresa.,Esperar al fin de semana para comprobar si pasa algo.,Guardar la evidencia solicitada por el canal interno y evitar nuevas pruebas con la cuenta hasta recibir indicaciones.,Borrar mensajes y registros para evitar preguntas.,C,"Guardar la evidencia solicitada por el canal interno y evitar nuevas pruebas con la cuenta hasta recibir indicaciones. El aviso temprano permite proteger a otras personas y sistemas; ocultar la exposición puede ampliar el daño. Informar debe ser simple y respetuoso; la finalidad es reducir daño y aprender, no humillar a quien pide ayuda.","{""contraseña"": ""Secreto que permite entrar a una cuenta. No debe entregarse a quien lo pida por un mensaje o llamada inesperada."", ""permisos"": ""Autorizaciones para que una aplicación use funciones o datos, como ubicación, cámara, fotos o contactos."", ""canal oficial"": ""Aplicación, página o contacto de la entidad cuya procedencia comprobaste; no basta que tenga un logotipo.""}"
C3-0296,negro,21,Reclamación y denuncia por canales verificados,Responder y dar seguimiento,"Una cocinera presentó un reporte en la plataforma, pero necesita explicar al banco el pago realizado. La persona está dispuesta a pedir ayuda y puede usar un canal oficial. Necesita decidir qué hacer ahora sin ampliar la exposición.

¿Qué decisión es la más adecuada con la información disponible?",Publicar la contraseña para demostrar que era tu cuenta.,Abrir también el reporte bancario por su canal oficial y aportar el comprobante y la referencia de la plataforma.,Pagar a un perfil que promete una denuncia prioritaria garantizada.,Suponer que el reporte en una red social equivale siempre a una denuncia formal.,B,"Abrir también el reporte bancario por su canal oficial y aportar el comprobante y la referencia de la plataforma. Reportar a una plataforma, reclamar al banco y denunciar a una autoridad son gestiones diferentes. Los canales y requisitos dependen del país y del hecho; el banco de aprendizaje no reemplaza la consulta oficial vigente.","{""contraseña"": ""Secreto que permite entrar a una cuenta. No debe entregarse a quien lo pida por un mensaje o llamada inesperada."", ""canal oficial"": ""Aplicación, página o contacto de la entidad cuya procedencia comprobaste; no basta que tenga un logotipo.""}"
C3-0297,negro,21,Estafa de recuperación de dinero,Responder y dar seguimiento,"Un agricultor pagó al recuperador y ahora este exige una nueva tasa para liberar la devolución. La persona está dispuesta a pedir ayuda y puede usar un canal oficial. Necesita decidir qué hacer ahora sin ampliar la exposición.

¿Qué decisión es la más adecuada con la información disponible?",Pagar porque conoce el monto que publicaste.,"Detener pagos, guardar ambas conversaciones y reportar también este nuevo envío al medio de pago.",Entregar acceso remoto para que busque el dinero.,Enviar la contraseña bancaria para que haga el reintegro.,B,"Detener pagos, guardar ambas conversaciones y reportar también este nuevo envío al medio de pago. Quien ya sufrió una estafa puede recibir una segunda oferta engañosa; conocer detalles públicos no demuestra capacidad de recuperar fondos. Una promesa de recuperación total es una señal de alerta; los resultados reales dependen de cada gestión y no se deben garantizar.","{""contraseña"": ""Secreto que permite entrar a una cuenta. No debe entregarse a quien lo pida por un mensaje o llamada inesperada."", ""acceso remoto"": ""Capacidad de ver o manejar un equipo desde otro lugar. Debe darse solo a quien esté verificado y para una tarea acordada."", ""canal oficial"": ""Aplicación, página o contacto de la entidad cuya procedencia comprobaste; no basta que tenga un logotipo.""}"
C3-0298,negro,21,Extorsión con información privada,Responder y dar seguimiento,"Una cocinera ya pagó y la persona vuelve a exigir más, usando imágenes reales que ella había compartido en confianza. La persona está dispuesta a pedir ayuda y puede usar un canal oficial. Necesita decidir qué hacer ahora sin ampliar la exposición.

¿Qué decisión es la más adecuada con la información disponible?",Aislarte y borrar toda evidencia antes de pedir ayuda.,"No enviar más material, guardar las exigencias y buscar apoyo y orientación oficial sin culparse.",Pagar suponiendo que así se destruirán todas las copias.,Enviar más contenido para convencer a la persona de mantener el secreto.,B,"No enviar más material, guardar las exigencias y buscar apoyo y orientación oficial sin culparse. El pago no garantiza que desaparezca la amenaza y puede dar lugar a nuevas exigencias; buscar apoyo ayuda a recuperar opciones. Ante peligro físico inmediato, la prioridad es ponerse a salvo y contactar los servicios de emergencia locales.","{""contraseña"": ""Secreto que permite entrar a una cuenta. No debe entregarse a quien lo pida por un mensaje o llamada inesperada."", ""canal oficial"": ""Aplicación, página o contacto de la entidad cuya procedencia comprobaste; no basta que tenga un logotipo.""}"
C3-0299,negro,21,Plan sencillo de continuidad del negocio,Responder y dar seguimiento,"Una cocinera pierde el equipo de pedidos en un día de mucha demanda y dispone de un respaldo probado y un contacto bancario guardado. La persona está dispuesta a pedir ayuda y puede usar un canal oficial. Necesita decidir qué hacer ahora sin ampliar la exposición.

¿Qué decisión es la más adecuada con la información disponible?",Concentrar también las únicas copias en ese mismo teléfono.,Esperar a una pérdida para decidir quién llama al banco.,Compartir todas las claves en el grupo del negocio como único plan.,"Proteger el equipo y accesos perdidos, recuperar los pedidos en un dispositivo confiable y retomar solo lo que pueda verificar.",D,"Proteger el equipo y accesos perdidos, recuperar los pedidos en un dispositivo confiable y retomar solo lo que pueda verificar. Un plan reduce la improvisación cuando falta un equipo o una persona, sin exigir acceso indiscriminado a todas las cuentas. Un plan debe probarse y actualizarse; un documento que nadie sabe usar ofrece poca ayuda durante una interrupción.","{""permisos"": ""Autorizaciones para que una aplicación use funciones o datos, como ubicación, cámara, fotos o contactos."", ""canal oficial"": ""Aplicación, página o contacto de la entidad cuya procedencia comprobaste; no basta que tenga un logotipo.""}"
C3-0300,negro,21,Acompañar a otra persona y cerrar el incidente,Responder y dar seguimiento,"Un agricultor ya recuperó su cuenta, pero un familiar recibió un pedido de dinero enviado durante el acceso ajeno. La persona está dispuesta a pedir ayuda y puede usar un canal oficial. Necesita decidir qué hacer ahora sin ampliar la exposición.

¿Qué decisión es la más adecuada con la información disponible?",Tomar el control permanente de sus cuentas para evitarle nuevos errores.,Decirle que ahora es imposible que vuelva a ocurrir.,Avisar a los contactos por un canal confiable y orientar a quien pagó a contactar su medio de pago cuanto antes.,Recordarle su equivocación delante del grupo para que no la repita.,C,Avisar a los contactos por un canal confiable y orientar a quien pagó a contactar su medio de pago cuanto antes. Recuperar el acceso es una etapa; comprobar cambios y aprender medidas útiles ayuda a reducir recurrencias sin quitar autonomía. El cinturón negro representa progreso dentro de la app; no equivale a inmunidad ni a una certificación profesional de ciberseguridad.,"{""permisos"": ""Autorizaciones para que una aplicación use funciones o datos, como ubicación, cámara, fotos o contactos."", ""canal oficial"": ""Aplicación, página o contacto de la entidad cuya procedencia comprobaste; no basta que tenga un logotipo.""}"
