ID,Cinturón ID,Cinturón Nombre,Pregunta,Opción A,Opción B,Opción C,Opción D,Índice Respuesta Correcta (0-3),Explicación Sensei
1,1,Cinturón Blanco,"Recibes un mensaje que anuncia un premio en un sorteo al que no te inscribiste. Para entregarlo, pide un pago hoy. ¿Qué idea conviene recordar para evaluar lo que ocurre?",Un premio es auténtico si menciona tu nombre completo.,Un premio inesperado con pago urgente puede ser un engaño; el mensaje no demuestra que exista el sorteo.,Un pago pequeño no puede formar parte de una estafa.,La palabra «oficial» demuestra que la oferta fue revisada. Un premio es auténtico si menciona tu nombre completo.,1,Un premio inesperado con pago urgente puede ser un engaño; el mensaje no demuestra que exista el sorteo. En la práctica: No pagar y comprobar el supuesto sorteo por un contacto oficial buscado aparte.
2,1,Cinturón Blanco,Un mensaje afirma que tu cuenta se cerrará en diez minutos si no escribes la contraseña en su enlace. ¿Cuál es la explicación correcta sobre este riesgo?,La amenaza y el poco tiempo buscan que decidas sin comprobar lo que ocurre.,"Si el plazo termina, ya no puedes consultar al servicio por otra vía.","Los mensajes urgentes se deben obedecer antes de revisarlos. Si el plazo termina, ya no puedes consultar al servicio por otra vía.",Un contador demuestra que el aviso viene del servicio.,0,La amenaza y el poco tiempo buscan que decidas sin comprobar lo que ocurre. En la práctica: Salir del mensaje y revisar la cuenta entrando por la aplicación habitual.
3,1,Cinturón Blanco,Un correo lleva el logotipo de la empresa de luz y pide pagar una deuda que no reconoces mediante un enlace. ¿Qué principio ayuda a decidir con más seguridad?,Un correo sin faltas de ortografía no puede ser fraudulento.,Solo una empresa auténtica puede usar su logotipo en un correo.,La buena calidad del diseño demuestra que el cobro es real.,Una imagen se puede copiar; el logotipo no demuestra quién envió el mensaje.,3,Una imagen se puede copiar; el logotipo no demuestra quién envió el mensaje. En la práctica: Consultar la deuda desde la página o atención oficial de la empresa.
4,1,Cinturón Blanco,Alguien llama diciendo que es del banco y solicita la clave de acceso para detener un supuesto fraude. ¿Qué explicación ayuda a entender esta situación?,Conocer tu nombre y dirección prueba que quien llama trabaja en el banco.,Una voz amable garantiza que la llamada es auténtica.,Dictar una parte de la clave siempre es seguro. Una voz amable garantiza que la llamada es auténtica.,Quien conoce tu nombre no queda identificado; una clave de acceso debe mantenerse privada.,3,Quien conoce tu nombre no queda identificado; una clave de acceso debe mantenerse privada. En la práctica: Colgar y llamar al banco usando el número de la tarjeta o de su aplicación oficial.
5,1,Cinturón Blanco,"Llega un código para iniciar sesión y una persona te pide que se lo leas, aunque tú no intentaste entrar. ¿Qué idea conviene recordar para evaluar lo que ocurre?",Los códigos de acceso solo sirven para recibir publicidad.,Un código de acceso puede autorizar una entrada o recuperación de cuenta; no es un recado para otra persona.,Un código que dura pocos minutos no puede ser aprovechado por un delincuente.,Una captura de un código es más segura que dictarlo. Los códigos de acceso solo sirven para recibir publicidad.,1,Un código de acceso puede autorizar una entrada o recuperación de cuenta; no es un recado para otra persona. En la práctica: No compartirlo y revisar la seguridad de la cuenta desde su servicio oficial.
6,1,Cinturón Blanco,Vas a crear una contraseña para el correo y piensas usar tu nombre seguido de tu año de nacimiento. ¿Cuál es la explicación correcta sobre este riesgo?,La longitud y la dificultad de adivinar ayudan; los datos personales y las claves publicadas son previsibles.,Tu fecha de nacimiento solo la conoces tú. Añadir un signo vuelve segura cualquier contraseña corta.,Una clave publicada sirve como secreto si la copian pocas personas.,Añadir un signo vuelve segura cualquier contraseña corta. Una clave publicada sirve como secreto si la copian pocas personas.,0,"La longitud y la dificultad de adivinar ayudan; los datos personales y las claves publicadas son previsibles. En la práctica: Elegir una clave larga, difícil de adivinar y que no uses en otra cuenta."
7,1,Cinturón Blanco,Usas la misma contraseña en una tienda en línea y en el correo con el que recuperas tus demás cuentas. ¿Qué principio ayuda a decidir con más seguridad?,Repetir una clave larga elimina el riesgo de que la prueben en otro servicio.,"Si una clave queda expuesta en un servicio, alguien puede probarla en otros donde la repites.",Usar distintos nombres de usuario hace imposible aprovechar una clave repetida.,Una tienda protege automáticamente la contraseña de todas tus demás cuentas.,1,"Si una clave queda expuesta en un servicio, alguien puede probarla en otros donde la repites. En la práctica: Cambiar a contraseñas diferentes, empezando por proteger el correo."
8,1,Cinturón Blanco,Tienes una foto de tus contraseñas en una galería que se comparte con otras personas. ¿Qué explicación ayuda a entender esta situación?,Todos los grupos familiares son espacios privados permanentes.,Una imagen de una contraseña no se puede copiar.,Cambiar el nombre de una foto protege su contenido. Todos los grupos familiares son espacios privados permanentes.,Una galería compartida deja los secretos al alcance de quienes tengan acceso a ella.,3,Una galería compartida deja los secretos al alcance de quienes tengan acceso a ella. En la práctica: Pasarlas a un método de almacenamiento protegido y retirar la imagen compartida.
9,1,Cinturón Blanco,Dejas el celular sobre el mostrador y cualquiera puede abrir tus mensajes sin una clave. ¿Qué idea conviene recordar para evaluar lo que ocurre?,Un teléfono sin aplicación bancaria no contiene información importante.,El bloqueo de pantalla protege también todas las cuentas en otros equipos.,El bloqueo dificulta que otra persona use tus cuentas cuando tiene el equipo en sus manos.,Ocultar un icono impide abrir una aplicación.,2,El bloqueo dificulta que otra persona use tus cuentas cuando tiene el equipo en sus manos. En la práctica: Activar un bloqueo de pantalla y un tiempo corto de bloqueo automático.
10,1,Cinturón Blanco,"Aunque el teléfono está bloqueado, sus avisos muestran completos los códigos de acceso y los mensajes privados. ¿Cuál es la explicación correcta sobre este riesgo?",Bloquear el equipo siempre oculta el texto de cualquier aviso.,Algunas notificaciones muestran información sin desbloquear; la configuración de vista previa es independiente.,Quien ve un aviso necesita conocer también tu correo para que exista algún riesgo. Bloquear el equipo siempre oculta el texto de cualquier aviso.,Un código mostrado en una notificación no sirve para iniciar sesión.,1,Algunas notificaciones muestran información sin desbloquear; la configuración de vista previa es independiente. En la práctica: Ocultar el contenido sensible de las notificaciones en la pantalla bloqueada.
11,1,Cinturón Blanco,No sabes cambiar una opción de seguridad y un conocido ofrece ayudarte si le envías tu contraseña por chat. ¿Qué principio ayuda a decidir con más seguridad?,Borrar un mensaje elimina todas las copias que otra persona pudo hacer.,Puedes recibir ayuda para aprender los pasos sin entregar el secreto que abre tu cuenta.,Pedir ayuda obliga a compartir la contraseña. Borrar un mensaje elimina todas las copias que otra persona pudo hacer.,Las personas conocidas nunca pueden exponer una clave por accidente. Pedir ayuda obliga a compartir la contraseña.,1,Puedes recibir ayuda para aprender los pasos sin entregar el secreto que abre tu cuenta. En la práctica: Pedir que te guíe mientras tú escribes la contraseña sin mostrarla.
12,1,Cinturón Blanco,"Una encuesta para elegir el sabor de un producto pide tu cédula, dirección y número de cuenta. ¿Qué explicación ayuda a entender esta situación?","Si un campo es obligatorio, compartirlo siempre es necesario y seguro. Un formulario no puede dar un uso distinto a los datos que recibe.",Una encuesta sencilla no justifica por sí sola recoger información que puede usarse para suplantarte.,Un formulario no puede dar un uso distinto a los datos que recibe.,Los datos de un familiar son una alternativa segura sin consultarle.,1,Una encuesta sencilla no justifica por sí sola recoger información que puede usarse para suplantarte. En la práctica: No completarla hasta verificar quién la organiza y por qué necesita esos datos.
13,1,Cinturón Blanco,Quieres publicar una foto de tu nuevo documento de identidad para celebrar que lo recibiste. ¿Qué idea conviene recordar para evaluar lo que ocurre?,Quien es contacto tuyo nunca puede reenviar una imagen. Una historia temporal impide que se hagan capturas.,Una historia temporal impide que se hagan capturas. Los números de un documento son públicos por el hecho de tenerlo.,Los números de un documento son públicos por el hecho de tenerlo. Quien es contacto tuyo nunca puede reenviar una imagen.,Una publicación puede copiarse y sus datos utilizarse para construir engaños o intentar suplantaciones.,3,Una publicación puede copiarse y sus datos utilizarse para construir engaños o intentar suplantaciones. En la práctica: Celebrarlo sin mostrar el documento ni sus números identificativos.
14,1,Cinturón Blanco,Un grupo familiar comparte un enlace para recibir compras gratis si lo reenvías a veinte personas. ¿Cuál es la explicación correcta sobre este riesgo?,Compartir con menos personas convierte un enlace dudoso en seguro.,Un enlace reenviado por la familia ya fue verificado.,Pedir reenvíos ayuda a extender el engaño; una persona de confianza también puede compartir algo falso sin saberlo.,Una promoción se vuelve real cuando muchas personas la reciben.,2,Pedir reenvíos ayuda a extender el engaño; una persona de confianza también puede compartir algo falso sin saberlo. En la práctica: No reenviarlo y comprobar la promoción en el canal oficial del comercio.
15,1,Cinturón Blanco,"Un número desconocido dice ser tu hijo, afirma que perdió el teléfono y necesita una transferencia urgente. ¿Qué principio ayuda a decidir con más seguridad?",Solo tu hijo puede saber cómo llamarte por tu parentesco.,La urgencia y el parentesco declarado no prueban quién escribe; una verificación independiente ayuda a aclararlo.,Una foto de perfil identifica con certeza a la persona que escribe.,"Si el número es nuevo, ya no debes intentar el contacto anterior. Solo tu hijo puede saber cómo llamarte por tu parentesco.",1,La urgencia y el parentesco declarado no prueban quién escribe; una verificación independiente ayuda a aclararlo. En la práctica: Contactar a tu hijo por su número habitual o a una persona cercana antes de enviar dinero.
16,1,Cinturón Blanco,Un comprador muestra una captura de una transferencia y te apura para retirar la mercadería. ¿Qué explicación ayuda a entender esta situación?,Una imagen puede modificarse y una orden de transferencia no demuestra por sí sola un abono disponible.,Un comprobante con tu nombre garantiza que recibiste el dinero. Ver la captura en otro teléfono impide que sea falsa.,Ver la captura en otro teléfono impide que sea falsa. Todo pago anunciado queda acreditado inmediatamente en cualquier banco.,Todo pago anunciado queda acreditado inmediatamente en cualquier banco.,0,Una imagen puede modificarse y una orden de transferencia no demuestra por sí sola un abono disponible. En la práctica: Comprobar en tu propia cuenta que el dinero esté realmente acreditado antes de entregar.
17,1,Cinturón Blanco,Buscas ayuda para un cobro y un desconocido comenta en una red social un teléfono que dice ser del banco. ¿Qué idea conviene recordar para evaluar lo que ocurre?,Una foto con el logotipo demuestra que el número es oficial.,El primer comentario de una publicación es siempre de la entidad.,Una respuesta rápida confirma que el operador es auténtico. El primer comentario de una publicación es siempre de la entidad.,Un contacto publicado por cualquiera puede dirigir a una falsa atención; conviene obtenerlo de una fuente propia y verificada.,3,Un contacto publicado por cualquiera puede dirigir a una falsa atención; conviene obtenerlo de una fuente propia y verificada. En la práctica: Buscar el teléfono dentro de la aplicación del banco o en la tarjeta.
18,1,Cinturón Blanco,"Mientras lees una receta, una página dice que tu celular tiene veinte virus y exige llamar a un número. ¿Cuál es la explicación correcta sobre este riesgo?","Si la página vibra o emite sonidos, el problema queda confirmado. Un aviso dentro de cualquier página es un diagnóstico del fabricante.",Un aviso dentro de cualquier página es un diagnóstico del fabricante. La cantidad exacta de virus escrita en un anuncio prueba una revisión real.,La cantidad exacta de virus escrita en un anuncio prueba una revisión real.,Una página que muestra un aviso alarmante no demuestra haber examinado tu teléfono.,3,Una página que muestra un aviso alarmante no demuestra haber examinado tu teléfono. En la práctica: Cerrar la página y revisar el equipo con las opciones de seguridad que ya conoces.
19,1,Cinturón Blanco,"Mientras conduces, llega una alerta que exige entrar al banco de inmediato para confirmar un movimiento. ¿Qué principio ayuda a decidir con más seguridad?",Dictar la clave durante la conducción evita los riesgos digitales.,Un pasajero se vuelve una persona de confianza por ayudarte rápido.,Atender una alarma al conducir distrae y la urgencia dificulta comprobarla con calma.,Un aviso bancario justifica distraerse al volante.,2,Atender una alarma al conducir distrae y la urgencia dificulta comprobarla con calma. En la práctica: Esperar a estar detenido en un lugar seguro y consultar la aplicación oficial.
20,1,Cinturón Blanco,Una compañera dice que abrió un enlace dudoso y teme contarlo porque podrían burlarse. ¿Qué explicación ayuda a entender esta situación?,Ocultar un incidente evita que tenga consecuencias.,Abrir cualquier enlace significa que todas las cuentas ya fueron robadas. Ocultar un incidente evita que tenga consecuencias.,Contarlo pronto permite limitar daños; la vergüenza puede retrasar la ayuda que la persona necesita.,Solo las personas sin estudios pueden ser engañadas. Abrir cualquier enlace significa que todas las cuentas ya fueron robadas.,2,Contarlo pronto permite limitar daños; la vergüenza puede retrasar la ayuda que la persona necesita. En la práctica: Escucharla sin culpar y preguntar qué hizo para decidir la ayuda adecuada.
21,1,Cinturón Blanco,"Recibes un mensaje que anuncia un premio en un sorteo al que no te inscribiste. Para entregarlo, pide un pago hoy. ¿Cuál es la decisión más prudente?",No pagar y comprobar el supuesto sorteo por un contacto oficial buscado aparte.,Preguntar al mismo remitente si garantiza el premio.,Pagar una cantidad pequeña para reservar el premio.,Enviar una foto de la cédula para demostrar interés.,0,No pagar y comprobar el supuesto sorteo por un contacto oficial buscado aparte. Un premio inesperado con pago urgente puede ser un engaño; el mensaje no demuestra que exista el sorteo.
22,1,Cinturón Blanco,Un mensaje afirma que tu cuenta se cerrará en diez minutos si no escribes la contraseña en su enlace. ¿Qué harías para cuidar tus datos o tu dinero?,Responder con la contraseña para ahorrar tiempo. Los mensajes urgentes se deben obedecer antes de revisarlos.,Salir del mensaje y revisar la cuenta entrando por la aplicación habitual.,Abrir el enlace antes de que termine el contador.,Reenviar el enlace a un familiar para que lo complete por ti.,1,Salir del mensaje y revisar la cuenta entrando por la aplicación habitual. La amenaza y el poco tiempo buscan que decidas sin comprobar lo que ocurre.
23,1,Cinturón Blanco,Un correo lleva el logotipo de la empresa de luz y pide pagar una deuda que no reconoces mediante un enlace. ¿Cuál es el siguiente paso más seguro?,Confiar si los colores coinciden con la factura anterior. La buena calidad del diseño demuestra que el cobro es real.,Enviar los datos de tarjeta al correo para que revisen la deuda. Un correo sin faltas de ortografía no puede ser fraudulento.,Pagar porque el logotipo tiene buena calidad.,Consultar la deuda desde la página o atención oficial de la empresa.,3,Consultar la deuda desde la página o atención oficial de la empresa. Una imagen se puede copiar; el logotipo no demuestra quién envió el mensaje.
24,1,Cinturón Blanco,Alguien llama diciendo que es del banco y solicita la clave de acceso para detener un supuesto fraude. ¿Qué conviene hacer?,Colgar y llamar al banco usando el número de la tarjeta o de su aplicación oficial.,Entregar la clave si promete no anotarla. Una voz amable garantiza que la llamada es auténtica.,Dictar solo la mitad de la clave para probar al empleado.,Continuar porque la persona sabe tu nombre. Dictar una parte de la clave siempre es seguro.,0,Colgar y llamar al banco usando el número de la tarjeta o de su aplicación oficial. Quien conoce tu nombre no queda identificado; una clave de acceso debe mantenerse privada.
25,1,Cinturón Blanco,"Llega un código para iniciar sesión y una persona te pide que se lo leas, aunque tú no intentaste entrar. ¿Cuál es la decisión más prudente?",No compartirlo y revisar la seguridad de la cuenta desde su servicio oficial.,Leer el código porque caduca pronto.,Mandar una captura para que la otra persona compruebe el número.,Compartirlo si quien lo pide dice ser un familiar.,0,No compartirlo y revisar la seguridad de la cuenta desde su servicio oficial. Un código de acceso puede autorizar una entrada o recuperación de cuenta; no es un recado para otra persona.
26,1,Cinturón Blanco,Vas a crear una contraseña para el correo y piensas usar tu nombre seguido de tu año de nacimiento. ¿Qué harías para cuidar tus datos o tu dinero?,"Elegir una clave larga, difícil de adivinar y que no uses en otra cuenta.",Cambiar solo una letra de tu nombre por un símbolo.,Usar el año actual después de tu apellido. Una clave publicada sirve como secreto si la copian pocas personas.,Copiar una contraseña mostrada en una clase pública.,0,"Elegir una clave larga, difícil de adivinar y que no uses en otra cuenta. La longitud y la dificultad de adivinar ayudan; los datos personales y las claves publicadas son previsibles."
27,1,Cinturón Blanco,Usas la misma contraseña en una tienda en línea y en el correo con el que recuperas tus demás cuentas. ¿Cuál es el siguiente paso más seguro?,Añadir el nombre de la tienda al final de la clave del correo.,"Cambiar a contraseñas diferentes, empezando por proteger el correo.",Mantener la misma clave porque así no se pierde ninguna.,Cambiar solo la clave de la tienda y mantenerla repetida en el correo y otras cuentas. Usar distintos nombres de usuario hace imposible aprovechar una clave repetida.,1,"Cambiar a contraseñas diferentes, empezando por proteger el correo. Si una clave queda expuesta en un servicio, alguien puede probarla en otros donde la repites."
28,1,Cinturón Blanco,Tienes una foto de tus contraseñas en una galería que se comparte con otras personas. ¿Qué conviene hacer?,Pasarlas a un método de almacenamiento protegido y retirar la imagen compartida.,Cambiar el nombre de la foto para que parezca una receta.,Guardar otra copia en una publicación privada que muchos contactos pueden ver.,Enviar la imagen a un grupo familiar para tener más copias.,0,Pasarlas a un método de almacenamiento protegido y retirar la imagen compartida. Una galería compartida deja los secretos al alcance de quienes tengan acceso a ella.
29,1,Cinturón Blanco,Dejas el celular sobre el mostrador y cualquiera puede abrir tus mensajes sin una clave. ¿Cuál es la decisión más prudente?,Ocultar la aplicación entre muchos iconos. Ocultar un icono impide abrir una aplicación.,Bajar el brillo para que cueste leer los mensajes. Un teléfono sin aplicación bancaria no contiene información importante.,Activar un bloqueo de pantalla y un tiempo corto de bloqueo automático.,Dejar abierta solo la mensajería porque no es la aplicación bancaria.,2,Activar un bloqueo de pantalla y un tiempo corto de bloqueo automático. El bloqueo dificulta que otra persona use tus cuentas cuando tiene el equipo en sus manos.
30,1,Cinturón Blanco,"Aunque el teléfono está bloqueado, sus avisos muestran completos los códigos de acceso y los mensajes privados. ¿Qué harías para cuidar tus datos o tu dinero?",Ocultar el contenido sensible de las notificaciones en la pantalla bloqueada.,Compartir el código de desbloqueo para que alguien quite los avisos por ti.,Dejar el teléfono boca abajo como única protección permanente. Un código mostrado en una notificación no sirve para iniciar sesión.,Confiar en que el bloqueo vuelve ilegible todo aviso automáticamente. Bloquear el equipo siempre oculta el texto de cualquier aviso.,0,Ocultar el contenido sensible de las notificaciones en la pantalla bloqueada. Algunas notificaciones muestran información sin desbloquear; la configuración de vista previa es independiente.
31,1,Cinturón Blanco,No sabes cambiar una opción de seguridad y un conocido ofrece ayudarte si le envías tu contraseña por chat. ¿Cuál es el siguiente paso más seguro?,Enviar la contraseña y pedirle que borre el mensaje después. Pedir ayuda obliga a compartir la contraseña.,Mandarle una captura de la pantalla donde aparece la clave. Las personas conocidas nunca pueden exponer una clave por accidente.,Dictarla en voz alta para que haga el cambio más rápido.,Pedir que te guíe mientras tú escribes la contraseña sin mostrarla.,3,Pedir que te guíe mientras tú escribes la contraseña sin mostrarla. Puedes recibir ayuda para aprender los pasos sin entregar el secreto que abre tu cuenta.
32,1,Cinturón Blanco,"Una encuesta para elegir el sabor de un producto pide tu cédula, dirección y número de cuenta. ¿Qué conviene hacer?",Usar los datos de un familiar si no quieres dar los tuyos.,Enviar también una foto del documento para evitar errores.,No completarla hasta verificar quién la organiza y por qué necesita esos datos.,Rellenar todos los campos para que la opinión sea válida. Un formulario no puede dar un uso distinto a los datos que recibe.,2,No completarla hasta verificar quién la organiza y por qué necesita esos datos. Una encuesta sencilla no justifica por sí sola recoger información que puede usarse para suplantarte.
33,1,Cinturón Blanco,Quieres publicar una foto de tu nuevo documento de identidad para celebrar que lo recibiste. ¿Cuál es la decisión más prudente?,Celebrarlo sin mostrar el documento ni sus números identificativos.,Tapar solo tu cara y dejar visibles los números del documento. Los números de un documento son públicos por el hecho de tenerlo.,Publicarlo completo porque tus contactos ya conocen tu nombre. Una historia temporal impide que se hagan capturas.,Subirlo a una historia suponiendo que desaparecerá sin dejar copias.,0,Celebrarlo sin mostrar el documento ni sus números identificativos. Una publicación puede copiarse y sus datos utilizarse para construir engaños o intentar suplantaciones.
34,1,Cinturón Blanco,Un grupo familiar comparte un enlace para recibir compras gratis si lo reenvías a veinte personas. ¿Qué harías para cuidar tus datos o tu dinero?,Reenviarlo primero y comprobarlo después. Un enlace reenviado por la familia ya fue verificado.,Completar la encuesta porque te lo envió un pariente. Compartir con menos personas convierte un enlace dudoso en seguro.,No reenviarlo y comprobar la promoción en el canal oficial del comercio.,Compartirlo solo con cinco personas para reducir el riesgo.,2,No reenviarlo y comprobar la promoción en el canal oficial del comercio. Pedir reenvíos ayuda a extender el engaño; una persona de confianza también puede compartir algo falso sin saberlo.
35,1,Cinturón Blanco,"Un número desconocido dice ser tu hijo, afirma que perdió el teléfono y necesita una transferencia urgente. ¿Cuál es el siguiente paso más seguro?",Guardar el número nuevo y borrar el anterior antes de comprobar.,Pedirle una foto de perfil como única prueba. Una foto de perfil identifica con certeza a la persona que escribe.,Transferir porque escribe «mamá» o «papá».,Contactar a tu hijo por su número habitual o a una persona cercana antes de enviar dinero.,3,Contactar a tu hijo por su número habitual o a una persona cercana antes de enviar dinero. La urgencia y el parentesco declarado no prueban quién escribe; una verificación independiente ayuda a aclararlo.
36,1,Cinturón Blanco,Un comprador muestra una captura de una transferencia y te apura para retirar la mercadería. ¿Qué conviene hacer?,Aceptar la captura porque incluye el logo del banco.,Entregar si el comprador te deja ver la imagen en su celular.,Comprobar en tu propia cuenta que el dinero esté realmente acreditado antes de entregar.,Devolver una supuesta diferencia antes de revisar el ingreso. Todo pago anunciado queda acreditado inmediatamente en cualquier banco.,2,Comprobar en tu propia cuenta que el dinero esté realmente acreditado antes de entregar. Una imagen puede modificarse y una orden de transferencia no demuestra por sí sola un abono disponible.
37,1,Cinturón Blanco,Buscas ayuda para un cobro y un desconocido comenta en una red social un teléfono que dice ser del banco. ¿Cuál es la decisión más prudente?,Buscar el teléfono dentro de la aplicación del banco o en la tarjeta.,Elegir el contacto que promete resolverlo más rápido sin verificarlo. Una respuesta rápida confirma que el operador es auténtico.,Llamar al número del comentario porque aparece primero.,Usar un número enviado por mensaje privado por ese desconocido. Una foto con el logotipo demuestra que el número es oficial.,0,Buscar el teléfono dentro de la aplicación del banco o en la tarjeta. Un contacto publicado por cualquiera puede dirigir a una falsa atención; conviene obtenerlo de una fuente propia y verificada.
38,1,Cinturón Blanco,"Mientras lees una receta, una página dice que tu celular tiene veinte virus y exige llamar a un número. ¿Qué harías para cuidar tus datos o tu dinero?",Pagar para quitar el contador de virus de la página.,Instalar el limpiador recomendado por ese anuncio.,Llamar al número de la alerta para que limpien el equipo.,Cerrar la página y revisar el equipo con las opciones de seguridad que ya conoces.,3,Cerrar la página y revisar el equipo con las opciones de seguridad que ya conoces. Una página que muestra un aviso alarmante no demuestra haber examinado tu teléfono.
39,1,Cinturón Blanco,"Mientras conduces, llega una alerta que exige entrar al banco de inmediato para confirmar un movimiento. ¿Cuál es el siguiente paso más seguro?",Abrir el enlace mientras esperas unos segundos en el semáforo.,Dictar la clave por teléfono para no mirar la pantalla. Dictar la clave durante la conducción evita los riesgos digitales.,Pedir a un pasajero desconocido que revise la cuenta con tu clave.,Esperar a estar detenido en un lugar seguro y consultar la aplicación oficial.,3,Esperar a estar detenido en un lugar seguro y consultar la aplicación oficial. Atender una alarma al conducir distrae y la urgencia dificulta comprobarla con calma.
40,1,Cinturón Blanco,Una compañera dice que abrió un enlace dudoso y teme contarlo porque podrían burlarse. ¿Qué conviene hacer?,Publicar lo ocurrido con su nombre como advertencia al grupo. Ocultar un incidente evita que tenga consecuencias.,Reprocharle que una persona cuidadosa nunca se equivoca. Solo las personas sin estudios pueden ser engañadas.,Pedirle que borre todo para que nadie se entere.,Escucharla sin culpar y preguntar qué hizo para decidir la ayuda adecuada.,3,Escucharla sin culpar y preguntar qué hizo para decidir la ayuda adecuada. Contarlo pronto permite limitar daños; la vergüenza puede retrasar la ayuda que la persona necesita.
41,1,Cinturón Blanco,"Para prepararte ante situaciones como esta: Recibes un mensaje que anuncia un premio en un sorteo al que no te inscribiste. Para entregarlo, pide un pago hoy. ¿Qué medida preventiva conviene adoptar?",Preguntar al mismo remitente si garantiza el premio.,Enviar una foto de la cédula para demostrar interés.,Comprobar las bases y quién organiza un sorteo antes de compartir datos.,Pagar una cantidad pequeña para reservar el premio. Un premio es auténtico si menciona tu nombre completo.,2,Comprobar las bases y quién organiza un sorteo antes de compartir datos. Un premio inesperado con pago urgente puede ser un engaño; el mensaje no demuestra que exista el sorteo.
42,1,Cinturón Blanco,Para prepararte ante situaciones como esta: Un mensaje afirma que tu cuenta se cerrará en diez minutos si no escribes la contraseña en su enlace. ¿Qué medida preventiva conviene adoptar?,Tener a mano la aplicación o dirección oficial para revisar avisos sin usar enlaces recibidos.,Reenviar el enlace a un familiar para que lo complete por ti.,Abrir el enlace antes de que termine el contador. Un contador demuestra que el aviso viene del servicio.,Responder con la contraseña para ahorrar tiempo.,0,Tener a mano la aplicación o dirección oficial para revisar avisos sin usar enlaces recibidos. La amenaza y el poco tiempo buscan que decidas sin comprobar lo que ocurre.
43,1,Cinturón Blanco,Para prepararte ante situaciones como esta: Un correo lleva el logotipo de la empresa de luz y pide pagar una deuda que no reconoces mediante un enlace. ¿Qué medida preventiva conviene adoptar?,Pagar porque el logotipo tiene buena calidad.,Guardar un contacto verificado de los servicios que pagas habitualmente.,Enviar los datos de tarjeta al correo para que revisen la deuda.,Confiar si los colores coinciden con la factura anterior.,1,Guardar un contacto verificado de los servicios que pagas habitualmente. Una imagen se puede copiar; el logotipo no demuestra quién envió el mensaje.
44,1,Cinturón Blanco,Para prepararte ante situaciones como esta: Alguien llama diciendo que es del banco y solicita la clave de acceso para detener un supuesto fraude. ¿Qué medida preventiva conviene adoptar?,Continuar porque la persona sabe tu nombre.,Guardar el número oficial del banco y acordar no dictar claves en llamadas recibidas.,Entregar la clave si promete no anotarla.,Dictar solo la mitad de la clave para probar al empleado. Conocer tu nombre y dirección prueba que quien llama trabaja en el banco.,1,Guardar el número oficial del banco y acordar no dictar claves en llamadas recibidas. Quien conoce tu nombre no queda identificado; una clave de acceso debe mantenerse privada.
45,1,Cinturón Blanco,"Para prepararte ante situaciones como esta: Llega un código para iniciar sesión y una persona te pide que se lo leas, aunque tú no intentaste entrar. ¿Qué medida preventiva conviene adoptar?",Leer el código porque caduca pronto. Un código que dura pocos minutos no puede ser aprovechado por un delincuente.,Compartirlo si quien lo pide dice ser un familiar.,Leer para qué sirve el código y usarlo únicamente en una operación que tú iniciaste en el servicio legítimo.,Mandar una captura para que la otra persona compruebe el número. Una captura de un código es más segura que dictarlo.,2,Leer para qué sirve el código y usarlo únicamente en una operación que tú iniciaste en el servicio legítimo. Un código de acceso puede autorizar una entrada o recuperación de cuenta; no es un recado para otra persona.
46,1,Cinturón Blanco,Para prepararte ante situaciones como esta: Vas a crear una contraseña para el correo y piensas usar tu nombre seguido de tu año de nacimiento. ¿Qué medida preventiva conviene adoptar?,Crear claves únicas con ayuda de un gestor confiable o una frase larga que no sea conocida.,Usar el año actual después de tu apellido.,Cambiar solo una letra de tu nombre por un símbolo.,Copiar una contraseña mostrada en una clase pública.,0,Crear claves únicas con ayuda de un gestor confiable o una frase larga que no sea conocida. La longitud y la dificultad de adivinar ayudan; los datos personales y las claves publicadas son previsibles.
47,1,Cinturón Blanco,Para prepararte ante situaciones como esta: Usas la misma contraseña en una tienda en línea y en el correo con el que recuperas tus demás cuentas. ¿Qué medida preventiva conviene adoptar?,Mantener la misma clave porque así no se pierde ninguna. Una tienda protege automáticamente la contraseña de todas tus demás cuentas.,Guardar claves distintas en un gestor protegido y activar una segunda comprobación de acceso donde exista.,Cambiar solo la clave de la tienda y mantenerla repetida en el correo y otras cuentas.,Añadir el nombre de la tienda al final de la clave del correo.,1,"Guardar claves distintas en un gestor protegido y activar una segunda comprobación de acceso donde exista. Si una clave queda expuesta en un servicio, alguien puede probarla en otros donde la repites."
48,1,Cinturón Blanco,Para prepararte ante situaciones como esta: Tienes una foto de tus contraseñas en una galería que se comparte con otras personas. ¿Qué medida preventiva conviene adoptar?,Cambiar el nombre de la foto para que parezca una receta.,Enviar la imagen a un grupo familiar para tener más copias.,Guardar otra copia en una publicación privada que muchos contactos pueden ver. Todos los grupos familiares son espacios privados permanentes.,"Usar un gestor de contraseñas protegido o, si no puedes, un registro físico guardado bajo control y lejos del equipo.",3,"Usar un gestor de contraseñas protegido o, si no puedes, un registro físico guardado bajo control y lejos del equipo. Una galería compartida deja los secretos al alcance de quienes tengan acceso a ella."
49,1,Cinturón Blanco,Para prepararte ante situaciones como esta: Dejas el celular sobre el mostrador y cualquiera puede abrir tus mensajes sin una clave. ¿Qué medida preventiva conviene adoptar?,Bajar el brillo para que cueste leer los mensajes. Un teléfono sin aplicación bancaria no contiene información importante.,Dejar abierta solo la mensajería porque no es la aplicación bancaria.,Elegir un código que no sea obvio y evitar que otras personas lo vean al escribirlo.,Ocultar la aplicación entre muchos iconos. Ocultar un icono impide abrir una aplicación.,2,Elegir un código que no sea obvio y evitar que otras personas lo vean al escribirlo. El bloqueo dificulta que otra persona use tus cuentas cuando tiene el equipo en sus manos.
50,1,Cinturón Blanco,"Para prepararte ante situaciones como esta: Aunque el teléfono está bloqueado, sus avisos muestran completos los códigos de acceso y los mensajes privados. ¿Qué medida preventiva conviene adoptar?",Confiar en que el bloqueo vuelve ilegible todo aviso automáticamente. Bloquear el equipo siempre oculta el texto de cualquier aviso.,Revisar qué contenido aparece al bloquear el equipo y ajustar las vistas previas.,Compartir el código de desbloqueo para que alguien quite los avisos por ti.,Dejar el teléfono boca abajo como única protección permanente. Un código mostrado en una notificación no sirve para iniciar sesión.,1,Revisar qué contenido aparece al bloquear el equipo y ajustar las vistas previas. Algunas notificaciones muestran información sin desbloquear; la configuración de vista previa es independiente.
51,1,Cinturón Blanco,Para prepararte ante situaciones como esta: No sabes cambiar una opción de seguridad y un conocido ofrece ayudarte si le envías tu contraseña por chat. ¿Qué medida preventiva conviene adoptar?,Dictarla en voz alta para que haga el cambio más rápido.,Enviar la contraseña y pedirle que borre el mensaje después.,Buscar apoyo de confianza y acordar que tú mantienes el control del equipo y de tus claves.,Mandarle una captura de la pantalla donde aparece la clave. Las personas conocidas nunca pueden exponer una clave por accidente.,2,Buscar apoyo de confianza y acordar que tú mantienes el control del equipo y de tus claves. Puedes recibir ayuda para aprender los pasos sin entregar el secreto que abre tu cuenta.
52,1,Cinturón Blanco,"Para prepararte ante situaciones como esta: Una encuesta para elegir el sabor de un producto pide tu cédula, dirección y número de cuenta. ¿Qué medida preventiva conviene adoptar?",Enviar también una foto del documento para evitar errores.,Rellenar todos los campos para que la opinión sea válida. Un formulario no puede dar un uso distinto a los datos que recibe.,Usar los datos de un familiar si no quieres dar los tuyos.,Compartir solo los datos necesarios para un propósito que comprendas y con un receptor verificado.,3,Compartir solo los datos necesarios para un propósito que comprendas y con un receptor verificado. Una encuesta sencilla no justifica por sí sola recoger información que puede usarse para suplantarte.
53,1,Cinturón Blanco,Para prepararte ante situaciones como esta: Quieres publicar una foto de tu nuevo documento de identidad para celebrar que lo recibiste. ¿Qué medida preventiva conviene adoptar?,Tapar solo tu cara y dejar visibles los números del documento.,Subirlo a una historia suponiendo que desaparecerá sin dejar copias.,Publicarlo completo porque tus contactos ya conocen tu nombre. Una historia temporal impide que se hagan capturas.,"Revisar fondos, documentos y etiquetas antes de publicar fotos.",3,"Revisar fondos, documentos y etiquetas antes de publicar fotos. Una publicación puede copiarse y sus datos utilizarse para construir engaños o intentar suplantaciones."
54,1,Cinturón Blanco,Para prepararte ante situaciones como esta: Un grupo familiar comparte un enlace para recibir compras gratis si lo reenvías a veinte personas. ¿Qué medida preventiva conviene adoptar?,Completar la encuesta porque te lo envió un pariente.,Reenviarlo primero y comprobarlo después. Un enlace reenviado por la familia ya fue verificado.,Comprobar los beneficios ofrecidos antes de abrir formularios o recomendar enlaces.,Compartirlo solo con cinco personas para reducir el riesgo. Una promoción se vuelve real cuando muchas personas la reciben.,2,Comprobar los beneficios ofrecidos antes de abrir formularios o recomendar enlaces. Pedir reenvíos ayuda a extender el engaño; una persona de confianza también puede compartir algo falso sin saberlo.
55,1,Cinturón Blanco,"Para prepararte ante situaciones como esta: Un número desconocido dice ser tu hijo, afirma que perdió el teléfono y necesita una transferencia urgente. ¿Qué medida preventiva conviene adoptar?",Acordar con la familia formas de confirmar emergencias y mantener contactos alternativos.,Transferir porque escribe «mamá» o «papá». Solo tu hijo puede saber cómo llamarte por tu parentesco.,Guardar el número nuevo y borrar el anterior antes de comprobar.,Pedirle una foto de perfil como única prueba. Una foto de perfil identifica con certeza a la persona que escribe.,0,Acordar con la familia formas de confirmar emergencias y mantener contactos alternativos. La urgencia y el parentesco declarado no prueban quién escribe; una verificación independiente ayuda a aclararlo.
56,1,Cinturón Blanco,Para prepararte ante situaciones como esta: Un comprador muestra una captura de una transferencia y te apura para retirar la mercadería. ¿Qué medida preventiva conviene adoptar?,Acordar que la entrega se hace tras comprobar el abono en tu canal bancario habitual.,Devolver una supuesta diferencia antes de revisar el ingreso. Todo pago anunciado queda acreditado inmediatamente en cualquier banco.,Entregar si el comprador te deja ver la imagen en su celular.,Aceptar la captura porque incluye el logo del banco. Un comprobante con tu nombre garantiza que recibiste el dinero.,0,Acordar que la entrega se hace tras comprobar el abono en tu canal bancario habitual. Una imagen puede modificarse y una orden de transferencia no demuestra por sí sola un abono disponible.
57,1,Cinturón Blanco,Para prepararte ante situaciones como esta: Buscas ayuda para un cobro y un desconocido comenta en una red social un teléfono que dice ser del banco. ¿Qué medida preventiva conviene adoptar?,Usar un número enviado por mensaje privado por ese desconocido.,Llamar al número del comentario porque aparece primero. El primer comentario de una publicación es siempre de la entidad.,Guardar los contactos oficiales cuando no exista una emergencia.,Elegir el contacto que promete resolverlo más rápido sin verificarlo.,2,Guardar los contactos oficiales cuando no exista una emergencia. Un contacto publicado por cualquiera puede dirigir a una falsa atención; conviene obtenerlo de una fuente propia y verificada.
58,1,Cinturón Blanco,"Para prepararte ante situaciones como esta: Mientras lees una receta, una página dice que tu celular tiene veinte virus y exige llamar a un número. ¿Qué medida preventiva conviene adoptar?",Pagar para quitar el contador de virus de la página.,Instalar el limpiador recomendado por ese anuncio.,Llamar al número de la alerta para que limpien el equipo. Un aviso dentro de cualquier página es un diagnóstico del fabricante.,"Mantener el equipo actualizado y buscar soporte por canales oficiales, no por anuncios alarmantes.",3,"Mantener el equipo actualizado y buscar soporte por canales oficiales, no por anuncios alarmantes. Una página que muestra un aviso alarmante no demuestra haber examinado tu teléfono."
59,1,Cinturón Blanco,"Para prepararte ante situaciones como esta: Mientras conduces, llega una alerta que exige entrar al banco de inmediato para confirmar un movimiento. ¿Qué medida preventiva conviene adoptar?",Configurar los avisos para no manipular el teléfono al conducir y revisar mensajes cuando sea seguro.,Pedir a un pasajero desconocido que revise la cuenta con tu clave.,Abrir el enlace mientras esperas unos segundos en el semáforo.,Dictar la clave por teléfono para no mirar la pantalla. Dictar la clave durante la conducción evita los riesgos digitales.,0,Configurar los avisos para no manipular el teléfono al conducir y revisar mensajes cuando sea seguro. Atender una alarma al conducir distrae y la urgencia dificulta comprobarla con calma.
60,1,Cinturón Blanco,Para prepararte ante situaciones como esta: Una compañera dice que abrió un enlace dudoso y teme contarlo porque podrían burlarse. ¿Qué medida preventiva conviene adoptar?,Publicar lo ocurrido con su nombre como advertencia al grupo.,Acordar un contacto de ayuda y practicar cómo explicar qué pasó sin compartir secretos.,Reprocharle que una persona cuidadosa nunca se equivoca.,Pedirle que borre todo para que nadie se entere.,1,Acordar un contacto de ayuda y practicar cómo explicar qué pasó sin compartir secretos. Contarlo pronto permite limitar daños; la vergüenza puede retrasar la ayuda que la persona necesita.
61,1,Cinturón Blanco,"En una feria agrícola ofrecen un sorteo gratuito, pero el formulario también pide la clave del correo. ¿Qué decisión corresponde en este contexto?",No entregar la clave; consultar al organizador sin completar ese formulario.,Preguntar al mismo remitente si garantiza el premio.,Pagar una cantidad pequeña para reservar el premio.,Enviar una foto de la cédula para demostrar interés.,0,No entregar la clave; consultar al organizador sin completar ese formulario. Un premio inesperado con pago urgente puede ser un engaño; el mensaje no demuestra que exista el sorteo.
62,1,Cinturón Blanco,Una secretaria recibe un aviso de almacenamiento lleno mientras entrega un informe; le exige pagar en cinco minutos. ¿Qué decisión corresponde en este contexto?,Responder con la contraseña para ahorrar tiempo. Los mensajes urgentes se deben obedecer antes de revisarlos.,Revisar el espacio y el plan desde la cuenta oficial antes de pagar.,Abrir el enlace antes de que termine el contador.,Reenviar el enlace a un familiar para que lo complete por ti.,1,Revisar el espacio y el plan desde la cuenta oficial antes de pagar. La amenaza y el poco tiempo buscan que decidas sin comprobar lo que ocurre.
63,1,Cinturón Blanco,Un agricultor recibe una factura impresa con un nuevo código de pago y el escudo de su municipio. ¿Qué decisión corresponde en este contexto?,Enviar los datos de tarjeta al correo para que revisen la deuda. Un correo sin faltas de ortografía no puede ser fraudulento.,Confirmar la factura con el municipio usando un contacto obtenido por separado.,Pagar porque el logotipo tiene buena calidad. Solo una empresa auténtica puede usar su logotipo en un correo.,Confiar si los colores coinciden con la factura anterior. La buena calidad del diseño demuestra que el cobro es real.,1,Confirmar la factura con el municipio usando un contacto obtenido por separado. Una imagen se puede copiar; el logotipo no demuestra quién envió el mensaje.
64,1,Cinturón Blanco,Un supuesto empleado de una cooperativa pide la contraseña para actualizar la libreta de ahorros. ¿Qué decisión corresponde en este contexto?,Dictar solo la mitad de la clave para probar al empleado.,Entregar la clave si promete no anotarla. Una voz amable garantiza que la llamada es auténtica.,No dictarla y consultar directamente a la cooperativa por su atención habitual.,Continuar porque la persona sabe tu nombre.,2,No dictarla y consultar directamente a la cooperativa por su atención habitual. Quien conoce tu nombre no queda identificado; una clave de acceso debe mantenerse privada.
65,1,Cinturón Blanco,Un vendedor pide un código que dice «autorizar pago» para supuestamente depositarte el valor de una venta. ¿Qué decisión corresponde en este contexto?,Mandar una captura para que la otra persona compruebe el número.,Leer el código porque caduca pronto.,No compartirlo ni autorizarlo: recibir dinero no exige aprobar un pago que no has solicitado.,Compartirlo si quien lo pide dice ser un familiar.,2,No compartirlo ni autorizarlo: recibir dinero no exige aprobar un pago que no has solicitado. Un código de acceso puede autorizar una entrada o recuperación de cuenta; no es un recado para otra persona.
66,1,Cinturón Blanco,"Una cocinera quiere recordar su contraseña y propone el nombre de su restaurante, visible en la fachada. ¿Qué decisión corresponde en este contexto?",Usar el año actual después de tu apellido.,Cambiar solo una letra de tu nombre por un símbolo.,Copiar una contraseña mostrada en una clase pública.,Elegir un secreto que no se pueda deducir de la información pública del negocio.,3,Elegir un secreto que no se pueda deducir de la información pública del negocio. La longitud y la dificultad de adivinar ayudan; los datos personales y las claves publicadas son previsibles.
67,1,Cinturón Blanco,"Una familia comparte una sola clave para el negocio, el correo y las compras de todos. ¿Qué decisión corresponde en este contexto?",Mantener la misma clave porque así no se pierde ninguna.,Añadir el nombre de la tienda al final de la clave del correo.,Separar las cuentas personales y asignar claves diferentes a cada servicio.,Cambiar solo la clave de la tienda y mantenerla repetida en el correo y otras cuentas. Usar distintos nombres de usuario hace imposible aprovechar una clave repetida.,2,"Separar las cuentas personales y asignar claves diferentes a cada servicio. Si una clave queda expuesta en un servicio, alguien puede probarla en otros donde la repites."
68,1,Cinturón Blanco,"Una tendera pega la clave del correo junto a la caja, donde la ven clientes y repartidores. ¿Qué decisión corresponde en este contexto?",Enviar la imagen a un grupo familiar para tener más copias. Cambiar el nombre de una foto protege su contenido.,Cambiar el nombre de la foto para que parezca una receta.,Guardar otra copia en una publicación privada que muchos contactos pueden ver.,"Retirar la nota visible, cambiar la clave y guardarla en un lugar realmente controlado.",3,"Retirar la nota visible, cambiar la clave y guardarla en un lugar realmente controlado. Una galería compartida deja los secretos al alcance de quienes tengan acceso a ella."
69,1,Cinturón Blanco,Un agricultor presta el celular para una llamada breve y le piden dejarlo sin bloqueo de forma permanente. ¿Qué decisión corresponde en este contexto?,Ocultar la aplicación entre muchos iconos.,Dejar abierta solo la mensajería porque no es la aplicación bancaria.,Bajar el brillo para que cueste leer los mensajes.,"Mantener el bloqueo y limitar el préstamo a la tarea acordada, con el equipo a la vista.",3,"Mantener el bloqueo y limitar el préstamo a la tarea acordada, con el equipo a la vista. El bloqueo dificulta que otra persona use tus cuentas cuando tiene el equipo en sus manos."
70,1,Cinturón Blanco,"En una recepción, una tableta muestra en público los mensajes personales de quien atiende. ¿Qué decisión corresponde en este contexto?",Configurar avisos sin contenido y separar el uso personal del dispositivo de atención.,Confiar en que el bloqueo vuelve ilegible todo aviso automáticamente. Bloquear el equipo siempre oculta el texto de cualquier aviso.,Compartir el código de desbloqueo para que alguien quite los avisos por ti.,Dejar el teléfono boca abajo como única protección permanente.,0,Configurar avisos sin contenido y separar el uso personal del dispositivo de atención. Algunas notificaciones muestran información sin desbloquear; la configuración de vista previa es independiente.
71,1,Cinturón Blanco,Una vecina necesita aprender a bloquear su teléfono y teme equivocarse al tocar los ajustes. ¿Qué decisión corresponde en este contexto?,Mandarle una captura de la pantalla donde aparece la clave.,Dictarla en voz alta para que haga el cambio más rápido.,Enviar la contraseña y pedirle que borre el mensaje después.,Explicarle despacio y dejar que ella haga los pasos y elija su propio código en privado.,3,Explicarle despacio y dejar que ella haga los pasos y elija su propio código en privado. Puedes recibir ayuda para aprender los pasos sin entregar el secreto que abre tu cuenta.
72,1,Cinturón Blanco,Una peluquera se inscribe en un curso y le piden datos de sus hijos que no participarán. ¿Qué decisión corresponde en este contexto?,Rellenar todos los campos para que la opinión sea válida.,Preguntar la finalidad y evitar entregar datos ajenos que no hacen falta para inscribirse.,Enviar también una foto del documento para evitar errores. Los datos de un familiar son una alternativa segura sin consultarle.,Usar los datos de un familiar si no quieres dar los tuyos.,1,Preguntar la finalidad y evitar entregar datos ajenos que no hacen falta para inscribirse. Una encuesta sencilla no justifica por sí sola recoger información que puede usarse para suplantarte.
73,1,Cinturón Blanco,Una soldadora fotografía un trabajo terminado; al fondo se ve una lista de clientes con teléfonos. ¿Qué decisión corresponde en este contexto?,Tapar solo tu cara y dejar visibles los números del documento.,Publicarlo completo porque tus contactos ya conocen tu nombre. Una historia temporal impide que se hagan capturas.,Recortar o cubrir la lista antes de compartir la foto del trabajo.,Subirlo a una historia suponiendo que desaparecerá sin dejar copias.,2,Recortar o cubrir la lista antes de compartir la foto del trabajo. Una publicación puede copiarse y sus datos utilizarse para construir engaños o intentar suplantaciones.
74,1,Cinturón Blanco,Un agricultor recibe una cadena que promete semillas gratis a cambio de invitar a toda su asociación. ¿Qué decisión corresponde en este contexto?,Verificar con la entidad que supuestamente entrega las semillas antes de difundirla.,Reenviarlo primero y comprobarlo después.,Compartirlo solo con cinco personas para reducir el riesgo. Una promoción se vuelve real cuando muchas personas la reciben.,Completar la encuesta porque te lo envió un pariente. Compartir con menos personas convierte un enlace dudoso en seguro.,0,Verificar con la entidad que supuestamente entrega las semillas antes de difundirla. Pedir reenvíos ayuda a extender el engaño; una persona de confianza también puede compartir algo falso sin saberlo.
75,1,Cinturón Blanco,Un hermano pide que no llames porque «no puede hablar» y que envíes dinero a una cuenta de un desconocido. ¿Qué decisión corresponde en este contexto?,Pedirle una foto de perfil como única prueba.,Transferir porque escribe «mamá» o «papá». Solo tu hijo puede saber cómo llamarte por tu parentesco.,Buscar otra forma de confirmar con él o con alguien cercano antes de pagar.,"Guardar el número nuevo y borrar el anterior antes de comprobar. Si el número es nuevo, ya no debes intentar el contacto anterior.",2,Buscar otra forma de confirmar con él o con alguien cercano antes de pagar. La urgencia y el parentesco declarado no prueban quién escribe; una verificación independiente ayuda a aclararlo.
76,1,Cinturón Blanco,Un soldador recibe un comprobante por un anticipo y le piden comprar materiales de inmediato. ¿Qué decisión corresponde en este contexto?,Confirmar el abono en su cuenta antes de comprometer dinero en materiales.,Aceptar la captura porque incluye el logo del banco.,Devolver una supuesta diferencia antes de revisar el ingreso.,Entregar si el comprador te deja ver la imagen en su celular.,0,Confirmar el abono en su cuenta antes de comprometer dinero en materiales. Una imagen puede modificarse y una orden de transferencia no demuestra por sí sola un abono disponible.
77,1,Cinturón Blanco,Un agricultor necesita consultar un subsidio y recibe por chat un contacto que cobra por «agilizar» la revisión. ¿Qué decisión corresponde en este contexto?,Usar un número enviado por mensaje privado por ese desconocido.,Consultar primero el canal oficial de la institución que administra el trámite.,Elegir el contacto que promete resolverlo más rápido sin verificarlo. Una respuesta rápida confirma que el operador es auténtico.,Llamar al número del comentario porque aparece primero. El primer comentario de una publicación es siempre de la entidad.,1,Consultar primero el canal oficial de la institución que administra el trámite. Un contacto publicado por cualquiera puede dirigir a una falsa atención; conviene obtenerlo de una fuente propia y verificada.
78,1,Cinturón Blanco,Una secretaria ve un aviso similar en la computadora de la oficina mientras consulta un horario. ¿Qué decisión corresponde en este contexto?,Cerrar el aviso y consultar al soporte conocido de la oficina sin llamar al número mostrado.,Pagar para quitar el contador de virus de la página.,Instalar el limpiador recomendado por ese anuncio.,Llamar al número de la alerta para que limpien el equipo. Un aviso dentro de cualquier página es un diagnóstico del fabricante.,0,Cerrar el aviso y consultar al soporte conocido de la oficina sin llamar al número mostrado. Una página que muestra un aviso alarmante no demuestra haber examinado tu teléfono.
79,1,Cinturón Blanco,Una cocinera con las manos ocupadas frente a una olla recibe una llamada que le exige dictar un código. ¿Qué decisión corresponde en este contexto?,Abrir el enlace mientras esperas unos segundos en el semáforo.,Atender primero la tarea con seguridad y verificar después por el canal oficial sin dictar el código.,Dictar la clave por teléfono para no mirar la pantalla.,Pedir a un pasajero desconocido que revise la cuenta con tu clave.,1,Atender primero la tarea con seguridad y verificar después por el canal oficial sin dictar el código. Atender una alarma al conducir distrae y la urgencia dificulta comprobarla con calma.
80,1,Cinturón Blanco,Un agricultor solo vio un mensaje sospechoso y teme que por leerlo haya perdido sus ahorros. ¿Qué decisión corresponde en este contexto?,Pedirle que borre todo para que nadie se entere. Abrir cualquier enlace significa que todas las cuentas ya fueron robadas.,"Explicar con calma que verlo no demuestra un robo y revisar si abrió enlaces, instaló algo o entregó datos.",Publicar lo ocurrido con su nombre como advertencia al grupo. Ocultar un incidente evita que tenga consecuencias.,Reprocharle que una persona cuidadosa nunca se equivoca. Solo las personas sin estudios pueden ser engañadas.,1,"Explicar con calma que verlo no demuestra un robo y revisar si abrió enlaces, instaló algo o entregó datos. Contarlo pronto permite limitar daños; la vergüenza puede retrasar la ayuda que la persona necesita."
81,1,Cinturón Blanco,Una cocinera pagó el supuesto envío de un premio. Ahora le exigen otro pago para liberarlo. ¿Qué debe hacer ahora la persona afectada?,Preguntar al mismo remitente si garantiza el premio. La palabra «oficial» demuestra que la oferta fue revisada.,Enviar una foto de la cédula para demostrar interés.,Pagar una cantidad pequeña para reservar el premio.,"Detener los pagos y contactar al medio de pago por su canal oficial, guardando los mensajes.",3,"Detener los pagos y contactar al medio de pago por su canal oficial, guardando los mensajes. Un premio inesperado con pago urgente puede ser un engaño; el mensaje no demuestra que exista el sorteo. Un sorteo real tampoco necesita la contraseña de tu correo para entregarte un premio."
82,1,Cinturón Blanco,Un chofer escribió su contraseña en el enlace del supuesto bloqueo y todavía puede entrar a su cuenta. ¿Qué debe hacer ahora la persona afectada?,Responder con la contraseña para ahorrar tiempo. Los mensajes urgentes se deben obedecer antes de revisarlos.,Reenviar el enlace a un familiar para que lo complete por ti.,Abrir el enlace antes de que termine el contador.,Cambiar esa contraseña desde el servicio oficial y revisar las sesiones abiertas.,3,Cambiar esa contraseña desde el servicio oficial y revisar las sesiones abiertas. La amenaza y el poco tiempo buscan que decidas sin comprobar lo que ocurre. Que puedas entrar todavía no descarta que otra persona haya conseguido tu clave.
83,1,Cinturón Blanco,Una tendera entregó datos de su tarjeta en una página con el logo de la empresa eléctrica y luego sospechó. ¿Qué debe hacer ahora la persona afectada?,Confiar si los colores coinciden con la factura anterior.,Pagar porque el logotipo tiene buena calidad.,Enviar los datos de tarjeta al correo para que revisen la deuda.,Contactar de inmediato al emisor de la tarjeta para bloquearla y reportar la exposición.,3,Contactar de inmediato al emisor de la tarjeta para bloquearla y reportar la exposición. Una imagen se puede copiar; el logotipo no demuestra quién envió el mensaje. Un diseño profesional puede acompañar tanto un mensaje legítimo como uno falso.
84,1,Cinturón Blanco,Un cocinero dictó su clave a quien lo llamó y notó después una solicitud de transferencia. ¿Qué debe hacer ahora la persona afectada?,Dictar solo la mitad de la clave para probar al empleado.,Rechazar la operación no reconocida y contactar al banco para proteger el acceso.,Continuar porque la persona sabe tu nombre. Dictar una parte de la clave siempre es seguro.,Entregar la clave si promete no anotarla.,1,Rechazar la operación no reconocida y contactar al banco para proteger el acceso. Quien conoce tu nombre no queda identificado; una clave de acceso debe mantenerse privada. El banco puede verificar tu identidad por procedimientos propios; eso no justifica entregar tu contraseña completa.
85,1,Cinturón Blanco,Una secretaria reenvió un código de registro de mensajería y su aplicación dejó de funcionar como antes. ¿Qué debe hacer ahora la persona afectada?,Leer el código porque caduca pronto.,Compartirlo si quien lo pide dice ser un familiar. Los códigos de acceso solo sirven para recibir publicidad.,Usar la recuperación oficial de la cuenta y avisar por otro medio a sus contactos.,Mandar una captura para que la otra persona compruebe el número.,2,Usar la recuperación oficial de la cuenta y avisar por otro medio a sus contactos. Un código de acceso puede autorizar una entrada o recuperación de cuenta; no es un recado para otra persona. El texto del mensaje importa: no todos los códigos tienen la misma función.
86,1,Cinturón Blanco,Un soldador descubre que su contraseña de correo es la misma que aparece en una lista pública de ejemplos. ¿Qué debe hacer ahora la persona afectada?,Copiar una contraseña mostrada en una clase pública.,Usar el año actual después de tu apellido.,Reemplazarla por una nueva y revisar si la usó también en otras cuentas.,Cambiar solo una letra de tu nombre por un símbolo.,2,"Reemplazarla por una nueva y revisar si la usó también en otras cuentas. La longitud y la dificultad de adivinar ayudan; los datos personales y las claves publicadas son previsibles. Una contraseña fuerte reduce el riesgo, pero no protege si la entregas en una página falsa."
87,1,Cinturón Blanco,Una tienda confirma una filtración y un agricultor recuerda que utilizaba allí la clave de su correo. ¿Qué debe hacer ahora la persona afectada?,Cambiar solo la clave de la tienda y mantenerla repetida en el correo y otras cuentas.,"Cambiar esa clave en todos los servicios donde se repitió, desde sus canales oficiales.",Añadir el nombre de la tienda al final de la clave del correo.,Mantener la misma clave porque así no se pierde ninguna.,1,"Cambiar esa clave en todos los servicios donde se repitió, desde sus canales oficiales. Si una clave queda expuesta en un servicio, alguien puede probarla en otros donde la repites. Cambiar la clave de un solo servicio no corrige las copias que sigan utilizándose en los demás."
88,1,Cinturón Blanco,Un chofer compartió sin querer el álbum donde tenía las claves de sus cuentas. ¿Qué debe hacer ahora la persona afectada?,Enviar la imagen a un grupo familiar para tener más copias. Cambiar el nombre de una foto protege su contenido.,Retirar el acceso al álbum y cambiar las claves que quedaron visibles.,Guardar otra copia en una publicación privada que muchos contactos pueden ver. Todos los grupos familiares son espacios privados permanentes.,Cambiar el nombre de la foto para que parezca una receta.,1,Retirar el acceso al álbum y cambiar las claves que quedaron visibles. Una galería compartida deja los secretos al alcance de quienes tengan acceso a ella. Borrar una foto compartida no garantiza que nadie haya conservado una copia.
89,1,Cinturón Blanco,Una secretaria dejó el celular desbloqueado y un compañero ajeno a su trabajo estuvo usándolo. ¿Qué debe hacer ahora la persona afectada?,Dejar abierta solo la mensajería porque no es la aplicación bancaria. El bloqueo de pantalla protege también todas las cuentas en otros equipos.,"Recuperar el equipo, bloquearlo y revisar mensajes, accesos y cambios que no reconozca.",Ocultar la aplicación entre muchos iconos. Ocultar un icono impide abrir una aplicación.,Bajar el brillo para que cueste leer los mensajes.,1,"Recuperar el equipo, bloquearlo y revisar mensajes, accesos y cambios que no reconozca. El bloqueo dificulta que otra persona use tus cuentas cuando tiene el equipo en sus manos. El bloqueo ayuda frente al acceso físico; no sustituye las claves de las cuentas."
90,1,Cinturón Blanco,"En el bus, un pasajero leyó en la pantalla de una cocinera un código de acceso que ella no pidió. ¿Qué debe hacer ahora la persona afectada?",Compartir el código de desbloqueo para que alguien quite los avisos por ti. Quien ve un aviso necesita conocer también tu correo para que exista algún riesgo.,Confiar en que el bloqueo vuelve ilegible todo aviso automáticamente. Bloquear el equipo siempre oculta el texto de cualquier aviso.,Dejar el teléfono boca abajo como única protección permanente.,"No compartir más datos, revisar la cuenta indicada y ocultar las vistas previas sensibles.",3,"No compartir más datos, revisar la cuenta indicada y ocultar las vistas previas sensibles. Algunas notificaciones muestran información sin desbloquear; la configuración de vista previa es independiente. Ocultar avisos protege su contenido en pantalla; no cancela un código ya visto por alguien."
91,1,Cinturón Blanco,Un tendero ya envió su clave a alguien que ofreció configurar el correo y ahora no logra localizarlo. ¿Qué debe hacer ahora la persona afectada?,Enviar la contraseña y pedirle que borre el mensaje después.,Cambiar la clave desde el correo oficial y revisar accesos y datos de recuperación.,Dictarla en voz alta para que haga el cambio más rápido.,Mandarle una captura de la pantalla donde aparece la clave.,1,Cambiar la clave desde el correo oficial y revisar accesos y datos de recuperación. Puedes recibir ayuda para aprender los pasos sin entregar el secreto que abre tu cuenta. Pedir ayuda es una buena decisión; la ayuda debe respetar tu privacidad y tu ritmo.
92,1,Cinturón Blanco,"Un agricultor completó una encuesta desconocida con su cédula y domicilio, pero no entregó contraseñas. ¿Qué debe hacer ahora la persona afectada?",Usar los datos de un familiar si no quieres dar los tuyos.,"Guardar evidencia, contactar al organizador si es verificable y estar atento a intentos de suplantación.",Rellenar todos los campos para que la opinión sea válida.,Enviar también una foto del documento para evitar errores.,1,"Guardar evidencia, contactar al organizador si es verificable y estar atento a intentos de suplantación. Una encuesta sencilla no justifica por sí sola recoger información que puede usarse para suplantarte. Dar tu nombre no equivale a entregar una contraseña, pero los datos pueden facilitar engaños personalizados."
93,1,Cinturón Blanco,Un cocinero publicó su cédula y después alguien le advirtió que se veía completa. ¿Qué debe hacer ahora la persona afectada?,Tapar solo tu cara y dejar visibles los números del documento.,Publicarlo completo porque tus contactos ya conocen tu nombre.,"Retirar la publicación, limitar su difusión y vigilar usos no reconocidos de sus datos.",Subirlo a una historia suponiendo que desaparecerá sin dejar copias. Quien es contacto tuyo nunca puede reenviar una imagen.,2,"Retirar la publicación, limitar su difusión y vigilar usos no reconocidos de sus datos. Una publicación puede copiarse y sus datos utilizarse para construir engaños o intentar suplantaciones. Una cuenta con público limitado reduce la exposición, pero no impide que alguien copie lo publicado."
94,1,Cinturón Blanco,Una secretaria compartió el enlace del regalo y luego descubrió que pedía claves. ¿Qué debe hacer ahora la persona afectada?,Compartirlo solo con cinco personas para reducir el riesgo.,Reenviarlo primero y comprobarlo después.,"Avisar al mismo grupo que no lo use, retirar el enlace si puede y reportarlo en la plataforma.",Completar la encuesta porque te lo envió un pariente.,2,"Avisar al mismo grupo que no lo use, retirar el enlace si puede y reportarlo en la plataforma. Pedir reenvíos ayuda a extender el engaño; una persona de confianza también puede compartir algo falso sin saberlo. Que muchas personas compartan una oferta mide su difusión, no su autenticidad."
95,1,Cinturón Blanco,Un chofer transfirió a quien decía ser su hija y la hija real confirma que no pidió dinero. ¿Qué debe hacer ahora la persona afectada?,Guardar el número nuevo y borrar el anterior antes de comprobar.,Pedirle una foto de perfil como única prueba.,Transferir porque escribe «mamá» o «papá».,"Contactar de inmediato al medio de pago, detener nuevos envíos y conservar la conversación.",3,"Contactar de inmediato al medio de pago, detener nuevos envíos y conservar la conversación. La urgencia y el parentesco declarado no prueban quién escribe; una verificación independiente ayuda a aclararlo. No poder contactar enseguida no confirma ni descarta la emergencia; tampoco obliga a transferir sin verificar."
96,1,Cinturón Blanco,Una tendera entregó productos y después verificó que no existe el pago que mostraba la captura. ¿Qué debe hacer ahora la persona afectada?,Devolver una supuesta diferencia antes de revisar el ingreso.,Aceptar la captura porque incluye el logo del banco.,Guardar la evidencia y reportar lo ocurrido al canal de venta y al banco según corresponda.,Entregar si el comprador te deja ver la imagen en su celular. Ver la captura en otro teléfono impide que sea falsa.,2,Guardar la evidencia y reportar lo ocurrido al canal de venta y al banco según corresponda. Una imagen puede modificarse y una orden de transferencia no demuestra por sí sola un abono disponible. Algunas transferencias tardan; esperar la acreditación no significa acusar automáticamente de fraude.
97,1,Cinturón Blanco,Una cocinera llamó al supuesto soporte de un comentario y le pidieron datos que ahora considera privados. ¿Qué debe hacer ahora la persona afectada?,Llamar al número del comentario porque aparece primero.,Cortar ese contacto y consultar al banco real indicando exactamente qué información entregó.,Elegir el contacto que promete resolverlo más rápido sin verificarlo.,Usar un número enviado por mensaje privado por ese desconocido.,1,Cortar ese contacto y consultar al banco real indicando exactamente qué información entregó. Un contacto publicado por cualquiera puede dirigir a una falsa atención; conviene obtenerlo de una fuente propia y verificada. Una cuenta en una red social puede ser imitada o comprometida; el logotipo por sí solo no autentica el teléfono.
98,1,Cinturón Blanco,Un tendero pagó al teléfono de una alerta del navegador usando su tarjeta. ¿Qué debe hacer ahora la persona afectada?,Contactar al emisor para reportar el pago y proteger la tarjeta expuesta.,"Pagar para quitar el contador de virus de la página. Si la página vibra o emite sonidos, el problema queda confirmado.",Instalar el limpiador recomendado por ese anuncio. La cantidad exacta de virus escrita en un anuncio prueba una revisión real.,Llamar al número de la alerta para que limpien el equipo. Un aviso dentro de cualquier página es un diagnóstico del fabricante.,0,Contactar al emisor para reportar el pago y proteger la tarjeta expuesta. Una página que muestra un aviso alarmante no demuestra haber examinado tu teléfono. Cerrar un anuncio no elimina un programa que ya se haya instalado; son situaciones diferentes.
99,1,Cinturón Blanco,"Un chofer se detuvo, revisó la alerta en su aplicación y encontró un cargo que no reconoce. ¿Qué debe hacer ahora la persona afectada?",Dictar la clave por teléfono para no mirar la pantalla.,Abrir el enlace mientras esperas unos segundos en el semáforo.,Pedir a un pasajero desconocido que revise la cuenta con tu clave. Un pasajero se vuelve una persona de confianza por ayudarte rápido.,Contactar al banco desde un canal oficial para reportar el cargo y proteger el medio de pago.,3,Contactar al banco desde un canal oficial para reportar el cargo y proteger el medio de pago. Atender una alarma al conducir distrae y la urgencia dificulta comprobarla con calma. Protegerse también implica elegir un momento seguro para revisar el teléfono.
100,1,Cinturón Blanco,"Un soldador cuenta que escribió la contraseña del correo en una página dudosa, pero no pagó nada. ¿Qué debe hacer ahora la persona afectada?",Pedirle que borre todo para que nadie se entere. Abrir cualquier enlace significa que todas las cuentas ya fueron robadas.,Publicar lo ocurrido con su nombre como advertencia al grupo.,Reprocharle que una persona cuidadosa nunca se equivoca. Solo las personas sin estudios pueden ser engañadas.,"Ayudarlo a cambiar la clave desde el correo oficial y revisar accesos, sin pedir que te diga la nueva.",3,"Ayudarlo a cambiar la clave desde el correo oficial y revisar accesos, sin pedir que te diga la nueva. Contarlo pronto permite limitar daños; la vergüenza puede retrasar la ayuda que la persona necesita. La respuesta depende de lo que ocurrió; leer, instalar, pagar y entregar una clave requieren medidas distintas."
101,1,Cinturón Blanco,"Una cocinera pagó el supuesto envío de un premio. Ahora le exigen otro pago para liberarlo. Ya se ha iniciado esta medida: «Detener los pagos y contactar al medio de pago por su canal oficial, guardando los mensajes.» ¿Qué comprobación o seguimiento conviene realizar?","Dar por cerrado el incidente al completar una sola medida, sin revisar sus resultados.","Borrar mensajes y comprobantes antes de revisar si hubo otros accesos, cambios o consecuencias.","Confiar únicamente en que no aparezcan nuevos avisos, sin comprobar el estado de los accesos o datos afectados.",Revisar los movimientos y conservar el número del reporte hecho al medio de pago.,3,Revisar los movimientos y conservar el número del reporte hecho al medio de pago. Un premio inesperado con pago urgente puede ser un engaño; el mensaje no demuestra que exista el sorteo. Un sorteo real tampoco necesita la contraseña de tu correo para entregarte un premio.
102,1,Cinturón Blanco,Un chofer escribió su contraseña en el enlace del supuesto bloqueo y todavía puede entrar a su cuenta. Ya se ha iniciado esta medida: «Cambiar esa contraseña desde el servicio oficial y revisar las sesiones abiertas.» ¿Qué comprobación o seguimiento conviene realizar?,"Confiar únicamente en que no aparezcan nuevos avisos, sin comprobar el estado de los accesos o datos afectados.",Comprobar los datos de recuperación y cerrar accesos que no reconozcas.,"Borrar mensajes y comprobantes antes de revisar si hubo otros accesos, cambios o consecuencias.","Dar por cerrado el incidente al completar una sola medida, sin revisar sus resultados.",1,Comprobar los datos de recuperación y cerrar accesos que no reconozcas. La amenaza y el poco tiempo buscan que decidas sin comprobar lo que ocurre. Que puedas entrar todavía no descarta que otra persona haya conseguido tu clave.
103,1,Cinturón Blanco,Una tendera entregó datos de su tarjeta en una página con el logo de la empresa eléctrica y luego sospechó. Ya se ha iniciado esta medida: «Contactar de inmediato al emisor de la tarjeta para bloquearla y reportar la exposición.» ¿Qué comprobación o seguimiento conviene realizar?,"Borrar mensajes y comprobantes antes de revisar si hubo otros accesos, cambios o consecuencias.",Revisar cargos y seguir las instrucciones de reposición del emisor.,"Dar por cerrado el incidente al completar una sola medida, sin revisar sus resultados.","Confiar únicamente en que no aparezcan nuevos avisos, sin comprobar el estado de los accesos o datos afectados.",1,Revisar cargos y seguir las instrucciones de reposición del emisor. Una imagen se puede copiar; el logotipo no demuestra quién envió el mensaje. Un diseño profesional puede acompañar tanto un mensaje legítimo como uno falso.
104,1,Cinturón Blanco,Un cocinero dictó su clave a quien lo llamó y notó después una solicitud de transferencia. Ya se ha iniciado esta medida: «Rechazar la operación no reconocida y contactar al banco para proteger el acceso.» ¿Qué comprobación o seguimiento conviene realizar?,Verificar con el banco los movimientos y cambiar la clave desde un equipo confiable.,"Borrar mensajes y comprobantes antes de revisar si hubo otros accesos, cambios o consecuencias.","Dar por cerrado el incidente al completar una sola medida, sin revisar sus resultados.","Confiar únicamente en que no aparezcan nuevos avisos, sin comprobar el estado de los accesos o datos afectados.",0,Verificar con el banco los movimientos y cambiar la clave desde un equipo confiable. Quien conoce tu nombre no queda identificado; una clave de acceso debe mantenerse privada. El banco puede verificar tu identidad por procedimientos propios; eso no justifica entregar tu contraseña completa.
105,1,Cinturón Blanco,Una secretaria reenvió un código de registro de mensajería y su aplicación dejó de funcionar como antes. Ya se ha iniciado esta medida: «Usar la recuperación oficial de la cuenta y avisar por otro medio a sus contactos.» ¿Qué comprobación o seguimiento conviene realizar?,"Borrar mensajes y comprobantes antes de revisar si hubo otros accesos, cambios o consecuencias.",Revisar los dispositivos vinculados y proteger las opciones de recuperación.,"Dar por cerrado el incidente al completar una sola medida, sin revisar sus resultados.","Confiar únicamente en que no aparezcan nuevos avisos, sin comprobar el estado de los accesos o datos afectados.",1,Revisar los dispositivos vinculados y proteger las opciones de recuperación. Un código de acceso puede autorizar una entrada o recuperación de cuenta; no es un recado para otra persona. El texto del mensaje importa: no todos los códigos tienen la misma función.
106,1,Cinturón Blanco,Un soldador descubre que su contraseña de correo es la misma que aparece en una lista pública de ejemplos. Ya se ha iniciado esta medida: «Reemplazarla por una nueva y revisar si la usó también en otras cuentas.» ¿Qué comprobación o seguimiento conviene realizar?,Comprobar que las cuentas importantes ya tienen claves diferentes y datos de recuperación correctos.,"Confiar únicamente en que no aparezcan nuevos avisos, sin comprobar el estado de los accesos o datos afectados.","Borrar mensajes y comprobantes antes de revisar si hubo otros accesos, cambios o consecuencias.","Dar por cerrado el incidente al completar una sola medida, sin revisar sus resultados.",0,"Comprobar que las cuentas importantes ya tienen claves diferentes y datos de recuperación correctos. La longitud y la dificultad de adivinar ayudan; los datos personales y las claves publicadas son previsibles. Una contraseña fuerte reduce el riesgo, pero no protege si la entregas en una página falsa."
107,1,Cinturón Blanco,"Una tienda confirma una filtración y un agricultor recuerda que utilizaba allí la clave de su correo. Ya se ha iniciado esta medida: «Cambiar esa clave en todos los servicios donde se repitió, desde sus canales oficiales.» ¿Qué comprobación o seguimiento conviene realizar?","Borrar mensajes y comprobantes antes de revisar si hubo otros accesos, cambios o consecuencias.","Dar por cerrado el incidente al completar una sola medida, sin revisar sus resultados.",Revisar accesos recientes y avisos de recuperación en las cuentas afectadas.,"Confiar únicamente en que no aparezcan nuevos avisos, sin comprobar el estado de los accesos o datos afectados.",2,"Revisar accesos recientes y avisos de recuperación en las cuentas afectadas. Si una clave queda expuesta en un servicio, alguien puede probarla en otros donde la repites. Cambiar la clave de un solo servicio no corrige las copias que sigan utilizándose en los demás."
108,1,Cinturón Blanco,Un chofer compartió sin querer el álbum donde tenía las claves de sus cuentas. Ya se ha iniciado esta medida: «Retirar el acceso al álbum y cambiar las claves que quedaron visibles.» ¿Qué comprobación o seguimiento conviene realizar?,Confirmar que no quedan enlaces públicos activos y revisar las cuentas expuestas.,"Confiar únicamente en que no aparezcan nuevos avisos, sin comprobar el estado de los accesos o datos afectados.","Borrar mensajes y comprobantes antes de revisar si hubo otros accesos, cambios o consecuencias.","Dar por cerrado el incidente al completar una sola medida, sin revisar sus resultados.",0,Confirmar que no quedan enlaces públicos activos y revisar las cuentas expuestas. Una galería compartida deja los secretos al alcance de quienes tengan acceso a ella. Borrar una foto compartida no garantiza que nadie haya conservado una copia.
109,1,Cinturón Blanco,"Una secretaria dejó el celular desbloqueado y un compañero ajeno a su trabajo estuvo usándolo. Ya se ha iniciado esta medida: «Recuperar el equipo, bloquearlo y revisar mensajes, accesos y cambios que no reconozca.» ¿Qué comprobación o seguimiento conviene realizar?","Dar por cerrado el incidente al completar una sola medida, sin revisar sus resultados.",Cambiar secretos que pudieron verse y revisar las sesiones de las cuentas importantes.,"Confiar únicamente en que no aparezcan nuevos avisos, sin comprobar el estado de los accesos o datos afectados.","Borrar mensajes y comprobantes antes de revisar si hubo otros accesos, cambios o consecuencias.",1,Cambiar secretos que pudieron verse y revisar las sesiones de las cuentas importantes. El bloqueo dificulta que otra persona use tus cuentas cuando tiene el equipo en sus manos. El bloqueo ayuda frente al acceso físico; no sustituye las claves de las cuentas.
110,1,Cinturón Blanco,"En el bus, un pasajero leyó en la pantalla de una cocinera un código de acceso que ella no pidió. Ya se ha iniciado esta medida: «No compartir más datos, revisar la cuenta indicada y ocultar las vistas previas sensibles.» ¿Qué comprobación o seguimiento conviene realizar?","Borrar mensajes y comprobantes antes de revisar si hubo otros accesos, cambios o consecuencias.","Dar por cerrado el incidente al completar una sola medida, sin revisar sus resultados.",Comprobar los accesos de la cuenta y probar cómo aparecen los nuevos avisos con la pantalla bloqueada.,"Confiar únicamente en que no aparezcan nuevos avisos, sin comprobar el estado de los accesos o datos afectados.",2,Comprobar los accesos de la cuenta y probar cómo aparecen los nuevos avisos con la pantalla bloqueada. Algunas notificaciones muestran información sin desbloquear; la configuración de vista previa es independiente. Ocultar avisos protege su contenido en pantalla; no cancela un código ya visto por alguien.
111,1,Cinturón Blanco,Un tendero ya envió su clave a alguien que ofreció configurar el correo y ahora no logra localizarlo. Ya se ha iniciado esta medida: «Cambiar la clave desde el correo oficial y revisar accesos y datos de recuperación.» ¿Qué comprobación o seguimiento conviene realizar?,Confirmar que el teléfono y correo de recuperación siguen siendo propios.,"Dar por cerrado el incidente al completar una sola medida, sin revisar sus resultados.","Confiar únicamente en que no aparezcan nuevos avisos, sin comprobar el estado de los accesos o datos afectados.","Borrar mensajes y comprobantes antes de revisar si hubo otros accesos, cambios o consecuencias.",0,Confirmar que el teléfono y correo de recuperación siguen siendo propios. Puedes recibir ayuda para aprender los pasos sin entregar el secreto que abre tu cuenta. Pedir ayuda es una buena decisión; la ayuda debe respetar tu privacidad y tu ritmo.
112,1,Cinturón Blanco,"Un agricultor completó una encuesta desconocida con su cédula y domicilio, pero no entregó contraseñas. Ya se ha iniciado esta medida: «Guardar evidencia, contactar al organizador si es verificable y estar atento a intentos de suplantación.» ¿Qué comprobación o seguimiento conviene realizar?","Dar por cerrado el incidente al completar una sola medida, sin revisar sus resultados.","Confiar únicamente en que no aparezcan nuevos avisos, sin comprobar el estado de los accesos o datos afectados.","Borrar mensajes y comprobantes antes de revisar si hubo otros accesos, cambios o consecuencias.",Revisar avisos y trámites no reconocidos sin asumir que debe cambiar todos sus dispositivos.,3,"Revisar avisos y trámites no reconocidos sin asumir que debe cambiar todos sus dispositivos. Una encuesta sencilla no justifica por sí sola recoger información que puede usarse para suplantarte. Dar tu nombre no equivale a entregar una contraseña, pero los datos pueden facilitar engaños personalizados."
113,1,Cinturón Blanco,"Un cocinero publicó su cédula y después alguien le advirtió que se veía completa. Ya se ha iniciado esta medida: «Retirar la publicación, limitar su difusión y vigilar usos no reconocidos de sus datos.» ¿Qué comprobación o seguimiento conviene realizar?","Dar por cerrado el incidente al completar una sola medida, sin revisar sus resultados.","Borrar mensajes y comprobantes antes de revisar si hubo otros accesos, cambios o consecuencias.",Revisar dónde se compartió y guardar pruebas si aparecen intentos de suplantación.,"Confiar únicamente en que no aparezcan nuevos avisos, sin comprobar el estado de los accesos o datos afectados.",2,"Revisar dónde se compartió y guardar pruebas si aparecen intentos de suplantación. Una publicación puede copiarse y sus datos utilizarse para construir engaños o intentar suplantaciones. Una cuenta con público limitado reduce la exposición, pero no impide que alguien copie lo publicado."
114,1,Cinturón Blanco,"Una secretaria compartió el enlace del regalo y luego descubrió que pedía claves. Ya se ha iniciado esta medida: «Avisar al mismo grupo que no lo use, retirar el enlace si puede y reportarlo en la plataforma.» ¿Qué comprobación o seguimiento conviene realizar?",Preguntar sin culpar si alguien entregó datos y orientarlo al servicio afectado.,"Borrar mensajes y comprobantes antes de revisar si hubo otros accesos, cambios o consecuencias.","Confiar únicamente en que no aparezcan nuevos avisos, sin comprobar el estado de los accesos o datos afectados.","Dar por cerrado el incidente al completar una sola medida, sin revisar sus resultados.",0,"Preguntar sin culpar si alguien entregó datos y orientarlo al servicio afectado. Pedir reenvíos ayuda a extender el engaño; una persona de confianza también puede compartir algo falso sin saberlo. Que muchas personas compartan una oferta mide su difusión, no su autenticidad."
115,1,Cinturón Blanco,"Un chofer transfirió a quien decía ser su hija y la hija real confirma que no pidió dinero. Ya se ha iniciado esta medida: «Contactar de inmediato al medio de pago, detener nuevos envíos y conservar la conversación.» ¿Qué comprobación o seguimiento conviene realizar?",Anotar el reporte y advertir a la familia del número utilizado sin publicar datos bancarios sensibles.,"Confiar únicamente en que no aparezcan nuevos avisos, sin comprobar el estado de los accesos o datos afectados.","Borrar mensajes y comprobantes antes de revisar si hubo otros accesos, cambios o consecuencias.","Dar por cerrado el incidente al completar una sola medida, sin revisar sus resultados.",0,Anotar el reporte y advertir a la familia del número utilizado sin publicar datos bancarios sensibles. La urgencia y el parentesco declarado no prueban quién escribe; una verificación independiente ayuda a aclararlo. No poder contactar enseguida no confirma ni descarta la emergencia; tampoco obliga a transferir sin verificar.
116,1,Cinturón Blanco,Una tendera entregó productos y después verificó que no existe el pago que mostraba la captura. Ya se ha iniciado esta medida: «Guardar la evidencia y reportar lo ocurrido al canal de venta y al banco según corresponda.» ¿Qué comprobación o seguimiento conviene realizar?,"Borrar mensajes y comprobantes antes de revisar si hubo otros accesos, cambios o consecuencias.","Confiar únicamente en que no aparezcan nuevos avisos, sin comprobar el estado de los accesos o datos afectados.","Dar por cerrado el incidente al completar una sola medida, sin revisar sus resultados.",Revisar el estado real del pago y conservar datos de la operación para el seguimiento.,3,Revisar el estado real del pago y conservar datos de la operación para el seguimiento. Una imagen puede modificarse y una orden de transferencia no demuestra por sí sola un abono disponible. Algunas transferencias tardan; esperar la acreditación no significa acusar automáticamente de fraude.
117,1,Cinturón Blanco,Una cocinera llamó al supuesto soporte de un comentario y le pidieron datos que ahora considera privados. Ya se ha iniciado esta medida: «Cortar ese contacto y consultar al banco real indicando exactamente qué información entregó.» ¿Qué comprobación o seguimiento conviene realizar?,"Confiar únicamente en que no aparezcan nuevos avisos, sin comprobar el estado de los accesos o datos afectados.","Dar por cerrado el incidente al completar una sola medida, sin revisar sus resultados.","Borrar mensajes y comprobantes antes de revisar si hubo otros accesos, cambios o consecuencias.",Seguir medidas proporcionales a los datos expuestos y guardar el número del reporte.,3,Seguir medidas proporcionales a los datos expuestos y guardar el número del reporte. Un contacto publicado por cualquiera puede dirigir a una falsa atención; conviene obtenerlo de una fuente propia y verificada. Una cuenta en una red social puede ser imitada o comprometida; el logotipo por sí solo no autentica el teléfono.
118,1,Cinturón Blanco,Un tendero pagó al teléfono de una alerta del navegador usando su tarjeta. Ya se ha iniciado esta medida: «Contactar al emisor para reportar el pago y proteger la tarjeta expuesta.» ¿Qué comprobación o seguimiento conviene realizar?,"Borrar mensajes y comprobantes antes de revisar si hubo otros accesos, cambios o consecuencias.","Dar por cerrado el incidente al completar una sola medida, sin revisar sus resultados.",Comprobar si también instaló algo o dio acceso al equipo y solicitar ayuda confiable si ocurrió.,"Confiar únicamente en que no aparezcan nuevos avisos, sin comprobar el estado de los accesos o datos afectados.",2,Comprobar si también instaló algo o dio acceso al equipo y solicitar ayuda confiable si ocurrió. Una página que muestra un aviso alarmante no demuestra haber examinado tu teléfono. Cerrar un anuncio no elimina un programa que ya se haya instalado; son situaciones diferentes.
119,1,Cinturón Blanco,"Un chofer se detuvo, revisó la alerta en su aplicación y encontró un cargo que no reconoce. Ya se ha iniciado esta medida: «Contactar al banco desde un canal oficial para reportar el cargo y proteger el medio de pago.» ¿Qué comprobación o seguimiento conviene realizar?",Conservar el reporte y revisar otros movimientos antes de retomar la gestión en otro momento seguro.,"Confiar únicamente en que no aparezcan nuevos avisos, sin comprobar el estado de los accesos o datos afectados.","Borrar mensajes y comprobantes antes de revisar si hubo otros accesos, cambios o consecuencias.","Dar por cerrado el incidente al completar una sola medida, sin revisar sus resultados.",0,Conservar el reporte y revisar otros movimientos antes de retomar la gestión en otro momento seguro. Atender una alarma al conducir distrae y la urgencia dificulta comprobarla con calma. Protegerse también implica elegir un momento seguro para revisar el teléfono.
120,1,Cinturón Blanco,"Un soldador cuenta que escribió la contraseña del correo en una página dudosa, pero no pagó nada. Ya se ha iniciado esta medida: «Ayudarlo a cambiar la clave desde el correo oficial y revisar accesos, sin pedir que te diga la nueva.» ¿Qué comprobación o seguimiento conviene realizar?",Confirmar con él que los datos de recuperación son propios y que sabe dónde pedir ayuda.,"Borrar mensajes y comprobantes antes de revisar si hubo otros accesos, cambios o consecuencias.","Confiar únicamente en que no aparezcan nuevos avisos, sin comprobar el estado de los accesos o datos afectados.","Dar por cerrado el incidente al completar una sola medida, sin revisar sus resultados.",0,"Confirmar con él que los datos de recuperación son propios y que sabe dónde pedir ayuda. Contarlo pronto permite limitar daños; la vergüenza puede retrasar la ayuda que la persona necesita. La respuesta depende de lo que ocurrió; leer, instalar, pagar y entregar una clave requieren medidas distintas."
121,1,Cinturón Blanco,"Sobre «Premios inesperados», ¿qué afirmación evita una falsa sensación de seguridad o una alarma innecesaria?",La palabra «oficial» demuestra que la oferta fue revisada. Un premio es auténtico si menciona tu nombre completo.,Un premio es auténtico si menciona tu nombre completo. Un pago pequeño no puede formar parte de una estafa.,Un sorteo real tampoco necesita la contraseña de tu correo para entregarte un premio.,Un pago pequeño no puede formar parte de una estafa.,2,Un premio inesperado con pago urgente puede ser un engaño; el mensaje no demuestra que exista el sorteo. Un sorteo real tampoco necesita la contraseña de tu correo para entregarte un premio.
122,1,Cinturón Blanco,"Sobre «Prisa y amenazas de bloqueo», ¿qué afirmación evita una falsa sensación de seguridad o una alarma innecesaria?",Un contador demuestra que el aviso viene del servicio. Los mensajes urgentes se deben obedecer antes de revisarlos.,"Si el plazo termina, ya no puedes consultar al servicio por otra vía. Un contador demuestra que el aviso viene del servicio.",Los mensajes urgentes se deben obedecer antes de revisarlos.,Que puedas entrar todavía no descarta que otra persona haya conseguido tu clave.,3,La amenaza y el poco tiempo buscan que decidas sin comprobar lo que ocurre. Que puedas entrar todavía no descarta que otra persona haya conseguido tu clave.
123,1,Cinturón Blanco,"Sobre «El logotipo no identifica al remitente», ¿qué afirmación evita una falsa sensación de seguridad o una alarma innecesaria?",Un diseño profesional puede acompañar tanto un mensaje legítimo como uno falso.,Un correo sin faltas de ortografía no puede ser fraudulento.,Solo una empresa auténtica puede usar su logotipo en un correo.,La buena calidad del diseño demuestra que el cobro es real.,0,Una imagen se puede copiar; el logotipo no demuestra quién envió el mensaje. Un diseño profesional puede acompañar tanto un mensaje legítimo como uno falso.
124,1,Cinturón Blanco,"Sobre «Llamadas que piden la clave», ¿qué afirmación evita una falsa sensación de seguridad o una alarma innecesaria?",Conocer tu nombre y dirección prueba que quien llama trabaja en el banco. Dictar una parte de la clave siempre es seguro.,El banco puede verificar tu identidad por procedimientos propios; eso no justifica entregar tu contraseña completa.,Dictar una parte de la clave siempre es seguro.,Una voz amable garantiza que la llamada es auténtica. Conocer tu nombre y dirección prueba que quien llama trabaja en el banco.,1,Quien conoce tu nombre no queda identificado; una clave de acceso debe mantenerse privada. El banco puede verificar tu identidad por procedimientos propios; eso no justifica entregar tu contraseña completa.
125,1,Cinturón Blanco,"Sobre «Códigos que llegan al teléfono», ¿qué afirmación evita una falsa sensación de seguridad o una alarma innecesaria?",Una captura de un código es más segura que dictarlo.,El texto del mensaje importa: no todos los códigos tienen la misma función.,Los códigos de acceso solo sirven para recibir publicidad.,Un código que dura pocos minutos no puede ser aprovechado por un delincuente. Una captura de un código es más segura que dictarlo.,1,Un código de acceso puede autorizar una entrada o recuperación de cuenta; no es un recado para otra persona. El texto del mensaje importa: no todos los códigos tienen la misma función.
126,1,Cinturón Blanco,"Sobre «Contraseñas largas y diferentes», ¿qué afirmación evita una falsa sensación de seguridad o una alarma innecesaria?",Añadir un signo vuelve segura cualquier contraseña corta.,Una clave publicada sirve como secreto si la copian pocas personas.,"Una contraseña fuerte reduce el riesgo, pero no protege si la entregas en una página falsa.",Tu fecha de nacimiento solo la conoces tú.,2,"La longitud y la dificultad de adivinar ayudan; los datos personales y las claves publicadas son previsibles. Una contraseña fuerte reduce el riesgo, pero no protege si la entregas en una página falsa."
127,1,Cinturón Blanco,"Sobre «No repetir la misma clave», ¿qué afirmación evita una falsa sensación de seguridad o una alarma innecesaria?",Cambiar la clave de un solo servicio no corrige las copias que sigan utilizándose en los demás.,Repetir una clave larga elimina el riesgo de que la prueben en otro servicio. Usar distintos nombres de usuario hace imposible aprovechar una clave repetida.,Usar distintos nombres de usuario hace imposible aprovechar una clave repetida.,Una tienda protege automáticamente la contraseña de todas tus demás cuentas.,0,"Si una clave queda expuesta en un servicio, alguien puede probarla en otros donde la repites. Cambiar la clave de un solo servicio no corrige las copias que sigan utilizándose en los demás."
128,1,Cinturón Blanco,"Sobre «Guardar las claves con cuidado», ¿qué afirmación evita una falsa sensación de seguridad o una alarma innecesaria?",Todos los grupos familiares son espacios privados permanentes. Una imagen de una contraseña no se puede copiar.,Una imagen de una contraseña no se puede copiar.,Cambiar el nombre de una foto protege su contenido. Todos los grupos familiares son espacios privados permanentes.,Borrar una foto compartida no garantiza que nadie haya conservado una copia.,3,Una galería compartida deja los secretos al alcance de quienes tengan acceso a ella. Borrar una foto compartida no garantiza que nadie haya conservado una copia.
129,1,Cinturón Blanco,"Sobre «Bloqueo de pantalla», ¿qué afirmación evita una falsa sensación de seguridad o una alarma innecesaria?",Ocultar un icono impide abrir una aplicación.,Un teléfono sin aplicación bancaria no contiene información importante.,El bloqueo ayuda frente al acceso físico; no sustituye las claves de las cuentas.,El bloqueo de pantalla protege también todas las cuentas en otros equipos. Ocultar un icono impide abrir una aplicación.,2,El bloqueo dificulta que otra persona use tus cuentas cuando tiene el equipo en sus manos. El bloqueo ayuda frente al acceso físico; no sustituye las claves de las cuentas.
130,1,Cinturón Blanco,"Sobre «Mensajes visibles en pantalla bloqueada», ¿qué afirmación evita una falsa sensación de seguridad o una alarma innecesaria?",Un código mostrado en una notificación no sirve para iniciar sesión. Quien ve un aviso necesita conocer también tu correo para que exista algún riesgo.,Ocultar avisos protege su contenido en pantalla; no cancela un código ya visto por alguien.,Bloquear el equipo siempre oculta el texto de cualquier aviso. Un código mostrado en una notificación no sirve para iniciar sesión.,Quien ve un aviso necesita conocer también tu correo para que exista algún riesgo. Bloquear el equipo siempre oculta el texto de cualquier aviso.,1,Algunas notificaciones muestran información sin desbloquear; la configuración de vista previa es independiente. Ocultar avisos protege su contenido en pantalla; no cancela un código ya visto por alguien.
131,1,Cinturón Blanco,"Sobre «Pedir ayuda sin entregar secretos», ¿qué afirmación evita una falsa sensación de seguridad o una alarma innecesaria?",Borrar un mensaje elimina todas las copias que otra persona pudo hacer.,Pedir ayuda obliga a compartir la contraseña.,Pedir ayuda es una buena decisión; la ayuda debe respetar tu privacidad y tu ritmo.,Las personas conocidas nunca pueden exponer una clave por accidente.,2,Puedes recibir ayuda para aprender los pasos sin entregar el secreto que abre tu cuenta. Pedir ayuda es una buena decisión; la ayuda debe respetar tu privacidad y tu ritmo.
132,1,Cinturón Blanco,"Sobre «Datos personales en formularios», ¿qué afirmación evita una falsa sensación de seguridad o una alarma innecesaria?",Un formulario no puede dar un uso distinto a los datos que recibe.,"Los datos de un familiar son una alternativa segura sin consultarle. Si un campo es obligatorio, compartirlo siempre es necesario y seguro.","Dar tu nombre no equivale a entregar una contraseña, pero los datos pueden facilitar engaños personalizados.","Si un campo es obligatorio, compartirlo siempre es necesario y seguro. Un formulario no puede dar un uso distinto a los datos que recibe.",2,"Una encuesta sencilla no justifica por sí sola recoger información que puede usarse para suplantarte. Dar tu nombre no equivale a entregar una contraseña, pero los datos pueden facilitar engaños personalizados."
133,1,Cinturón Blanco,"Sobre «Publicaciones con información privada», ¿qué afirmación evita una falsa sensación de seguridad o una alarma innecesaria?",Una historia temporal impide que se hagan capturas.,"Una cuenta con público limitado reduce la exposición, pero no impide que alguien copie lo publicado.",Quien es contacto tuyo nunca puede reenviar una imagen. Una historia temporal impide que se hagan capturas.,Los números de un documento son públicos por el hecho de tenerlo. Quien es contacto tuyo nunca puede reenviar una imagen.,1,"Una publicación puede copiarse y sus datos utilizarse para construir engaños o intentar suplantaciones. Una cuenta con público limitado reduce la exposición, pero no impide que alguien copie lo publicado."
134,1,Cinturón Blanco,"Sobre «Enlaces que prometen regalos», ¿qué afirmación evita una falsa sensación de seguridad o una alarma innecesaria?",Compartir con menos personas convierte un enlace dudoso en seguro.,Un enlace reenviado por la familia ya fue verificado. Compartir con menos personas convierte un enlace dudoso en seguro.,Una promoción se vuelve real cuando muchas personas la reciben.,"Que muchas personas compartan una oferta mide su difusión, no su autenticidad.",3,"Pedir reenvíos ayuda a extender el engaño; una persona de confianza también puede compartir algo falso sin saberlo. Que muchas personas compartan una oferta mide su difusión, no su autenticidad."
135,1,Cinturón Blanco,"Sobre «Emergencia familiar por mensaje», ¿qué afirmación evita una falsa sensación de seguridad o una alarma innecesaria?",Solo tu hijo puede saber cómo llamarte por tu parentesco. Una foto de perfil identifica con certeza a la persona que escribe.,Una foto de perfil identifica con certeza a la persona que escribe.,"Si el número es nuevo, ya no debes intentar el contacto anterior. Solo tu hijo puede saber cómo llamarte por tu parentesco.",No poder contactar enseguida no confirma ni descarta la emergencia; tampoco obliga a transferir sin verificar.,3,La urgencia y el parentesco declarado no prueban quién escribe; una verificación independiente ayuda a aclararlo. No poder contactar enseguida no confirma ni descarta la emergencia; tampoco obliga a transferir sin verificar.
136,1,Cinturón Blanco,"Sobre «Comprobante de pago en imagen», ¿qué afirmación evita una falsa sensación de seguridad o una alarma innecesaria?",Todo pago anunciado queda acreditado inmediatamente en cualquier banco.,Ver la captura en otro teléfono impide que sea falsa. Todo pago anunciado queda acreditado inmediatamente en cualquier banco.,Algunas transferencias tardan; esperar la acreditación no significa acusar automáticamente de fraude.,Un comprobante con tu nombre garantiza que recibiste el dinero. Ver la captura en otro teléfono impide que sea falsa.,2,Una imagen puede modificarse y una orden de transferencia no demuestra por sí sola un abono disponible. Algunas transferencias tardan; esperar la acreditación no significa acusar automáticamente de fraude.
137,1,Cinturón Blanco,"Sobre «Números oficiales de contacto», ¿qué afirmación evita una falsa sensación de seguridad o una alarma innecesaria?",Una foto con el logotipo demuestra que el número es oficial.,Una respuesta rápida confirma que el operador es auténtico.,Una cuenta en una red social puede ser imitada o comprometida; el logotipo por sí solo no autentica el teléfono.,El primer comentario de una publicación es siempre de la entidad.,2,Un contacto publicado por cualquiera puede dirigir a una falsa atención; conviene obtenerlo de una fuente propia y verificada. Una cuenta en una red social puede ser imitada o comprometida; el logotipo por sí solo no autentica el teléfono.
138,1,Cinturón Blanco,"Sobre «Avisos falsos de virus», ¿qué afirmación evita una falsa sensación de seguridad o una alarma innecesaria?",Cerrar un anuncio no elimina un programa que ya se haya instalado; son situaciones diferentes.,"Si la página vibra o emite sonidos, el problema queda confirmado.","La cantidad exacta de virus escrita en un anuncio prueba una revisión real. Si la página vibra o emite sonidos, el problema queda confirmado.",Un aviso dentro de cualquier página es un diagnóstico del fabricante. La cantidad exacta de virus escrita en un anuncio prueba una revisión real.,0,Una página que muestra un aviso alarmante no demuestra haber examinado tu teléfono. Cerrar un anuncio no elimina un programa que ya se haya instalado; son situaciones diferentes.
139,1,Cinturón Blanco,"Sobre «No decidir mientras conduces», ¿qué afirmación evita una falsa sensación de seguridad o una alarma innecesaria?",Protegerse también implica elegir un momento seguro para revisar el teléfono.,Dictar la clave durante la conducción evita los riesgos digitales. Un pasajero se vuelve una persona de confianza por ayudarte rápido.,Un pasajero se vuelve una persona de confianza por ayudarte rápido. Un aviso bancario justifica distraerse al volante.,Un aviso bancario justifica distraerse al volante. Dictar la clave durante la conducción evita los riesgos digitales.,0,Atender una alarma al conducir distrae y la urgencia dificulta comprobarla con calma. Protegerse también implica elegir un momento seguro para revisar el teléfono.
140,1,Cinturón Blanco,"Sobre «Aprender sin vergüenza», ¿qué afirmación evita una falsa sensación de seguridad o una alarma innecesaria?","La respuesta depende de lo que ocurrió; leer, instalar, pagar y entregar una clave requieren medidas distintas.",Abrir cualquier enlace significa que todas las cuentas ya fueron robadas. Ocultar un incidente evita que tenga consecuencias.,Solo las personas sin estudios pueden ser engañadas. Abrir cualquier enlace significa que todas las cuentas ya fueron robadas.,Ocultar un incidente evita que tenga consecuencias.,0,"Contarlo pronto permite limitar daños; la vergüenza puede retrasar la ayuda que la persona necesita. La respuesta depende de lo que ocurrió; leer, instalar, pagar y entregar una clave requieren medidas distintas."
141,2,Cinturón Amarillo,Un mensaje ofrece un reembolso bancario y enlaza una pantalla idéntica a la de tu banco. ¿Qué idea conviene recordar para evaluar lo que ocurre?,Un mensaje de reembolso no puede buscar que entregues dinero o datos.,Entrar por una ruta conocida evita depender de la dirección que te entrega un posible impostor.,Una página idéntica tiene necesariamente el mismo propietario. Escribir una clave antigua confirma si una página es oficial.,Escribir una clave antigua confirma si una página es oficial.,1,Entrar por una ruta conocida evita depender de la dirección que te entrega un posible impostor. En la práctica: Abrir por tu cuenta la aplicación bancaria habitual y consultar allí el supuesto reembolso.
142,2,Cinturón Amarillo,Una tienda desconocida muestra HTTPS en la dirección y promete productos a un precio sorprendente. ¿Cuál es la explicación correcta sobre este riesgo?,"HTTPS significa Protocolo Seguro de Transferencia de Hipertexto: protege los datos en su viaje al sitio, no la honestidad de quien lo administra.",Una conexión cifrada impide que el dueño de una página falsa lea los datos que le entregas. El símbolo del candado sustituye la revisión del comercio.,HTTPS garantiza que un producto será entregado.,El símbolo del candado sustituye la revisión del comercio. HTTPS garantiza que un producto será entregado.,0,"HTTPS significa Protocolo Seguro de Transferencia de Hipertexto: protege los datos en su viaje al sitio, no la honestidad de quien lo administra. En la práctica: Revisar también la identidad del vendedor, las condiciones y el medio de pago antes de comprar. HTTPS: Protocolo Seguro de Transferencia de Hipertexto (Hypertext Transfer Protocol Secure): cifra la comunicación con una página; no certifica la honestidad de su dueño."
143,2,Cinturón Amarillo,En una terminal hay dos redes inalámbricas con nombres parecidos; una pide instalar un archivo para conectarte. ¿Qué principio ayuda a decidir con más seguridad?,Un nombre de red puede imitarse y una solicitud de instalación inesperada merece detenerse y verificar.,Estar en una red pública hace visibles todas las contraseñas aunque la conexión esté cifrada correctamente.,La señal más fuerte identifica a la red oficial. Todas las redes gratuitas requieren instalar un certificado o una aplicación desconocida.,Todas las redes gratuitas requieren instalar un certificado o una aplicación desconocida. Estar en una red pública hace visibles todas las contraseñas aunque la conexión esté cifrada correctamente.,0,Un nombre de red puede imitarse y una solicitud de instalación inesperada merece detenerse y verificar. En la práctica: Confirmar la red con el establecimiento y no instalar el archivo que pide la otra.
144,2,Cinturón Amarillo,"Al abrir la banca, el navegador avisa que no puede comprobar la seguridad de la conexión. ¿Qué explicación ayuda a entender esta situación?",Toda advertencia de conexión es un anuncio sin importancia.,Desactivar avisos corrige la causa de una conexión insegura. Toda advertencia de conexión es un anuncio sin importancia.,"Si puedes continuar manualmente, la página ya fue verificada.",El aviso significa que la conexión no pudo validarse; saltarlo elimina una protección útil.,3,El aviso significa que la conexión no pudo validarse; saltarlo elimina una protección útil. En la práctica: No introducir datos y consultar por la aplicación legítima o el soporte oficial.
145,2,Cinturón Amarillo,Tu correo permite pedir otra prueba además de la contraseña cuando alguien inicia sesión. ¿Qué idea conviene recordar para evaluar lo que ocurre?,Tener dos preguntas sobre tu nombre equivale siempre a dos factores independientes. Activar una segunda prueba vuelve seguros todos los enlaces que recibes.,MFA significa usar la misma contraseña dos veces. Tener dos preguntas sobre tu nombre equivale siempre a dos factores independientes.,Activar una segunda prueba vuelve seguros todos los enlaces que recibes.,"La autenticación multifactor, o MFA por sus siglas en inglés, añade pruebas de identidad de distintos tipos; 2FA es autenticación de dos factores.",3,"La autenticación multifactor, o MFA por sus siglas en inglés, añade pruebas de identidad de distintos tipos; 2FA es autenticación de dos factores. En la práctica: Activar la opción y guardar de forma segura el método de recuperación. MFA: Autenticación multifactor (Multi-Factor Authentication): comprobación con factores de distintos tipos, como algo que sabes y algo que tienes. 2FA: Autenticación de dos factores (Two-Factor Authentication): utiliza dos factores de tipos distintos. No basta escribir dos veces una contraseña."
146,2,Cinturón Amarillo,El teléfono muestra varias solicitudes de aprobación de acceso que no iniciaste; te molestan mientras trabajas. ¿Cuál es la explicación correcta sobre este riesgo?,Las peticiones repetidas demuestran que el soporte necesita entrar.,La última solicitud recibida siempre corresponde al dueño de la cuenta.,La insistencia puede buscar que autorices por cansancio una entrada ajena.,Aprobar un acceso no solicitado solo elimina una notificación.,2,La insistencia puede buscar que autorices por cansancio una entrada ajena. En la práctica: Rechazarlas y entrar por tu cuenta a revisar la seguridad del servicio.
147,2,Cinturón Amarillo,"Al activar la segunda comprobación, el servicio entrega códigos de recuperación para cuando no tengas tu teléfono. ¿Qué principio ayuda a decidir con más seguridad?",Los códigos de recuperación son seguros aunque se publiquen. Guardarlos únicamente en el teléfono perdido asegura que podrás recuperarlos.,Guardarlos únicamente en el teléfono perdido asegura que podrás recuperarlos. Un código de recuperación sirve solo como recordatorio y no da acceso.,Esos códigos pueden permitir recuperar el acceso; quien los consiga podría utilizarlos en tu lugar.,Un código de recuperación sirve solo como recordatorio y no da acceso.,2,Esos códigos pueden permitir recuperar el acceso; quien los consiga podría utilizarlos en tu lugar. En la práctica: Guardarlos en un lugar protegido y separado del único equipo que podrías perder.
148,2,Cinturón Amarillo,"La aplicación legítima muestra una transferencia lista para enviar, pero el nombre del destinatario no coincide con el proveedor. ¿Qué explicación ayuda a entender esta situación?",Un valor correcto vuelve irrelevante el nombre del destinatario.,La confirmación final permite detectar un receptor o importe equivocado antes de autorizar el envío.,Copiar y pegar garantiza que el destinatario sea el correcto.,Una aplicación bancaria legítima comprueba por ti la honestidad del proveedor. Un valor correcto vuelve irrelevante el nombre del destinatario.,1,La confirmación final permite detectar un receptor o importe equivocado antes de autorizar el envío. En la práctica: Detener la operación y confirmar los datos con el proveedor por un contacto conocido.
149,2,Cinturón Amarillo,Tu banco permite avisos de movimientos y aún no los tienes configurados. ¿Qué idea conviene recordar para evaluar lo que ocurre?,"Los avisos ayudan a detectar actividad, pero pueden retrasarse o no cubrir todas las operaciones.","Un mensaje con el nombre del banco confirma por sí solo que hubo un cargo. Si no llegó un aviso, ninguna operación pudo ocurrir.","Si no llegó un aviso, ninguna operación pudo ocurrir.",Todas las alertas bancarias llegan siempre en el mismo segundo. Un mensaje con el nombre del banco confirma por sí solo que hubo un cargo.,0,"Los avisos ayudan a detectar actividad, pero pueden retrasarse o no cubrir todas las operaciones. En la práctica: Activar los avisos disponibles y revisar periódicamente los movimientos en la cuenta oficial."
150,2,Cinturón Amarillo,Un supuesto vendedor pide fotografías de ambas caras de tu tarjeta para emitir una factura. ¿Cuál es la explicación correcta sobre este riesgo?,Un mensaje temporal impide capturar los datos de una tarjeta. Una factura necesita siempre la fotografía de ambas caras de la tarjeta.,Tapar el nombre protege todos los demás datos de pago.,Una factura necesita siempre la fotografía de ambas caras de la tarjeta. Tapar el nombre protege todos los demás datos de pago.,"Las fotos pueden exponer número, vencimiento y código de seguridad, datos utilizables en intentos de compra.",3,"Las fotos pueden exponer número, vencimiento y código de seguridad, datos utilizables en intentos de compra. En la práctica: No enviarlas y pedir un proceso de pago legítimo que no exponga la tarjeta por chat."
151,2,Cinturón Amarillo,Una llamada del supuesto banco dice que debes transferir tus ahorros a una «cuenta segura» para protegerlos. ¿Qué principio ayuda a decidir con más seguridad?,Una cuenta se vuelve segura cuando un supuesto asesor la llama así. Una transferencia de prueba verifica que la cuenta pertenece al banco.,Entregar efectivo a un mensajero evita cualquier fraude bancario. Una cuenta se vuelve segura cuando un supuesto asesor la llama así.,Una transferencia de prueba verifica que la cuenta pertenece al banco. Entregar efectivo a un mensajero evita cualquier fraude bancario.,Mover dinero a una cuenta indicada por un desconocido puede ser justamente el objetivo del engaño.,3,Mover dinero a una cuenta indicada por un desconocido puede ser justamente el objetivo del engaño. En la práctica: No transferir y contactar al banco real desde un número verificado.
152,2,Cinturón Amarillo,"En una plataforma de compraventa, un vendedor te ofrece descuento si pagas fuera del sistema de la plataforma. ¿Qué explicación ayuda a entender esta situación?",Todas las compras mantienen la misma protección sin importar dónde pagues. Un descuento garantiza que el vendedor cumplirá.,Pagar por fuera puede dejarte sin mecanismos de reclamo que dependen del proceso de la plataforma.,Un descuento garantiza que el vendedor cumplirá.,El chat de una plataforma reemplaza sus condiciones de protección al comprador.,1,Pagar por fuera puede dejarte sin mecanismos de reclamo que dependen del proceso de la plataforma. En la práctica: Revisar las condiciones y mantener el pago dentro del canal con protección aplicable a esa compra.
153,2,Cinturón Amarillo,Una tienda de herramientas tiene solo reseñas perfectas publicadas el mismo día y exige transferencia inmediata. ¿Qué idea conviene recordar para evaluar lo que ocurre?,"Reseñas, fotos y anuncios pueden manipularse; varias comprobaciones independientes dan más información que una sola señal.",Un anuncio pagado ha sido verificado como un negocio honesto.,Muchas estrellas sustituyen las condiciones de venta y devolución.,Una foto de una bodega acredita que el vendedor posee el producto. Muchas estrellas sustituyen las condiciones de venta y devolución.,0,"Reseñas, fotos y anuncios pueden manipularse; varias comprobaciones independientes dan más información que una sola señal. En la práctica: Buscar información independiente y comprobar contacto, condiciones y reputación antes de pagar."
154,2,Cinturón Amarillo,Un desconocido afirma haberte transferido de más y exige que devuelvas la diferencia a otra cuenta. ¿Cuál es la explicación correcta sobre este riesgo?,Todo dinero que llega por error puede gastarse sin revisar su origen.,Cambiar la cuenta de devolución nunca afecta una operación. Todo dinero que llega por error puede gastarse sin revisar su origen.,Una captura basta para comprobar un sobrepago. Cambiar la cuenta de devolución nunca afecta una operación.,"Puede haber un comprobante falso, un error o dinero de origen fraudulento; enviar a otra cuenta añade riesgo.",3,"Puede haber un comprobante falso, un error o dinero de origen fraudulento; enviar a otra cuenta añade riesgo. En la práctica: Comprobar el movimiento con tu banco y gestionar cualquier devolución por el procedimiento que indique."
155,2,Cinturón Amarillo,Un mensaje dice que tu paquete está retenido y solicita una cantidad pequeña mediante un enlace de pago. ¿Qué principio ayuda a decidir con más seguridad?,Esperar un paquete convierte en auténtico cualquier aviso de transporte.,Un número de seguimiento escrito en un mensaje garantiza que su enlace sea oficial.,Los importes pequeños no interesan a los delincuentes. Esperar un paquete convierte en auténtico cualquier aviso de transporte.,Un cobro pequeño puede servir para obtener datos de tarjeta; tener un paquete pendiente tampoco autentica el mensaje.,3,Un cobro pequeño puede servir para obtener datos de tarjeta; tener un paquete pendiente tampoco autentica el mensaje. En la práctica: Consultar el envío en la aplicación o web oficial de la transportista usando tu número de seguimiento.
156,2,Cinturón Amarillo,Una aplicación ofrece una prueba gratuita y pide aceptar un cobro mensual posterior que apenas se ve en la pantalla. ¿Qué explicación ayuda a entender esta situación?,Una prueba puede convertirse en una suscripción; aceptar sin leer puede autorizar pagos recurrentes.,Las condiciones de cobro no importan si el anuncio usa letras grandes.,Una prueba gratuita nunca puede renovarse con cobro. Las condiciones de cobro no importan si el anuncio usa letras grandes.,Desinstalar una aplicación cancela siempre su suscripción. Una prueba gratuita nunca puede renovarse con cobro.,0,"Una prueba puede convertirse en una suscripción; aceptar sin leer puede autorizar pagos recurrentes. En la práctica: Revisar precio, fecha y forma de cancelación antes de aceptar."
157,2,Cinturón Amarillo,En un local de internet necesitas consultar un documento y el navegador ofrece guardar tu contraseña. ¿Qué idea conviene recordar para evaluar lo que ocurre?,Una contraseña guardada en un equipo público solo puede usarla quien la escribió. El modo privado elimina cualquier programa que pueda registrar lo que escribes.,"En un equipo compartido pueden quedar sesiones o datos guardados, y no sabes qué programas tiene instalados.",Cerrar una pestaña equivale siempre a cerrar la sesión. Una contraseña guardada en un equipo público solo puede usarla quien la escribió.,El modo privado elimina cualquier programa que pueda registrar lo que escribes.,1,"En un equipo compartido pueden quedar sesiones o datos guardados, y no sabes qué programas tiene instalados. En la práctica: No guardarla y cerrar la sesión al terminar; evitar operaciones sensibles en equipos que no controlas."
158,2,Cinturón Amarillo,Un supuesto asesor te pide compartir la pantalla mientras entras en la banca para corregir un cobro. ¿Cuál es la explicación correcta sobre este riesgo?,Toda ayuda remota está autorizada por el banco si menciona su nombre. Compartir pantalla solo transmite el fondo del teléfono.,Un código visible en pantalla deja de ser secreto únicamente si lo lees en voz alta.,Compartir pantalla solo transmite el fondo del teléfono.,"Compartir pantalla puede mostrar saldos, datos y códigos; no dictar la clave no elimina esa exposición.",3,"Compartir pantalla puede mostrar saldos, datos y códigos; no dictar la clave no elimina esa exposición. En la práctica: Detener la asistencia y contactar al banco por su canal oficial sin mostrar la pantalla bancaria."
159,2,Cinturón Amarillo,La dirección de un supuesto banco añade palabras y una letra distinta al nombre que tienes guardado. ¿Qué principio ayuda a decidir con más seguridad?,Un parecido visual no demuestra que una dirección pertenezca a la entidad que buscas.,Poner el nombre de un banco en un enlace exige su autorización. Las palabras «seguro» y «verificado» identifican al dueño de una web.,Probar una contraseña es un método seguro para identificar una página. Poner el nombre de un banco en un enlace exige su autorización.,Las palabras «seguro» y «verificado» identifican al dueño de una web. Probar una contraseña es un método seguro para identificar una página.,0,Un parecido visual no demuestra que una dirección pertenezca a la entidad que buscas. En la práctica: Usar la aplicación habitual o el marcador verificado en vez de introducir datos en esa dirección.
160,2,Cinturón Amarillo,"En una tienda, todos usan la misma cuenta con permiso para pagar, aunque algunos solo necesitan consultar pedidos. ¿Qué explicación ayuda a entender esta situación?",Una contraseña compartida permite identificar siempre quién hizo cada operación.,Separar usuarios y permisos reduce errores y limita lo que puede hacer una cuenta expuesta.,Retirar un acceso impide conservar cualquier comprobante del negocio.,Quien consulta pedidos necesita necesariamente permiso para transferir dinero.,1,Separar usuarios y permisos reduce errores y limita lo que puede hacer una cuenta expuesta. En la práctica: Dar a cada persona su acceso y solo los permisos necesarios si el servicio lo permite.
161,2,Cinturón Amarillo,Un mensaje ofrece un reembolso bancario y enlaza una pantalla idéntica a la de tu banco. ¿Cuál es la decisión más prudente?,Probar primero con la clave anterior en la página recibida. Escribir una clave antigua confirma si una página es oficial.,Entrar desde el enlace porque el diseño es idéntico.,Enviar una foto de la tarjeta al remitente para confirmar el reembolso.,Abrir por tu cuenta la aplicación bancaria habitual y consultar allí el supuesto reembolso.,3,Abrir por tu cuenta la aplicación bancaria habitual y consultar allí el supuesto reembolso. Entrar por una ruta conocida evita depender de la dirección que te entrega un posible impostor.
162,2,Cinturón Amarillo,Una tienda desconocida muestra HTTPS en la dirección y promete productos a un precio sorprendente. ¿Qué harías para cuidar tus datos o tu dinero?,Comprar porque HTTPS certifica que el vendedor es honesto. HTTPS garantiza que un producto será entregado.,"Revisar también la identidad del vendedor, las condiciones y el medio de pago antes de comprar.",Ignorar las condiciones de devolución si la conexión es cifrada.,Entregar la contraseña del correo porque aparece un candado.,1,"Revisar también la identidad del vendedor, las condiciones y el medio de pago antes de comprar. HTTPS significa Protocolo Seguro de Transferencia de Hipertexto: protege los datos en su viaje al sitio, no la honestidad de quien lo administra. HTTPS: Protocolo Seguro de Transferencia de Hipertexto (Hypertext Transfer Protocol Secure): cifra la comunicación con una página; no certifica la honestidad de su dueño."
163,2,Cinturón Amarillo,En una terminal hay dos redes inalámbricas con nombres parecidos; una pide instalar un archivo para conectarte. ¿Cuál es el siguiente paso más seguro?,Elegir la red con señal más fuerte como única comprobación.,Ignorar un aviso de certificado para que abra la banca.,Instalarlo porque una red gratuita necesita todos esos permisos.,Confirmar la red con el establecimiento y no instalar el archivo que pide la otra.,3,Confirmar la red con el establecimiento y no instalar el archivo que pide la otra. Un nombre de red puede imitarse y una solicitud de instalación inesperada merece detenerse y verificar.
164,2,Cinturón Amarillo,"Al abrir la banca, el navegador avisa que no puede comprobar la seguridad de la conexión. ¿Qué conviene hacer?",Enviar la clave por correo mientras se arregla la página.,No introducir datos y consultar por la aplicación legítima o el soporte oficial.,Desactivar los avisos del navegador de forma permanente.,Continuar porque la página carga si pulsas «avanzado». Toda advertencia de conexión es un anuncio sin importancia.,1,No introducir datos y consultar por la aplicación legítima o el soporte oficial. El aviso significa que la conexión no pudo validarse; saltarlo elimina una protección útil.
165,2,Cinturón Amarillo,Tu correo permite pedir otra prueba además de la contraseña cuando alguien inicia sesión. ¿Cuál es la decisión más prudente?,Compartir la aprobación de acceso con quien diga ser soporte.,Activar la opción y guardar de forma segura el método de recuperación.,Enviar los códigos a un grupo para encontrarlos fácilmente. Tener dos preguntas sobre tu nombre equivale siempre a dos factores independientes.,Desactivarla porque una clave larga hace innecesaria toda otra protección. MFA significa usar la misma contraseña dos veces.,1,"Activar la opción y guardar de forma segura el método de recuperación. La autenticación multifactor, o MFA por sus siglas en inglés, añade pruebas de identidad de distintos tipos; 2FA es autenticación de dos factores. MFA: Autenticación multifactor (Multi-Factor Authentication): comprobación con factores de distintos tipos, como algo que sabes y algo que tienes. 2FA: Autenticación de dos factores (Two-Factor Authentication): utiliza dos factores de tipos distintos. No basta escribir dos veces una contraseña."
166,2,Cinturón Amarillo,El teléfono muestra varias solicitudes de aprobación de acceso que no iniciaste; te molestan mientras trabajas. ¿Qué harías para cuidar tus datos o tu dinero?,Aprobar una para que dejen de aparecer.,Rechazarlas y entrar por tu cuenta a revisar la seguridad del servicio.,Confirmar la que llegue más tarde suponiendo que es la correcta. La última solicitud recibida siempre corresponde al dueño de la cuenta.,Dar el teléfono a quien llama para que apruebe por ti.,1,Rechazarlas y entrar por tu cuenta a revisar la seguridad del servicio. La insistencia puede buscar que autorices por cansancio una entrada ajena.
167,2,Cinturón Amarillo,"Al activar la segunda comprobación, el servicio entrega códigos de recuperación para cuando no tengas tu teléfono. ¿Cuál es el siguiente paso más seguro?",Guardarlos en un lugar protegido y separado del único equipo que podrías perder.,Borrarlos sin preparar otra forma de recuperar la cuenta. Guardarlos únicamente en el teléfono perdido asegura que podrás recuperarlos.,Publicarlos en un álbum compartido para tener acceso desde cualquier sitio.,Entregarlos al técnico que configuró el teléfono.,0,Guardarlos en un lugar protegido y separado del único equipo que podrías perder. Esos códigos pueden permitir recuperar el acceso; quien los consiga podría utilizarlos en tu lugar.
168,2,Cinturón Amarillo,"La aplicación legítima muestra una transferencia lista para enviar, pero el nombre del destinatario no coincide con el proveedor. ¿Qué conviene hacer?",Aprobar porque el número de cuenta fue copiado del último mensaje.,Detener la operación y confirmar los datos con el proveedor por un contacto conocido.,Ignorar el destinatario porque el valor es correcto.,Enviar primero todo el monto y reclamar si hay un error. Una aplicación bancaria legítima comprueba por ti la honestidad del proveedor.,1,Detener la operación y confirmar los datos con el proveedor por un contacto conocido. La confirmación final permite detectar un receptor o importe equivocado antes de autorizar el envío.
169,2,Cinturón Amarillo,Tu banco permite avisos de movimientos y aún no los tienes configurados. ¿Cuál es la decisión más prudente?,Confiar solo en que el saldo final del mes se parezca al esperado.,Desactivar todos los avisos porque cualquiera podría ser una estafa.,Activar los avisos disponibles y revisar periódicamente los movimientos en la cuenta oficial.,Usar únicamente los mensajes del banco sin consultar la cuenta.,2,"Activar los avisos disponibles y revisar periódicamente los movimientos en la cuenta oficial. Los avisos ayudan a detectar actividad, pero pueden retrasarse o no cubrir todas las operaciones."
170,2,Cinturón Amarillo,Un supuesto vendedor pide fotografías de ambas caras de tu tarjeta para emitir una factura. ¿Qué harías para cuidar tus datos o tu dinero?,Tapar solo el nombre y enviar visibles todos los números. Un mensaje temporal impide capturar los datos de una tarjeta.,Enviar las fotos si el vendedor promete borrarlas. Una factura necesita siempre la fotografía de ambas caras de la tarjeta.,Mandarlas en un mensaje temporal pensando que no puede copiarse.,No enviarlas y pedir un proceso de pago legítimo que no exponga la tarjeta por chat.,3,"No enviarlas y pedir un proceso de pago legítimo que no exponga la tarjeta por chat. Las fotos pueden exponer número, vencimiento y código de seguridad, datos utilizables en intentos de compra."
171,2,Cinturón Amarillo,Una llamada del supuesto banco dice que debes transferir tus ahorros a una «cuenta segura» para protegerlos. ¿Cuál es el siguiente paso más seguro?,Enviar el dinero porque la cuenta receptora fue dictada por un asesor. Una cuenta se vuelve segura cuando un supuesto asesor la llama así.,No transferir y contactar al banco real desde un número verificado.,Retirar efectivo y entregarlo al mensajero que ofrece la llamada.,Hacer una transferencia pequeña y luego enviar el resto si no hay error. Una transferencia de prueba verifica que la cuenta pertenece al banco.,1,No transferir y contactar al banco real desde un número verificado. Mover dinero a una cuenta indicada por un desconocido puede ser justamente el objetivo del engaño.
172,2,Cinturón Amarillo,"En una plataforma de compraventa, un vendedor te ofrece descuento si pagas fuera del sistema de la plataforma. ¿Qué conviene hacer?",Transferir fuera porque un descuento demuestra confianza. Todas las compras mantienen la misma protección sin importar dónde pagues.,Revisar las condiciones y mantener el pago dentro del canal con protección aplicable a esa compra.,Aceptar que una conversación en la plataforma conserva toda protección aunque pagues fuera.,Mandar datos de tarjeta por chat para no pagar comisiones.,1,Revisar las condiciones y mantener el pago dentro del canal con protección aplicable a esa compra. Pagar por fuera puede dejarte sin mecanismos de reclamo que dependen del proceso de la plataforma.
173,2,Cinturón Amarillo,Una tienda de herramientas tiene solo reseñas perfectas publicadas el mismo día y exige transferencia inmediata. ¿Cuál es la decisión más prudente?,"Buscar información independiente y comprobar contacto, condiciones y reputación antes de pagar.",Comprar porque el anuncio aparece como patrocinado.,Pagar si el vendedor manda una foto de una bodega.,Confiar porque todas las reseñas tienen cinco estrellas.,0,"Buscar información independiente y comprobar contacto, condiciones y reputación antes de pagar. Reseñas, fotos y anuncios pueden manipularse; varias comprobaciones independientes dan más información que una sola señal."
174,2,Cinturón Amarillo,Un desconocido afirma haberte transferido de más y exige que devuelvas la diferencia a otra cuenta. ¿Qué harías para cuidar tus datos o tu dinero?,Devolver a la cuenta nueva usando como prueba su captura. Una captura basta para comprobar un sobrepago.,Comprobar el movimiento con tu banco y gestionar cualquier devolución por el procedimiento que indique.,Entregar la diferencia en efectivo antes de revisar el ingreso.,Gastar el dinero recibido porque ya aparece en pantalla.,1,"Comprobar el movimiento con tu banco y gestionar cualquier devolución por el procedimiento que indique. Puede haber un comprobante falso, un error o dinero de origen fraudulento; enviar a otra cuenta añade riesgo."
175,2,Cinturón Amarillo,Un mensaje dice que tu paquete está retenido y solicita una cantidad pequeña mediante un enlace de pago. ¿Cuál es el siguiente paso más seguro?,Consultar el envío en la aplicación o web oficial de la transportista usando tu número de seguimiento.,Introducir la tarjeta aunque no recuerdes haber comprado nada.,Usar el teléfono del mensaje como única verificación.,Pagar porque la cantidad es demasiado pequeña para una estafa.,0,Consultar el envío en la aplicación o web oficial de la transportista usando tu número de seguimiento. Un cobro pequeño puede servir para obtener datos de tarjeta; tener un paquete pendiente tampoco autentica el mensaje.
176,2,Cinturón Amarillo,Una aplicación ofrece una prueba gratuita y pide aceptar un cobro mensual posterior que apenas se ve en la pantalla. ¿Qué conviene hacer?,Aceptar porque la palabra «gratis» elimina cualquier cobro futuro.,Ingresar una tarjeta ajena para probar sin revisar las condiciones. Las condiciones de cobro no importan si el anuncio usa letras grandes.,Borrar luego la aplicación suponiendo que eso cancela todos los pagos. Una prueba gratuita nunca puede renovarse con cobro.,"Revisar precio, fecha y forma de cancelación antes de aceptar.",3,"Revisar precio, fecha y forma de cancelación antes de aceptar. Una prueba puede convertirse en una suscripción; aceptar sin leer puede autorizar pagos recurrentes."
177,2,Cinturón Amarillo,En un local de internet necesitas consultar un documento y el navegador ofrece guardar tu contraseña. ¿Cuál es la decisión más prudente?,No guardarla y cerrar la sesión al terminar; evitar operaciones sensibles en equipos que no controlas.,Cerrar solo la pestaña y dejar la sesión abierta.,Guardar la clave porque usarás el mismo local otra vez. El modo privado elimina cualquier programa que pueda registrar lo que escribes.,Confiar en que el modo privado vuelve confiable cualquier computadora.,0,"No guardarla y cerrar la sesión al terminar; evitar operaciones sensibles en equipos que no controlas. En un equipo compartido pueden quedar sesiones o datos guardados, y no sabes qué programas tiene instalados."
178,2,Cinturón Amarillo,Un supuesto asesor te pide compartir la pantalla mientras entras en la banca para corregir un cobro. ¿Qué harías para cuidar tus datos o tu dinero?,Mostrar también los avisos de códigos para que el asesor revise todo.,Aprobar las operaciones que señale el asesor para terminar rápido.,Detener la asistencia y contactar al banco por su canal oficial sin mostrar la pantalla bancaria.,Compartir porque no dirás la clave en voz alta. Compartir pantalla solo transmite el fondo del teléfono.,2,"Detener la asistencia y contactar al banco por su canal oficial sin mostrar la pantalla bancaria. Compartir pantalla puede mostrar saldos, datos y códigos; no dictar la clave no elimina esa exposición."
179,2,Cinturón Amarillo,La dirección de un supuesto banco añade palabras y una letra distinta al nombre que tienes guardado. ¿Cuál es el siguiente paso más seguro?,Escribir la contraseña para comprobar si la página reconoce tu cuenta. Probar una contraseña es un método seguro para identificar una página.,Usar la aplicación habitual o el marcador verificado en vez de introducir datos en esa dirección.,Confiar porque el nombre del banco aparece en alguna parte del enlace.,Aceptar si la dirección empieza por «seguridad».,1,Usar la aplicación habitual o el marcador verificado en vez de introducir datos en esa dirección. Un parecido visual no demuestra que una dirección pertenezca a la entidad que buscas.
180,2,Cinturón Amarillo,"En una tienda, todos usan la misma cuenta con permiso para pagar, aunque algunos solo necesitan consultar pedidos. ¿Qué conviene hacer?",Compartir la clave del dueño para evitar configurar usuarios.,Mantener acceso completo a quien ya no trabaja allí por si regresa.,Enviar por chat el código de acceso cada vez que alguien lo pida.,Dar a cada persona su acceso y solo los permisos necesarios si el servicio lo permite.,3,Dar a cada persona su acceso y solo los permisos necesarios si el servicio lo permite. Separar usuarios y permisos reduce errores y limita lo que puede hacer una cuenta expuesta.
181,2,Cinturón Amarillo,Para prepararte ante situaciones como esta: Un mensaje ofrece un reembolso bancario y enlaza una pantalla idéntica a la de tu banco. ¿Qué medida preventiva conviene adoptar?,Enviar una foto de la tarjeta al remitente para confirmar el reembolso.,Entrar desde el enlace porque el diseño es idéntico. Una página idéntica tiene necesariamente el mismo propietario.,Conservar la aplicación legítima o un marcador verificado para acceder al banco.,Probar primero con la clave anterior en la página recibida. Escribir una clave antigua confirma si una página es oficial.,2,Conservar la aplicación legítima o un marcador verificado para acceder al banco. Entrar por una ruta conocida evita depender de la dirección que te entrega un posible impostor.
182,2,Cinturón Amarillo,Para prepararte ante situaciones como esta: Una tienda desconocida muestra HTTPS en la dirección y promete productos a un precio sorprendente. ¿Qué medida preventiva conviene adoptar?,Entregar la contraseña del correo porque aparece un candado.,Ignorar las condiciones de devolución si la conexión es cifrada. El símbolo del candado sustituye la revisión del comercio.,Comprar porque HTTPS certifica que el vendedor es honesto. HTTPS garantiza que un producto será entregado.,"Comprobar conexión, dirección e identidad del comercio como revisiones diferentes.",3,"Comprobar conexión, dirección e identidad del comercio como revisiones diferentes. HTTPS significa Protocolo Seguro de Transferencia de Hipertexto: protege los datos en su viaje al sitio, no la honestidad de quien lo administra. HTTPS: Protocolo Seguro de Transferencia de Hipertexto (Hypertext Transfer Protocol Secure): cifra la comunicación con una página; no certifica la honestidad de su dueño."
183,2,Cinturón Amarillo,Para prepararte ante situaciones como esta: En una terminal hay dos redes inalámbricas con nombres parecidos; una pide instalar un archivo para conectarte. ¿Qué medida preventiva conviene adoptar?,Instalarlo porque una red gratuita necesita todos esos permisos. Estar en una red pública hace visibles todas las contraseñas aunque la conexión esté cifrada correctamente.,Elegir la red con señal más fuerte como única comprobación.,"Mantener el equipo actualizado, verificar la red y usar aplicaciones legítimas o páginas con conexión cifrada sin ignorar advertencias.",Ignorar un aviso de certificado para que abra la banca. Todas las redes gratuitas requieren instalar un certificado o una aplicación desconocida.,2,"Mantener el equipo actualizado, verificar la red y usar aplicaciones legítimas o páginas con conexión cifrada sin ignorar advertencias. Un nombre de red puede imitarse y una solicitud de instalación inesperada merece detenerse y verificar."
184,2,Cinturón Amarillo,"Para prepararte ante situaciones como esta: Al abrir la banca, el navegador avisa que no puede comprobar la seguridad de la conexión. ¿Qué medida preventiva conviene adoptar?",Continuar porque la página carga si pulsas «avanzado».,"Desactivar los avisos del navegador de forma permanente. Si puedes continuar manualmente, la página ya fue verificada.","Mantener navegador, sistema, fecha y hora correctos y no saltar advertencias en operaciones sensibles.",Enviar la clave por correo mientras se arregla la página. Desactivar avisos corrige la causa de una conexión insegura.,2,"Mantener navegador, sistema, fecha y hora correctos y no saltar advertencias en operaciones sensibles. El aviso significa que la conexión no pudo validarse; saltarlo elimina una protección útil."
185,2,Cinturón Amarillo,Para prepararte ante situaciones como esta: Tu correo permite pedir otra prueba además de la contraseña cuando alguien inicia sesión. ¿Qué medida preventiva conviene adoptar?,Elegir la segunda comprobación más fuerte que puedas usar y preparar su recuperación.,Compartir la aprobación de acceso con quien diga ser soporte. Activar una segunda prueba vuelve seguros todos los enlaces que recibes.,Desactivarla porque una clave larga hace innecesaria toda otra protección. MFA significa usar la misma contraseña dos veces.,Enviar los códigos a un grupo para encontrarlos fácilmente. Tener dos preguntas sobre tu nombre equivale siempre a dos factores independientes.,0,"Elegir la segunda comprobación más fuerte que puedas usar y preparar su recuperación. La autenticación multifactor, o MFA por sus siglas en inglés, añade pruebas de identidad de distintos tipos; 2FA es autenticación de dos factores. MFA: Autenticación multifactor (Multi-Factor Authentication): comprobación con factores de distintos tipos, como algo que sabes y algo que tienes. 2FA: Autenticación de dos factores (Two-Factor Authentication): utiliza dos factores de tipos distintos. No basta escribir dos veces una contraseña."
186,2,Cinturón Amarillo,Para prepararte ante situaciones como esta: El teléfono muestra varias solicitudes de aprobación de acceso que no iniciaste; te molestan mientras trabajas. ¿Qué medida preventiva conviene adoptar?,Aprobar únicamente accesos que iniciaste y cuyos datos coincidan con tu operación.,Dar el teléfono a quien llama para que apruebe por ti.,Aprobar una para que dejen de aparecer.,Confirmar la que llegue más tarde suponiendo que es la correcta. La última solicitud recibida siempre corresponde al dueño de la cuenta.,0,Aprobar únicamente accesos que iniciaste y cuyos datos coincidan con tu operación. La insistencia puede buscar que autorices por cansancio una entrada ajena.
187,2,Cinturón Amarillo,"Para prepararte ante situaciones como esta: Al activar la segunda comprobación, el servicio entrega códigos de recuperación para cuando no tengas tu teléfono. ¿Qué medida preventiva conviene adoptar?",Preparar una copia protegida y comprobar que sabes dónde encontrarla sin exponer su contenido.,Publicarlos en un álbum compartido para tener acceso desde cualquier sitio.,Entregarlos al técnico que configuró el teléfono.,Borrarlos sin preparar otra forma de recuperar la cuenta.,0,Preparar una copia protegida y comprobar que sabes dónde encontrarla sin exponer su contenido. Esos códigos pueden permitir recuperar el acceso; quien los consiga podría utilizarlos en tu lugar.
188,2,Cinturón Amarillo,"Para prepararte ante situaciones como esta: La aplicación legítima muestra una transferencia lista para enviar, pero el nombre del destinatario no coincide con el proveedor. ¿Qué medida preventiva conviene adoptar?",Aprobar porque el número de cuenta fue copiado del último mensaje.,Ignorar el destinatario porque el valor es correcto. Un valor correcto vuelve irrelevante el nombre del destinatario.,Enviar primero todo el monto y reclamar si hay un error. Una aplicación bancaria legítima comprueba por ti la honestidad del proveedor.,"Revisar receptor, cuenta, monto y motivo antes de confirmar cada pago.",3,"Revisar receptor, cuenta, monto y motivo antes de confirmar cada pago. La confirmación final permite detectar un receptor o importe equivocado antes de autorizar el envío."
189,2,Cinturón Amarillo,Para prepararte ante situaciones como esta: Tu banco permite avisos de movimientos y aún no los tienes configurados. ¿Qué medida preventiva conviene adoptar?,Mantener los contactos del banco actualizados y revisar las operaciones desde su canal oficial.,Confiar solo en que el saldo final del mes se parezca al esperado.,Desactivar todos los avisos porque cualquiera podría ser una estafa.,Usar únicamente los mensajes del banco sin consultar la cuenta.,0,"Mantener los contactos del banco actualizados y revisar las operaciones desde su canal oficial. Los avisos ayudan a detectar actividad, pero pueden retrasarse o no cubrir todas las operaciones."
190,2,Cinturón Amarillo,Para prepararte ante situaciones como esta: Un supuesto vendedor pide fotografías de ambas caras de tu tarjeta para emitir una factura. ¿Qué medida preventiva conviene adoptar?,Pagar en canales verificados y evitar compartir imágenes de la tarjeta o códigos de autorización.,Tapar solo el nombre y enviar visibles todos los números.,Mandarlas en un mensaje temporal pensando que no puede copiarse.,Enviar las fotos si el vendedor promete borrarlas.,0,"Pagar en canales verificados y evitar compartir imágenes de la tarjeta o códigos de autorización. Las fotos pueden exponer número, vencimiento y código de seguridad, datos utilizables en intentos de compra."
191,2,Cinturón Amarillo,Para prepararte ante situaciones como esta: Una llamada del supuesto banco dice que debes transferir tus ahorros a una «cuenta segura» para protegerlos. ¿Qué medida preventiva conviene adoptar?,Retirar efectivo y entregarlo al mensajero que ofrece la llamada.,Acordar no mover ahorros por instrucciones de llamadas recibidas sin consultar al banco por otra vía.,Hacer una transferencia pequeña y luego enviar el resto si no hay error.,Enviar el dinero porque la cuenta receptora fue dictada por un asesor. Una cuenta se vuelve segura cuando un supuesto asesor la llama así.,1,Acordar no mover ahorros por instrucciones de llamadas recibidas sin consultar al banco por otra vía. Mover dinero a una cuenta indicada por un desconocido puede ser justamente el objetivo del engaño.
192,2,Cinturón Amarillo,"Para prepararte ante situaciones como esta: En una plataforma de compraventa, un vendedor te ofrece descuento si pagas fuera del sistema de la plataforma. ¿Qué medida preventiva conviene adoptar?",Transferir fuera porque un descuento demuestra confianza.,Aceptar que una conversación en la plataforma conserva toda protección aunque pagues fuera. Un descuento garantiza que el vendedor cumplirá.,"Leer las condiciones de compra y de reclamo antes de pagar, especialmente si cambia el canal.",Mandar datos de tarjeta por chat para no pagar comisiones.,2,"Leer las condiciones de compra y de reclamo antes de pagar, especialmente si cambia el canal. Pagar por fuera puede dejarte sin mecanismos de reclamo que dependen del proceso de la plataforma."
193,2,Cinturón Amarillo,Para prepararte ante situaciones como esta: Una tienda de herramientas tiene solo reseñas perfectas publicadas el mismo día y exige transferencia inmediata. ¿Qué medida preventiva conviene adoptar?,Confiar porque todas las reseñas tienen cinco estrellas.,Pagar si el vendedor manda una foto de una bodega.,Comprar porque el anuncio aparece como patrocinado. Muchas estrellas sustituyen las condiciones de venta y devolución.,Comparar fuentes ajenas a la tienda y elegir medios de pago con condiciones de reclamo comprensibles.,3,"Comparar fuentes ajenas a la tienda y elegir medios de pago con condiciones de reclamo comprensibles. Reseñas, fotos y anuncios pueden manipularse; varias comprobaciones independientes dan más información que una sola señal."
194,2,Cinturón Amarillo,Para prepararte ante situaciones como esta: Un desconocido afirma haberte transferido de más y exige que devuelvas la diferencia a otra cuenta. ¿Qué medida preventiva conviene adoptar?,Gastar el dinero recibido porque ya aparece en pantalla. Todo dinero que llega por error puede gastarse sin revisar su origen.,Entregar la diferencia en efectivo antes de revisar el ingreso. Cambiar la cuenta de devolución nunca afecta una operación.,"Acordar pagos exactos y tramitar diferencias con el banco, sin seguir instrucciones de desconocidos.",Devolver a la cuenta nueva usando como prueba su captura.,2,"Acordar pagos exactos y tramitar diferencias con el banco, sin seguir instrucciones de desconocidos. Puede haber un comprobante falso, un error o dinero de origen fraudulento; enviar a otra cuenta añade riesgo."
195,2,Cinturón Amarillo,Para prepararte ante situaciones como esta: Un mensaje dice que tu paquete está retenido y solicita una cantidad pequeña mediante un enlace de pago. ¿Qué medida preventiva conviene adoptar?,Introducir la tarjeta aunque no recuerdes haber comprado nada.,Guardar el seguimiento al comprar y consultar cambios desde la transportista real.,Usar el teléfono del mensaje como única verificación.,Pagar porque la cantidad es demasiado pequeña para una estafa.,1,Guardar el seguimiento al comprar y consultar cambios desde la transportista real. Un cobro pequeño puede servir para obtener datos de tarjeta; tener un paquete pendiente tampoco autentica el mensaje.
196,2,Cinturón Amarillo,Para prepararte ante situaciones como esta: Una aplicación ofrece una prueba gratuita y pide aceptar un cobro mensual posterior que apenas se ve en la pantalla. ¿Qué medida preventiva conviene adoptar?,Ingresar una tarjeta ajena para probar sin revisar las condiciones.,Borrar luego la aplicación suponiendo que eso cancela todos los pagos.,Aceptar porque la palabra «gratis» elimina cualquier cobro futuro.,Anotar el vencimiento y saber dónde gestionar la suscripción antes de iniciar la prueba.,3,Anotar el vencimiento y saber dónde gestionar la suscripción antes de iniciar la prueba. Una prueba puede convertirse en una suscripción; aceptar sin leer puede autorizar pagos recurrentes.
197,2,Cinturón Amarillo,Para prepararte ante situaciones como esta: En un local de internet necesitas consultar un documento y el navegador ofrece guardar tu contraseña. ¿Qué medida preventiva conviene adoptar?,Cerrar solo la pestaña y dejar la sesión abierta.,Preferir tu equipo para cuentas sensibles y preparar antes los documentos que necesitas consultar o imprimir.,Guardar la clave porque usarás el mismo local otra vez. El modo privado elimina cualquier programa que pueda registrar lo que escribes.,Confiar en que el modo privado vuelve confiable cualquier computadora. Una contraseña guardada en un equipo público solo puede usarla quien la escribió.,1,"Preferir tu equipo para cuentas sensibles y preparar antes los documentos que necesitas consultar o imprimir. En un equipo compartido pueden quedar sesiones o datos guardados, y no sabes qué programas tiene instalados."
198,2,Cinturón Amarillo,Para prepararte ante situaciones como esta: Un supuesto asesor te pide compartir la pantalla mientras entras en la banca para corregir un cobro. ¿Qué medida preventiva conviene adoptar?,Aprobar las operaciones que señale el asesor para terminar rápido.,Mostrar también los avisos de códigos para que el asesor revise todo.,"Separar la asistencia general de cualquier acceso a banca, contraseñas o códigos privados.",Compartir porque no dirás la clave en voz alta. Compartir pantalla solo transmite el fondo del teléfono.,2,"Separar la asistencia general de cualquier acceso a banca, contraseñas o códigos privados. Compartir pantalla puede mostrar saldos, datos y códigos; no dictar la clave no elimina esa exposición."
199,2,Cinturón Amarillo,Para prepararte ante situaciones como esta: La dirección de un supuesto banco añade palabras y una letra distinta al nombre que tienes guardado. ¿Qué medida preventiva conviene adoptar?,Confiar porque el nombre del banco aparece en alguna parte del enlace. Poner el nombre de un banco en un enlace exige su autorización.,Escribir la contraseña para comprobar si la página reconoce tu cuenta.,"Guardar rutas oficiales y pedir ayuda si no puedes distinguir una dirección, sin introducir claves para probar.",Aceptar si la dirección empieza por «seguridad».,2,"Guardar rutas oficiales y pedir ayuda si no puedes distinguir una dirección, sin introducir claves para probar. Un parecido visual no demuestra que una dirección pertenezca a la entidad que buscas."
200,2,Cinturón Amarillo,"Para prepararte ante situaciones como esta: En una tienda, todos usan la misma cuenta con permiso para pagar, aunque algunos solo necesitan consultar pedidos. ¿Qué medida preventiva conviene adoptar?",Enviar por chat el código de acceso cada vez que alguien lo pida. Quien consulta pedidos necesita necesariamente permiso para transferir dinero.,Compartir la clave del dueño para evitar configurar usuarios.,Revisar periódicamente quién puede entrar y retirar accesos cuando cambian las tareas.,Mantener acceso completo a quien ya no trabaja allí por si regresa.,2,Revisar periódicamente quién puede entrar y retirar accesos cuando cambian las tareas. Separar usuarios y permisos reduce errores y limita lo que puede hacer una cuenta expuesta.
201,2,Cinturón Amarillo,Un agricultor recibe por correo una supuesta devolución de la cooperativa y un botón para «activar el cobro». ¿Qué decisión corresponde en este contexto?,Entrar desde el enlace porque el diseño es idéntico.,Consultar la devolución desde el canal habitual de la cooperativa sin usar el botón.,Probar primero con la clave anterior en la página recibida. Escribir una clave antigua confirma si una página es oficial.,Enviar una foto de la tarjeta al remitente para confirmar el reembolso.,1,Consultar la devolución desde el canal habitual de la cooperativa sin usar el botón. Entrar por una ruta conocida evita depender de la dirección que te entrega un posible impostor.
202,2,Cinturón Amarillo,Un soldador abre un formulario con candado que le pide la clave bancaria para recibir una cotización. ¿Qué decisión corresponde en este contexto?,Ignorar las condiciones de devolución si la conexión es cifrada.,No entregar la clave: la conexión cifrada no justifica esa solicitud.,Entregar la contraseña del correo porque aparece un candado.,Comprar porque HTTPS certifica que el vendedor es honesto.,1,"No entregar la clave: la conexión cifrada no justifica esa solicitud. HTTPS significa Protocolo Seguro de Transferencia de Hipertexto: protege los datos en su viaje al sitio, no la honestidad de quien lo administra. HTTPS: Protocolo Seguro de Transferencia de Hipertexto (Hypertext Transfer Protocol Secure): cifra la comunicación con una página; no certifica la honestidad de su dueño."
203,2,Cinturón Amarillo,"Un chofer necesita pagar una cuota, pero no puede confirmar qué red de la terminal es oficial. ¿Qué decisión corresponde en este contexto?",Elegir la red con señal más fuerte como única comprobación. La señal más fuerte identifica a la red oficial.,Instalarlo porque una red gratuita necesita todos esos permisos. Estar en una red pública hace visibles todas las contraseñas aunque la conexión esté cifrada correctamente.,Preferir sus datos móviles o esperar una conexión conocida sin usar enlaces recibidos para entrar al banco.,Ignorar un aviso de certificado para que abra la banca.,2,Preferir sus datos móviles o esperar una conexión conocida sin usar enlaces recibidos para entrar al banco. Un nombre de red puede imitarse y una solicitud de instalación inesperada merece detenerse y verificar.
204,2,Cinturón Amarillo,Un agricultor ve un aviso de conexión al entrar en un portal de trámites y teme perder la fecha de inscripción. ¿Qué decisión corresponde en este contexto?,Enviar la clave por correo mientras se arregla la página.,Continuar porque la página carga si pulsas «avanzado».,Buscar asistencia oficial o una ruta legítima alternativa sin ignorar la advertencia ni entregar la clave por chat.,Desactivar los avisos del navegador de forma permanente.,2,Buscar asistencia oficial o una ruta legítima alternativa sin ignorar la advertencia ni entregar la clave por chat. El aviso significa que la conexión no pudo validarse; saltarlo elimina una protección útil.
205,2,Cinturón Amarillo,Una tendera activa códigos de acceso pero quiere enviarlos al supuesto técnico que le ayudó a configurarlos. ¿Qué decisión corresponde en este contexto?,Desactivarla porque una clave larga hace innecesaria toda otra protección. MFA significa usar la misma contraseña dos veces.,Mantener los códigos privados y pedir instrucciones sin ceder la aprobación del acceso.,Enviar los códigos a un grupo para encontrarlos fácilmente. Tener dos preguntas sobre tu nombre equivale siempre a dos factores independientes.,Compartir la aprobación de acceso con quien diga ser soporte.,1,"Mantener los códigos privados y pedir instrucciones sin ceder la aprobación del acceso. La autenticación multifactor, o MFA por sus siglas en inglés, añade pruebas de identidad de distintos tipos; 2FA es autenticación de dos factores. MFA: Autenticación multifactor (Multi-Factor Authentication): comprobación con factores de distintos tipos, como algo que sabes y algo que tienes. 2FA: Autenticación de dos factores (Two-Factor Authentication): utiliza dos factores de tipos distintos. No basta escribir dos veces una contraseña."
206,2,Cinturón Amarillo,Un agricultor recibe una llamada que le indica pulsar «sí» en la aplicación para cancelar un fraude. ¿Qué decisión corresponde en este contexto?,Dar el teléfono a quien llama para que apruebe por ti. Las peticiones repetidas demuestran que el soporte necesita entrar.,"Rechazar la solicitud y consultar directamente a la entidad, porque aprobar puede autorizar un acceso.",Aprobar una para que dejen de aparecer.,Confirmar la que llegue más tarde suponiendo que es la correcta. La última solicitud recibida siempre corresponde al dueño de la cuenta.,1,"Rechazar la solicitud y consultar directamente a la entidad, porque aprobar puede autorizar un acceso. La insistencia puede buscar que autorices por cansancio una entrada ajena."
207,2,Cinturón Amarillo,Una cocinera cambia de teléfono y el antiguo es el único lugar donde conserva su método de verificación. ¿Qué decisión corresponde en este contexto?,Entregarlos al técnico que configuró el teléfono.,Borrarlos sin preparar otra forma de recuperar la cuenta.,Preparar la transferencia y recuperación del método antes de borrar o entregar el equipo antiguo.,Publicarlos en un álbum compartido para tener acceso desde cualquier sitio.,2,Preparar la transferencia y recuperación del método antes de borrar o entregar el equipo antiguo. Esos códigos pueden permitir recuperar el acceso; quien los consiga podría utilizarlos en tu lugar.
208,2,Cinturón Amarillo,Un agricultor ve que el pago del abono se multiplicó por diez por un cero añadido. ¿Qué decisión corresponde en este contexto?,Ignorar el destinatario porque el valor es correcto. Un valor correcto vuelve irrelevante el nombre del destinatario.,"Cancelar la confirmación, corregir el monto y revisar nuevamente antes de enviar.",Enviar primero todo el monto y reclamar si hay un error.,Aprobar porque el número de cuenta fue copiado del último mensaje. Copiar y pegar garantiza que el destinatario sea el correcto.,1,"Cancelar la confirmación, corregir el monto y revisar nuevamente antes de enviar. La confirmación final permite detectar un receptor o importe equivocado antes de autorizar el envío."
209,2,Cinturón Amarillo,Un soldador recibe un mensaje de cargo con un enlace para «anular» la compra. ¿Qué decisión corresponde en este contexto?,Confiar solo en que el saldo final del mes se parezca al esperado.,Entrar por la aplicación habitual para comprobar el cargo y contactar al banco sin usar ese enlace.,Usar únicamente los mensajes del banco sin consultar la cuenta.,Desactivar todos los avisos porque cualquiera podría ser una estafa.,1,"Entrar por la aplicación habitual para comprobar el cargo y contactar al banco sin usar ese enlace. Los avisos ayudan a detectar actividad, pero pueden retrasarse o no cubrir todas las operaciones."
210,2,Cinturón Amarillo,"En una entrega, un repartidor pide una foto de la tarjeta usada para demostrar que el pedido es tuyo. ¿Qué decisión corresponde en este contexto?",Consultar al comercio por su atención oficial y no enviar la foto de la tarjeta.,Tapar solo el nombre y enviar visibles todos los números.,Enviar las fotos si el vendedor promete borrarlas.,Mandarlas en un mensaje temporal pensando que no puede copiarse.,0,"Consultar al comercio por su atención oficial y no enviar la foto de la tarjeta. Las fotos pueden exponer número, vencimiento y código de seguridad, datos utilizables en intentos de compra."
211,2,Cinturón Amarillo,Una tendera recibe la misma instrucción en un correo que copia el nombre de su ejecutivo habitual. ¿Qué decisión corresponde en este contexto?,Retirar efectivo y entregarlo al mensajero que ofrece la llamada. Entregar efectivo a un mensajero evita cualquier fraude bancario.,Confirmar por el contacto que ya tenía guardado sin responder ni pagar desde ese correo.,Hacer una transferencia pequeña y luego enviar el resto si no hay error. Una transferencia de prueba verifica que la cuenta pertenece al banco.,Enviar el dinero porque la cuenta receptora fue dictada por un asesor.,1,Confirmar por el contacto que ya tenía guardado sin responder ni pagar desde ese correo. Mover dinero a una cuenta indicada por un desconocido puede ser justamente el objetivo del engaño.
212,2,Cinturón Amarillo,Una cocinera recibe por correo un enlace «especial» para pagar un equipo anunciado en una plataforma. ¿Qué decisión corresponde en este contexto?,Transferir fuera porque un descuento demuestra confianza.,Aceptar que una conversación en la plataforma conserva toda protección aunque pagues fuera. Un descuento garantiza que el vendedor cumplirá.,Mandar datos de tarjeta por chat para no pagar comisiones.,Abrir la plataforma por su ruta habitual y comprobar si ese pago pertenece al proceso real.,3,Abrir la plataforma por su ruta habitual y comprobar si ese pago pertenece al proceso real. Pagar por fuera puede dejarte sin mecanismos de reclamo que dependen del proceso de la plataforma.
213,2,Cinturón Amarillo,Un agricultor encuentra semillas muy baratas en un perfil creado ayer que usa fotos de otro vivero. ¿Qué decisión corresponde en este contexto?,Pagar si el vendedor manda una foto de una bodega.,Confiar porque todas las reseñas tienen cinco estrellas.,Consultar al vivero por un contacto propio y no pagar basándose solo en ese perfil.,Comprar porque el anuncio aparece como patrocinado. Muchas estrellas sustituyen las condiciones de venta y devolución.,2,"Consultar al vivero por un contacto propio y no pagar basándose solo en ese perfil. Reseñas, fotos y anuncios pueden manipularse; varias comprobaciones independientes dan más información que una sola señal."
214,2,Cinturón Amarillo,"Un vendedor sí ve un ingreso no esperado, pero quien reclama pide devolverlo a nombre de otra persona. ¿Qué decisión corresponde en este contexto?",Devolver a la cuenta nueva usando como prueba su captura. Una captura basta para comprobar un sobrepago.,Gastar el dinero recibido porque ya aparece en pantalla.,No enviarlo por su cuenta y pedir al banco que indique cómo tratar el ingreso.,Entregar la diferencia en efectivo antes de revisar el ingreso. Cambiar la cuenta de devolución nunca afecta una operación.,2,"No enviarlo por su cuenta y pedir al banco que indique cómo tratar el ingreso. Puede haber un comprobante falso, un error o dinero de origen fraudulento; enviar a otra cuenta añade riesgo."
215,2,Cinturón Amarillo,Una agricultora recibe una llamada sobre un saco de semillas que supuestamente necesita una tasa urgente. ¿Qué decisión corresponde en este contexto?,Usar el teléfono del mensaje como única verificación.,Introducir la tarjeta aunque no recuerdes haber comprado nada.,Confirmar el envío con el proveedor y la transportista antes de pagar esa tasa.,Pagar porque la cantidad es demasiado pequeña para una estafa.,2,Confirmar el envío con el proveedor y la transportista antes de pagar esa tasa. Un cobro pequeño puede servir para obtener datos de tarjeta; tener un paquete pendiente tampoco autentica el mensaje.
216,2,Cinturón Amarillo,"Un tendero acepta un servicio de inventario con descuento inicial, pero no sabe cuánto costará después. ¿Qué decisión corresponde en este contexto?",Ingresar una tarjeta ajena para probar sin revisar las condiciones. Las condiciones de cobro no importan si el anuncio usa letras grandes.,Aceptar porque la palabra «gratis» elimina cualquier cobro futuro.,Borrar luego la aplicación suponiendo que eso cancela todos los pagos.,Pedir el precio de renovación y las condiciones por un canal verificable antes de contratar.,3,Pedir el precio de renovación y las condiciones por un canal verificable antes de contratar. Una prueba puede convertirse en una suscripción; aceptar sin leer puede autorizar pagos recurrentes.
217,2,Cinturón Amarillo,Un agricultor usa una tableta prestada para revisar una cuenta y nota que guarda automáticamente los accesos. ¿Qué decisión corresponde en este contexto?,Guardar la clave porque usarás el mismo local otra vez. El modo privado elimina cualquier programa que pueda registrar lo que escribes.,Cerrar solo la pestaña y dejar la sesión abierta.,Evitar introducir la clave allí y buscar su equipo o una alternativa de asistencia que no exponga el secreto.,Confiar en que el modo privado vuelve confiable cualquier computadora.,2,"Evitar introducir la clave allí y buscar su equipo o una alternativa de asistencia que no exponga el secreto. En un equipo compartido pueden quedar sesiones o datos guardados, y no sabes qué programas tiene instalados."
218,2,Cinturón Amarillo,Una tendera hace una videollamada familiar y necesita abrir la banca mientras comparte toda la pantalla. ¿Qué decisión corresponde en este contexto?,Aprobar las operaciones que señale el asesor para terminar rápido.,Compartir porque no dirás la clave en voz alta.,Dejar de compartir antes de abrir la banca o recibir códigos de acceso.,Mostrar también los avisos de códigos para que el asesor revise todo.,2,"Dejar de compartir antes de abrir la banca o recibir códigos de acceso. Compartir pantalla puede mostrar saldos, datos y códigos; no dictar la clave no elimina esa exposición."
219,2,Cinturón Amarillo,Un agricultor recibe un enlace acortado para un trámite que no permite ver claramente el destino. ¿Qué decisión corresponde en este contexto?,Confiar porque el nombre del banco aparece en alguna parte del enlace.,Acceder al trámite desde el portal oficial conocido en lugar de usar el enlace oculto.,Escribir la contraseña para comprobar si la página reconoce tu cuenta.,Aceptar si la dirección empieza por «seguridad».,1,Acceder al trámite desde el portal oficial conocido en lugar de usar el enlace oculto. Un parecido visual no demuestra que una dirección pertenezca a la entidad que buscas.
220,2,Cinturón Amarillo,Una asociación agrícola quiere que una persona registre ventas y otra autorice pagos. ¿Qué decisión corresponde en este contexto?,Compartir la clave del dueño para evitar configurar usuarios.,Enviar por chat el código de acceso cada vez que alguien lo pida. Quien consulta pedidos necesita necesariamente permiso para transferir dinero.,Mantener acceso completo a quien ya no trabaja allí por si regresa.,Configurar funciones separadas y una revisión de pagos acorde con las opciones del sistema.,3,Configurar funciones separadas y una revisión de pagos acorde con las opciones del sistema. Separar usuarios y permisos reduce errores y limita lo que puede hacer una cuenta expuesta.
221,2,Cinturón Amarillo,Una secretaria escribió su clave bancaria en la página del reembolso y después recibió un código de operación. ¿Qué debe hacer ahora la persona afectada?,Entrar desde el enlace porque el diseño es idéntico. Una página idéntica tiene necesariamente el mismo propietario.,No compartir ni aprobar el código y contactar al banco para proteger el acceso comprometido.,Probar primero con la clave anterior en la página recibida. Escribir una clave antigua confirma si una página es oficial.,Enviar una foto de la tarjeta al remitente para confirmar el reembolso.,1,"No compartir ni aprobar el código y contactar al banco para proteger el acceso comprometido. Entrar por una ruta conocida evita depender de la dirección que te entrega un posible impostor. Una ruta conocida reduce el riesgo de páginas falsas, pero sigue siendo necesario revisar cada operación."
222,2,Cinturón Amarillo,"Una cocinera pagó en una tienda con HTTPS, el pedido no llegó y el vendedor desapareció. ¿Qué debe hacer ahora la persona afectada?",Ignorar las condiciones de devolución si la conexión es cifrada. El símbolo del candado sustituye la revisión del comercio.,Entregar la contraseña del correo porque aparece un candado. Una conexión cifrada impide que el dueño de una página falsa lea los datos que le entregas.,Comprar porque HTTPS certifica que el vendedor es honesto. HTTPS garantiza que un producto será entregado.,Guardar la compra y contactar al medio de pago para consultar el reclamo disponible.,3,"Guardar la compra y contactar al medio de pago para consultar el reclamo disponible. HTTPS significa Protocolo Seguro de Transferencia de Hipertexto: protege los datos en su viaje al sitio, no la honestidad de quien lo administra. Los navegadores pueden mostrar iconos distintos; lo esencial es una conexión segura y un destino legítimo. HTTPS: Protocolo Seguro de Transferencia de Hipertexto (Hypertext Transfer Protocol Secure): cifra la comunicación con una página; no certifica la honestidad de su dueño."
223,2,Cinturón Amarillo,Una tendera aceptó instalar un perfil desconocido para usar una red gratuita y ahora ve avisos extraños. ¿Qué debe hacer ahora la persona afectada?,Desconectarse y pedir ayuda confiable para revisar y retirar la configuración desconocida antes de usar cuentas sensibles.,Instalarlo porque una red gratuita necesita todos esos permisos.,Ignorar un aviso de certificado para que abra la banca. Todas las redes gratuitas requieren instalar un certificado o una aplicación desconocida.,Elegir la red con señal más fuerte como única comprobación. La señal más fuerte identifica a la red oficial.,0,Desconectarse y pedir ayuda confiable para revisar y retirar la configuración desconocida antes de usar cuentas sensibles. Un nombre de red puede imitarse y una solicitud de instalación inesperada merece detenerse y verificar. Una red pública no anula automáticamente el cifrado; usar datos móviles tampoco protege de una página falsa.
224,2,Cinturón Amarillo,Una secretaria ignoró el aviso e introdujo su contraseña bancaria en esa conexión. ¿Qué debe hacer ahora la persona afectada?,Contactar al banco por otra vía confiable e informar de la posible exposición de la clave.,Desactivar los avisos del navegador de forma permanente.,Enviar la clave por correo mientras se arregla la página.,Continuar porque la página carga si pulsas «avanzado». Toda advertencia de conexión es un anuncio sin importancia.,0,Contactar al banco por otra vía confiable e informar de la posible exposición de la clave. El aviso significa que la conexión no pudo validarse; saltarlo elimina una protección útil. Un aviso puede deberse a una mala configuración y no prueba por sí solo un ataque; conviene resolverlo antes de enviar datos.
225,2,Cinturón Amarillo,Un cocinero recibe una petición para aprobar un inicio de sesión que no hizo. ¿Qué debe hacer ahora la persona afectada?,Desactivarla porque una clave larga hace innecesaria toda otra protección. MFA significa usar la misma contraseña dos veces.,Rechazar la aprobación y revisar la seguridad de la cuenta por su aplicación oficial.,Enviar los códigos a un grupo para encontrarlos fácilmente. Tener dos preguntas sobre tu nombre equivale siempre a dos factores independientes.,Compartir la aprobación de acceso con quien diga ser soporte.,1,"Rechazar la aprobación y revisar la seguridad de la cuenta por su aplicación oficial. La autenticación multifactor, o MFA por sus siglas en inglés, añade pruebas de identidad de distintos tipos; 2FA es autenticación de dos factores. No todos los métodos ofrecen la misma resistencia al engaño; una segunda prueba mejora la protección sin hacerla absoluta. MFA: Autenticación multifactor (Multi-Factor Authentication): comprobación con factores de distintos tipos, como algo que sabes y algo que tienes. 2FA: Autenticación de dos factores (Two-Factor Authentication): utiliza dos factores de tipos distintos. No basta escribir dos veces una contraseña."
226,2,Cinturón Amarillo,Una secretaria aprobó una solicitud desconocida y ahora recibe avisos de cambios en su correo. ¿Qué debe hacer ahora la persona afectada?,"Recuperar el control desde el servicio oficial, cambiar la clave y cerrar sesiones ajenas.",Dar el teléfono a quien llama para que apruebe por ti.,Aprobar una para que dejen de aparecer.,Confirmar la que llegue más tarde suponiendo que es la correcta.,0,"Recuperar el control desde el servicio oficial, cambiar la clave y cerrar sesiones ajenas. La insistencia puede buscar que autorices por cansancio una entrada ajena. Una solicitud inesperada no prueba por sí sola que la cuenta ya fue tomada, pero no debe aprobarse."
227,2,Cinturón Amarillo,Un chofer envió por error los códigos de recuperación a un chat de trabajo. ¿Qué debe hacer ahora la persona afectada?,Borrarlos sin preparar otra forma de recuperar la cuenta.,Publicarlos en un álbum compartido para tener acceso desde cualquier sitio. Un código de recuperación sirve solo como recordatorio y no da acceso.,"Generar códigos nuevos o revocar los expuestos desde el servicio oficial, según sus opciones.",Entregarlos al técnico que configuró el teléfono. Los códigos de recuperación son seguros aunque se publiquen.,2,"Generar códigos nuevos o revocar los expuestos desde el servicio oficial, según sus opciones. Esos códigos pueden permitir recuperar el acceso; quien los consiga podría utilizarlos en tu lugar. Las opciones cambian entre servicios; no se debe suponer que todos los códigos se usan igual o duran lo mismo."
228,2,Cinturón Amarillo,Una tendera envió el pago a una cuenta equivocada tras copiar datos de un mensaje. ¿Qué debe hacer ahora la persona afectada?,Contactar rápidamente al banco para informar el error y consultar las opciones de gestión.,Ignorar el destinatario porque el valor es correcto.,Aprobar porque el número de cuenta fue copiado del último mensaje. Copiar y pegar garantiza que el destinatario sea el correcto.,Enviar primero todo el monto y reclamar si hay un error.,0,"Contactar rápidamente al banco para informar el error y consultar las opciones de gestión. La confirmación final permite detectar un receptor o importe equivocado antes de autorizar el envío. Reportar rápido puede ayudar, pero una transferencia autorizada no siempre puede revertirse."
229,2,Cinturón Amarillo,"Una cocinera ve un cargo pequeño que no recuerda, aunque no recibió ninguna notificación. ¿Qué debe hacer ahora la persona afectada?",Comprobar el detalle con el banco y reportarlo si no lo reconoce.,Desactivar todos los avisos porque cualquiera podría ser una estafa. Todas las alertas bancarias llegan siempre en el mismo segundo.,Confiar solo en que el saldo final del mes se parezca al esperado.,Usar únicamente los mensajes del banco sin consultar la cuenta.,0,"Comprobar el detalle con el banco y reportarlo si no lo reconoce. Los avisos ayudan a detectar actividad, pero pueden retrasarse o no cubrir todas las operaciones. Un aviso es una señal para comprobar; su ausencia tampoco demuestra que todo esté bien."
230,2,Cinturón Amarillo,Una secretaria mandó la foto de su tarjeta a un contacto que dejó de responder. ¿Qué debe hacer ahora la persona afectada?,Tapar solo el nombre y enviar visibles todos los números. Un mensaje temporal impide capturar los datos de una tarjeta.,Contactar de inmediato al emisor para bloquear o reemplazar la tarjeta y reportar la exposición.,Enviar las fotos si el vendedor promete borrarlas.,Mandarlas en un mensaje temporal pensando que no puede copiarse. Tapar el nombre protege todos los demás datos de pago.,1,"Contactar de inmediato al emisor para bloquear o reemplazar la tarjeta y reportar la exposición. Las fotos pueden exponer número, vencimiento y código de seguridad, datos utilizables en intentos de compra. El código de seguridad de la tarjeta no es lo mismo que un código temporal para aprobar una operación; ambos deben cuidarse."
231,2,Cinturón Amarillo,Un agricultor transfirió a la supuesta cuenta segura y le piden ahora el resto de sus ahorros. ¿Qué debe hacer ahora la persona afectada?,Retirar efectivo y entregarlo al mensajero que ofrece la llamada. Entregar efectivo a un mensajero evita cualquier fraude bancario.,Hacer una transferencia pequeña y luego enviar el resto si no hay error.,Detener los envíos y reportar de inmediato al banco la transferencia y los datos del receptor.,Enviar el dinero porque la cuenta receptora fue dictada por un asesor.,2,Detener los envíos y reportar de inmediato al banco la transferencia y los datos del receptor. Mover dinero a una cuenta indicada por un desconocido puede ser justamente el objetivo del engaño. Que alguien conozca un movimiento reciente no demuestra que esté autorizado para dirigir tu dinero.
232,2,Cinturón Amarillo,Un soldador pagó fuera de la plataforma y el vendedor borró su perfil sin entregar la herramienta. ¿Qué debe hacer ahora la persona afectada?,Aceptar que una conversación en la plataforma conserva toda protección aunque pagues fuera.,Transferir fuera porque un descuento demuestra confianza. Todas las compras mantienen la misma protección sin importar dónde pagues.,Mandar datos de tarjeta por chat para no pagar comisiones.,"Guardar mensajes y pago, reportar al medio de pago y a la plataforma, y consultar las vías de reclamo.",3,"Guardar mensajes y pago, reportar al medio de pago y a la plataforma, y consultar las vías de reclamo. Pagar por fuera puede dejarte sin mecanismos de reclamo que dependen del proceso de la plataforma. La protección depende de condiciones, plazos y tipo de operación; ninguna etiqueta garantiza por sí sola una devolución."
233,2,Cinturón Amarillo,Una tendera pagó a la tienda y ahora le exigen más dinero para «desbloquear» el envío sin dar seguimiento verificable. ¿Qué debe hacer ahora la persona afectada?,Comprar porque el anuncio aparece como patrocinado.,"No enviar más y contactar al medio de pago, guardando anuncio, conversación y comprobante.",Confiar porque todas las reseñas tienen cinco estrellas.,Pagar si el vendedor manda una foto de una bodega. Una foto de una bodega acredita que el vendedor posee el producto.,1,"No enviar más y contactar al medio de pago, guardando anuncio, conversación y comprobante. Reseñas, fotos y anuncios pueden manipularse; varias comprobaciones independientes dan más información que una sola señal. Una tienda nueva no es automáticamente fraudulenta; la falta de datos verificables obliga a investigar antes de pagar."
234,2,Cinturón Amarillo,Una cocinera devolvió una supuesta diferencia y luego supo que el abono original no existía. ¿Qué debe hacer ahora la persona afectada?,Reportar la transferencia al banco y conservar los mensajes que originaron la devolución.,Gastar el dinero recibido porque ya aparece en pantalla. Todo dinero que llega por error puede gastarse sin revisar su origen.,Entregar la diferencia en efectivo antes de revisar el ingreso. Cambiar la cuenta de devolución nunca afecta una operación.,Devolver a la cuenta nueva usando como prueba su captura.,0,"Reportar la transferencia al banco y conservar los mensajes que originaron la devolución. Puede haber un comprobante falso, un error o dinero de origen fraudulento; enviar a otra cuenta añade riesgo. Que un ingreso aparezca no explica por sí solo su origen ni autoriza devolverlo a cualquier destinatario."
235,2,Cinturón Amarillo,Un chofer pagó el supuesto reenvío y la página le pidió varios códigos que no había solicitado. ¿Qué debe hacer ahora la persona afectada?,Pagar porque la cantidad es demasiado pequeña para una estafa.,Introducir la tarjeta aunque no recuerdes haber comprado nada. Esperar un paquete convierte en auténtico cualquier aviso de transporte.,Usar el teléfono del mensaje como única verificación.,No entregar códigos y contactar al emisor de la tarjeta para reportar la exposición y protegerla.,3,"No entregar códigos y contactar al emisor de la tarjeta para reportar la exposición y protegerla. Un cobro pequeño puede servir para obtener datos de tarjeta; tener un paquete pendiente tampoco autentica el mensaje. Puede haber cargos legítimos de envío o aduana; deben comprobarse por canales oficiales, no asumirse por el mensaje."
236,2,Cinturón Amarillo,Una cocinera borró una aplicación y sigue recibiendo cargos por una suscripción que no desea. ¿Qué debe hacer ahora la persona afectada?,Ingresar una tarjeta ajena para probar sin revisar las condiciones. Las condiciones de cobro no importan si el anuncio usa letras grandes.,"Revisar y cancelar la suscripción en el servicio o tienda que factura, y consultar el reclamo si procede.",Aceptar porque la palabra «gratis» elimina cualquier cobro futuro. Desinstalar una aplicación cancela siempre su suscripción.,Borrar luego la aplicación suponiendo que eso cancela todos los pagos. Una prueba gratuita nunca puede renovarse con cobro.,1,"Revisar y cancelar la suscripción en el servicio o tienda que factura, y consultar el reclamo si procede. Una prueba puede convertirse en una suscripción; aceptar sin leer puede autorizar pagos recurrentes. Un cobro recurrente no es automáticamente fraude: primero conviene comprobar qué se contrató y qué se autorizó."
237,2,Cinturón Amarillo,Una secretaria dejó abierto su correo en una computadora compartida del local de impresión. ¿Qué debe hacer ahora la persona afectada?,Confiar en que el modo privado vuelve confiable cualquier computadora.,Cerrar solo la pestaña y dejar la sesión abierta.,Guardar la clave porque usarás el mismo local otra vez. El modo privado elimina cualquier programa que pueda registrar lo que escribes.,Cerrar esa sesión desde un equipo confiable y revisar la seguridad de la cuenta.,3,"Cerrar esa sesión desde un equipo confiable y revisar la seguridad de la cuenta. En un equipo compartido pueden quedar sesiones o datos guardados, y no sabes qué programas tiene instalados. La navegación privada limita algunos rastros locales, pero no garantiza privacidad frente al dueño del equipo o programas instalados."
238,2,Cinturón Amarillo,Un soldador mostró su banca y aprobó una operación indicada por el supuesto asesor. ¿Qué debe hacer ahora la persona afectada?,Compartir porque no dirás la clave en voz alta.,Aprobar las operaciones que señale el asesor para terminar rápido.,Mostrar también los avisos de códigos para que el asesor revise todo.,Cortar la sesión y contactar de inmediato al banco para reportar la operación y proteger el acceso.,3,"Cortar la sesión y contactar de inmediato al banco para reportar la operación y proteger el acceso. Compartir pantalla puede mostrar saldos, datos y códigos; no dictar la clave no elimina esa exposición. Una herramienta de asistencia puede ser legítima y aun así ser utilizada por una persona que intenta engañarte."
239,2,Cinturón Amarillo,Una cocinera inició sesión en una dirección parecida y el sitio le mostró un error genérico. ¿Qué debe hacer ahora la persona afectada?,Escribir la contraseña para comprobar si la página reconoce tu cuenta.,Confiar porque el nombre del banco aparece en alguna parte del enlace. Poner el nombre de un banco en un enlace exige su autorización.,Aceptar si la dirección empieza por «seguridad». Las palabras «seguro» y «verificado» identifican al dueño de una web.,Tratar la clave como posiblemente expuesta y cambiarla desde el servicio oficial.,3,"Tratar la clave como posiblemente expuesta y cambiarla desde el servicio oficial. Un parecido visual no demuestra que una dirección pertenezca a la entidad que buscas. Una dirección correcta es una comprobación útil, pero el contenido de una cuenta o sitio comprometido también puede engañar."
240,2,Cinturón Amarillo,Una secretaria descubre que un antiguo colaborador conserva acceso al sistema de cobros. ¿Qué debe hacer ahora la persona afectada?,"Revocar ese acceso, revisar actividad y cambiar secretos que hayan sido compartidos.",Enviar por chat el código de acceso cada vez que alguien lo pida.,Mantener acceso completo a quien ya no trabaja allí por si regresa.,Compartir la clave del dueño para evitar configurar usuarios. Una contraseña compartida permite identificar siempre quién hizo cada operación.,0,"Revocar ese acceso, revisar actividad y cambiar secretos que hayan sido compartidos. Separar usuarios y permisos reduce errores y limita lo que puede hacer una cuenta expuesta. No todos los servicios ofrecen varios usuarios; si no existen, hay que acordar un procedimiento que evite compartir secretos sin control."
241,2,Cinturón Amarillo,Una secretaria escribió su clave bancaria en la página del reembolso y después recibió un código de operación. Ya se ha iniciado esta medida: «No compartir ni aprobar el código y contactar al banco para proteger el acceso comprometido.» ¿Qué comprobación o seguimiento conviene realizar?,"Revisar con el banco movimientos, dispositivos autorizados y cambios de seguridad.","Dar por cerrado el incidente al completar una sola medida, sin revisar sus resultados.","Borrar mensajes y comprobantes antes de revisar si hubo otros accesos, cambios o consecuencias.","Confiar únicamente en que no aparezcan nuevos avisos, sin comprobar el estado de los accesos o datos afectados.",0,"Revisar con el banco movimientos, dispositivos autorizados y cambios de seguridad. Entrar por una ruta conocida evita depender de la dirección que te entrega un posible impostor. Una ruta conocida reduce el riesgo de páginas falsas, pero sigue siendo necesario revisar cada operación."
242,2,Cinturón Amarillo,"Una cocinera pagó en una tienda con HTTPS, el pedido no llegó y el vendedor desapareció. Ya se ha iniciado esta medida: «Guardar la compra y contactar al medio de pago para consultar el reclamo disponible.» ¿Qué comprobación o seguimiento conviene realizar?","Borrar mensajes y comprobantes antes de revisar si hubo otros accesos, cambios o consecuencias.","Confiar únicamente en que no aparezcan nuevos avisos, sin comprobar el estado de los accesos o datos afectados.","Dar por cerrado el incidente al completar una sola medida, sin revisar sus resultados.",Revisar el estado del reclamo y posibles cargos adicionales sin suponer que el cifrado garantiza devolución.,3,"Revisar el estado del reclamo y posibles cargos adicionales sin suponer que el cifrado garantiza devolución. HTTPS significa Protocolo Seguro de Transferencia de Hipertexto: protege los datos en su viaje al sitio, no la honestidad de quien lo administra. Los navegadores pueden mostrar iconos distintos; lo esencial es una conexión segura y un destino legítimo. HTTPS: Protocolo Seguro de Transferencia de Hipertexto (Hypertext Transfer Protocol Secure): cifra la comunicación con una página; no certifica la honestidad de su dueño."
243,2,Cinturón Amarillo,Una tendera aceptó instalar un perfil desconocido para usar una red gratuita y ahora ve avisos extraños. Ya se ha iniciado esta medida: «Desconectarse y pedir ayuda confiable para revisar y retirar la configuración desconocida antes de usar cuentas sensibles.» ¿Qué comprobación o seguimiento conviene realizar?,"Borrar mensajes y comprobantes antes de revisar si hubo otros accesos, cambios o consecuencias.","Dar por cerrado el incidente al completar una sola medida, sin revisar sus resultados.","Confiar únicamente en que no aparezcan nuevos avisos, sin comprobar el estado de los accesos o datos afectados.",Comprobar que no queden perfiles o permisos desconocidos y que las conexiones ya no muestren advertencias.,3,Comprobar que no queden perfiles o permisos desconocidos y que las conexiones ya no muestren advertencias. Un nombre de red puede imitarse y una solicitud de instalación inesperada merece detenerse y verificar. Una red pública no anula automáticamente el cifrado; usar datos móviles tampoco protege de una página falsa.
244,2,Cinturón Amarillo,Una secretaria ignoró el aviso e introdujo su contraseña bancaria en esa conexión. Ya se ha iniciado esta medida: «Contactar al banco por otra vía confiable e informar de la posible exposición de la clave.» ¿Qué comprobación o seguimiento conviene realizar?,"Dar por cerrado el incidente al completar una sola medida, sin revisar sus resultados.","Confiar únicamente en que no aparezcan nuevos avisos, sin comprobar el estado de los accesos o datos afectados.",Cambiar la clave según el canal oficial y revisar movimientos y accesos.,"Borrar mensajes y comprobantes antes de revisar si hubo otros accesos, cambios o consecuencias.",2,Cambiar la clave según el canal oficial y revisar movimientos y accesos. El aviso significa que la conexión no pudo validarse; saltarlo elimina una protección útil. Un aviso puede deberse a una mala configuración y no prueba por sí solo un ataque; conviene resolverlo antes de enviar datos.
245,2,Cinturón Amarillo,Un cocinero recibe una petición para aprobar un inicio de sesión que no hizo. Ya se ha iniciado esta medida: «Rechazar la aprobación y revisar la seguridad de la cuenta por su aplicación oficial.» ¿Qué comprobación o seguimiento conviene realizar?,"Dar por cerrado el incidente al completar una sola medida, sin revisar sus resultados.","Borrar mensajes y comprobantes antes de revisar si hubo otros accesos, cambios o consecuencias.","Confiar únicamente en que no aparezcan nuevos avisos, sin comprobar el estado de los accesos o datos afectados.","Comprobar accesos, cambiar la clave si corresponde y revisar los métodos de recuperación.",3,"Comprobar accesos, cambiar la clave si corresponde y revisar los métodos de recuperación. La autenticación multifactor, o MFA por sus siglas en inglés, añade pruebas de identidad de distintos tipos; 2FA es autenticación de dos factores. No todos los métodos ofrecen la misma resistencia al engaño; una segunda prueba mejora la protección sin hacerla absoluta. MFA: Autenticación multifactor (Multi-Factor Authentication): comprobación con factores de distintos tipos, como algo que sabes y algo que tienes. 2FA: Autenticación de dos factores (Two-Factor Authentication): utiliza dos factores de tipos distintos. No basta escribir dos veces una contraseña."
246,2,Cinturón Amarillo,"Una secretaria aprobó una solicitud desconocida y ahora recibe avisos de cambios en su correo. Ya se ha iniciado esta medida: «Recuperar el control desde el servicio oficial, cambiar la clave y cerrar sesiones ajenas.» ¿Qué comprobación o seguimiento conviene realizar?","Dar por cerrado el incidente al completar una sola medida, sin revisar sus resultados.","Borrar mensajes y comprobantes antes de revisar si hubo otros accesos, cambios o consecuencias.","Confiar únicamente en que no aparezcan nuevos avisos, sin comprobar el estado de los accesos o datos afectados.","Revisar datos de recuperación, reglas de correo y accesos autorizados.",3,"Revisar datos de recuperación, reglas de correo y accesos autorizados. La insistencia puede buscar que autorices por cansancio una entrada ajena. Una solicitud inesperada no prueba por sí sola que la cuenta ya fue tomada, pero no debe aprobarse."
247,2,Cinturón Amarillo,"Un chofer envió por error los códigos de recuperación a un chat de trabajo. Ya se ha iniciado esta medida: «Generar códigos nuevos o revocar los expuestos desde el servicio oficial, según sus opciones.» ¿Qué comprobación o seguimiento conviene realizar?","Dar por cerrado el incidente al completar una sola medida, sin revisar sus resultados.",Confirmar que la nueva copia está guardada y revisar accesos recientes.,"Confiar únicamente en que no aparezcan nuevos avisos, sin comprobar el estado de los accesos o datos afectados.","Borrar mensajes y comprobantes antes de revisar si hubo otros accesos, cambios o consecuencias.",1,Confirmar que la nueva copia está guardada y revisar accesos recientes. Esos códigos pueden permitir recuperar el acceso; quien los consiga podría utilizarlos en tu lugar. Las opciones cambian entre servicios; no se debe suponer que todos los códigos se usan igual o duran lo mismo.
248,2,Cinturón Amarillo,Una tendera envió el pago a una cuenta equivocada tras copiar datos de un mensaje. Ya se ha iniciado esta medida: «Contactar rápidamente al banco para informar el error y consultar las opciones de gestión.» ¿Qué comprobación o seguimiento conviene realizar?,Guardar el comprobante y el número del reporte sin dar por garantizada la recuperación.,"Dar por cerrado el incidente al completar una sola medida, sin revisar sus resultados.","Confiar únicamente en que no aparezcan nuevos avisos, sin comprobar el estado de los accesos o datos afectados.","Borrar mensajes y comprobantes antes de revisar si hubo otros accesos, cambios o consecuencias.",0,"Guardar el comprobante y el número del reporte sin dar por garantizada la recuperación. La confirmación final permite detectar un receptor o importe equivocado antes de autorizar el envío. Reportar rápido puede ayudar, pero una transferencia autorizada no siempre puede revertirse."
249,2,Cinturón Amarillo,"Una cocinera ve un cargo pequeño que no recuerda, aunque no recibió ninguna notificación. Ya se ha iniciado esta medida: «Comprobar el detalle con el banco y reportarlo si no lo reconoce.» ¿Qué comprobación o seguimiento conviene realizar?",Revisar otros movimientos y el estado de las alertas sin ignorar importes pequeños.,"Confiar únicamente en que no aparezcan nuevos avisos, sin comprobar el estado de los accesos o datos afectados.","Dar por cerrado el incidente al completar una sola medida, sin revisar sus resultados.","Borrar mensajes y comprobantes antes de revisar si hubo otros accesos, cambios o consecuencias.",0,"Revisar otros movimientos y el estado de las alertas sin ignorar importes pequeños. Los avisos ayudan a detectar actividad, pero pueden retrasarse o no cubrir todas las operaciones. Un aviso es una señal para comprobar; su ausencia tampoco demuestra que todo esté bien."
250,2,Cinturón Amarillo,Una secretaria mandó la foto de su tarjeta a un contacto que dejó de responder. Ya se ha iniciado esta medida: «Contactar de inmediato al emisor para bloquear o reemplazar la tarjeta y reportar la exposición.» ¿Qué comprobación o seguimiento conviene realizar?,"Dar por cerrado el incidente al completar una sola medida, sin revisar sus resultados.","Confiar únicamente en que no aparezcan nuevos avisos, sin comprobar el estado de los accesos o datos afectados.",Revisar operaciones pendientes y nuevos cargos siguiendo las instrucciones del emisor.,"Borrar mensajes y comprobantes antes de revisar si hubo otros accesos, cambios o consecuencias.",2,"Revisar operaciones pendientes y nuevos cargos siguiendo las instrucciones del emisor. Las fotos pueden exponer número, vencimiento y código de seguridad, datos utilizables en intentos de compra. El código de seguridad de la tarjeta no es lo mismo que un código temporal para aprobar una operación; ambos deben cuidarse."
251,2,Cinturón Amarillo,Un agricultor transfirió a la supuesta cuenta segura y le piden ahora el resto de sus ahorros. Ya se ha iniciado esta medida: «Detener los envíos y reportar de inmediato al banco la transferencia y los datos del receptor.» ¿Qué comprobación o seguimiento conviene realizar?,"Conservar evidencia, seguir el reclamo y vigilar intentos de nuevos cobros.","Confiar únicamente en que no aparezcan nuevos avisos, sin comprobar el estado de los accesos o datos afectados.","Dar por cerrado el incidente al completar una sola medida, sin revisar sus resultados.","Borrar mensajes y comprobantes antes de revisar si hubo otros accesos, cambios o consecuencias.",0,"Conservar evidencia, seguir el reclamo y vigilar intentos de nuevos cobros. Mover dinero a una cuenta indicada por un desconocido puede ser justamente el objetivo del engaño. Que alguien conozca un movimiento reciente no demuestra que esté autorizado para dirigir tu dinero."
252,2,Cinturón Amarillo,"Un soldador pagó fuera de la plataforma y el vendedor borró su perfil sin entregar la herramienta. Ya se ha iniciado esta medida: «Guardar mensajes y pago, reportar al medio de pago y a la plataforma, y consultar las vías de reclamo.» ¿Qué comprobación o seguimiento conviene realizar?",Seguir los reportes sin asumir que la plataforma podrá devolver un pago hecho fuera de ella.,"Borrar mensajes y comprobantes antes de revisar si hubo otros accesos, cambios o consecuencias.","Confiar únicamente en que no aparezcan nuevos avisos, sin comprobar el estado de los accesos o datos afectados.","Dar por cerrado el incidente al completar una sola medida, sin revisar sus resultados.",0,"Seguir los reportes sin asumir que la plataforma podrá devolver un pago hecho fuera de ella. Pagar por fuera puede dejarte sin mecanismos de reclamo que dependen del proceso de la plataforma. La protección depende de condiciones, plazos y tipo de operación; ninguna etiqueta garantiza por sí sola una devolución."
253,2,Cinturón Amarillo,"Una tendera pagó a la tienda y ahora le exigen más dinero para «desbloquear» el envío sin dar seguimiento verificable. Ya se ha iniciado esta medida: «No enviar más y contactar al medio de pago, guardando anuncio, conversación y comprobante.» ¿Qué comprobación o seguimiento conviene realizar?",Revisar el reclamo y comprobar cualquier aviso de envío directamente con la transportista real.,"Borrar mensajes y comprobantes antes de revisar si hubo otros accesos, cambios o consecuencias.","Confiar únicamente en que no aparezcan nuevos avisos, sin comprobar el estado de los accesos o datos afectados.","Dar por cerrado el incidente al completar una sola medida, sin revisar sus resultados.",0,"Revisar el reclamo y comprobar cualquier aviso de envío directamente con la transportista real. Reseñas, fotos y anuncios pueden manipularse; varias comprobaciones independientes dan más información que una sola señal. Una tienda nueva no es automáticamente fraudulenta; la falta de datos verificables obliga a investigar antes de pagar."
254,2,Cinturón Amarillo,Una cocinera devolvió una supuesta diferencia y luego supo que el abono original no existía. Ya se ha iniciado esta medida: «Reportar la transferencia al banco y conservar los mensajes que originaron la devolución.» ¿Qué comprobación o seguimiento conviene realizar?,"Borrar mensajes y comprobantes antes de revisar si hubo otros accesos, cambios o consecuencias.","Dar por cerrado el incidente al completar una sola medida, sin revisar sus resultados.",Revisar la gestión del reporte y detener cualquier otro pago solicitado por ese contacto.,"Confiar únicamente en que no aparezcan nuevos avisos, sin comprobar el estado de los accesos o datos afectados.",2,"Revisar la gestión del reporte y detener cualquier otro pago solicitado por ese contacto. Puede haber un comprobante falso, un error o dinero de origen fraudulento; enviar a otra cuenta añade riesgo. Que un ingreso aparezca no explica por sí solo su origen ni autoriza devolverlo a cualquier destinatario."
255,2,Cinturón Amarillo,Un chofer pagó el supuesto reenvío y la página le pidió varios códigos que no había solicitado. Ya se ha iniciado esta medida: «No entregar códigos y contactar al emisor de la tarjeta para reportar la exposición y protegerla.» ¿Qué comprobación o seguimiento conviene realizar?,"Confiar únicamente en que no aparezcan nuevos avisos, sin comprobar el estado de los accesos o datos afectados.","Borrar mensajes y comprobantes antes de revisar si hubo otros accesos, cambios o consecuencias.","Dar por cerrado el incidente al completar una sola medida, sin revisar sus resultados.",Revisar cargos y consultar el estado real del paquete por el canal oficial.,3,"Revisar cargos y consultar el estado real del paquete por el canal oficial. Un cobro pequeño puede servir para obtener datos de tarjeta; tener un paquete pendiente tampoco autentica el mensaje. Puede haber cargos legítimos de envío o aduana; deben comprobarse por canales oficiales, no asumirse por el mensaje."
256,2,Cinturón Amarillo,"Una cocinera borró una aplicación y sigue recibiendo cargos por una suscripción que no desea. Ya se ha iniciado esta medida: «Revisar y cancelar la suscripción en el servicio o tienda que factura, y consultar el reclamo si procede.» ¿Qué comprobación o seguimiento conviene realizar?",Guardar la confirmación de cancelación y verificar los cargos siguientes.,"Borrar mensajes y comprobantes antes de revisar si hubo otros accesos, cambios o consecuencias.","Confiar únicamente en que no aparezcan nuevos avisos, sin comprobar el estado de los accesos o datos afectados.","Dar por cerrado el incidente al completar una sola medida, sin revisar sus resultados.",0,Guardar la confirmación de cancelación y verificar los cargos siguientes. Una prueba puede convertirse en una suscripción; aceptar sin leer puede autorizar pagos recurrentes. Un cobro recurrente no es automáticamente fraude: primero conviene comprobar qué se contrató y qué se autorizó.
257,2,Cinturón Amarillo,Una secretaria dejó abierto su correo en una computadora compartida del local de impresión. Ya se ha iniciado esta medida: «Cerrar esa sesión desde un equipo confiable y revisar la seguridad de la cuenta.» ¿Qué comprobación o seguimiento conviene realizar?,Comprobar accesos y cambiar la clave si pudo guardarse o quedar expuesta.,"Dar por cerrado el incidente al completar una sola medida, sin revisar sus resultados.","Confiar únicamente en que no aparezcan nuevos avisos, sin comprobar el estado de los accesos o datos afectados.","Borrar mensajes y comprobantes antes de revisar si hubo otros accesos, cambios o consecuencias.",0,"Comprobar accesos y cambiar la clave si pudo guardarse o quedar expuesta. En un equipo compartido pueden quedar sesiones o datos guardados, y no sabes qué programas tiene instalados. La navegación privada limita algunos rastros locales, pero no garantiza privacidad frente al dueño del equipo o programas instalados."
258,2,Cinturón Amarillo,Un soldador mostró su banca y aprobó una operación indicada por el supuesto asesor. Ya se ha iniciado esta medida: «Cortar la sesión y contactar de inmediato al banco para reportar la operación y proteger el acceso.» ¿Qué comprobación o seguimiento conviene realizar?,"Borrar mensajes y comprobantes antes de revisar si hubo otros accesos, cambios o consecuencias.","Confiar únicamente en que no aparezcan nuevos avisos, sin comprobar el estado de los accesos o datos afectados.",Revisar si instaló herramientas de acceso remoto y retirarlas con ayuda confiable si corresponde.,"Dar por cerrado el incidente al completar una sola medida, sin revisar sus resultados.",2,"Revisar si instaló herramientas de acceso remoto y retirarlas con ayuda confiable si corresponde. Compartir pantalla puede mostrar saldos, datos y códigos; no dictar la clave no elimina esa exposición. Una herramienta de asistencia puede ser legítima y aun así ser utilizada por una persona que intenta engañarte."
259,2,Cinturón Amarillo,Una cocinera inició sesión en una dirección parecida y el sitio le mostró un error genérico. Ya se ha iniciado esta medida: «Tratar la clave como posiblemente expuesta y cambiarla desde el servicio oficial.» ¿Qué comprobación o seguimiento conviene realizar?,Revisar accesos y otras cuentas donde hubiera usado la misma contraseña.,"Confiar únicamente en que no aparezcan nuevos avisos, sin comprobar el estado de los accesos o datos afectados.","Dar por cerrado el incidente al completar una sola medida, sin revisar sus resultados.","Borrar mensajes y comprobantes antes de revisar si hubo otros accesos, cambios o consecuencias.",0,"Revisar accesos y otras cuentas donde hubiera usado la misma contraseña. Un parecido visual no demuestra que una dirección pertenezca a la entidad que buscas. Una dirección correcta es una comprobación útil, pero el contenido de una cuenta o sitio comprometido también puede engañar."
260,2,Cinturón Amarillo,"Una secretaria descubre que un antiguo colaborador conserva acceso al sistema de cobros. Ya se ha iniciado esta medida: «Revocar ese acceso, revisar actividad y cambiar secretos que hayan sido compartidos.» ¿Qué comprobación o seguimiento conviene realizar?","Borrar mensajes y comprobantes antes de revisar si hubo otros accesos, cambios o consecuencias.",Confirmar que los usuarios actuales conservan solo los permisos de su función.,"Confiar únicamente en que no aparezcan nuevos avisos, sin comprobar el estado de los accesos o datos afectados.","Dar por cerrado el incidente al completar una sola medida, sin revisar sus resultados.",1,"Confirmar que los usuarios actuales conservan solo los permisos de su función. Separar usuarios y permisos reduce errores y limita lo que puede hacer una cuenta expuesta. No todos los servicios ofrecen varios usuarios; si no existen, hay que acordar un procedimiento que evite compartir secretos sin control."
261,2,Cinturón Amarillo,"Sobre «Entrar a la banca por una ruta conocida», ¿qué afirmación evita una falsa sensación de seguridad o una alarma innecesaria?",Un mensaje de reembolso no puede buscar que entregues dinero o datos. Una página idéntica tiene necesariamente el mismo propietario.,Una página idéntica tiene necesariamente el mismo propietario.,Escribir una clave antigua confirma si una página es oficial. Un mensaje de reembolso no puede buscar que entregues dinero o datos.,"Una ruta conocida reduce el riesgo de páginas falsas, pero sigue siendo necesario revisar cada operación.",3,"Entrar por una ruta conocida evita depender de la dirección que te entrega un posible impostor. Una ruta conocida reduce el riesgo de páginas falsas, pero sigue siendo necesario revisar cada operación."
262,2,Cinturón Amarillo,"Sobre «Lo que protege la conexión cifrada», ¿qué afirmación evita una falsa sensación de seguridad o una alarma innecesaria?",HTTPS garantiza que un producto será entregado. Una conexión cifrada impide que el dueño de una página falsa lea los datos que le entregas.,Una conexión cifrada impide que el dueño de una página falsa lea los datos que le entregas.,Los navegadores pueden mostrar iconos distintos; lo esencial es una conexión segura y un destino legítimo.,El símbolo del candado sustituye la revisión del comercio.,2,"HTTPS significa Protocolo Seguro de Transferencia de Hipertexto: protege los datos en su viaje al sitio, no la honestidad de quien lo administra. Los navegadores pueden mostrar iconos distintos; lo esencial es una conexión segura y un destino legítimo. HTTPS: Protocolo Seguro de Transferencia de Hipertexto (Hypertext Transfer Protocol Secure): cifra la comunicación con una página; no certifica la honestidad de su dueño."
263,2,Cinturón Amarillo,"Sobre «Redes públicas sin falsas alarmas», ¿qué afirmación evita una falsa sensación de seguridad o una alarma innecesaria?",Estar en una red pública hace visibles todas las contraseñas aunque la conexión esté cifrada correctamente.,Todas las redes gratuitas requieren instalar un certificado o una aplicación desconocida.,La señal más fuerte identifica a la red oficial.,Una red pública no anula automáticamente el cifrado; usar datos móviles tampoco protege de una página falsa.,3,Un nombre de red puede imitarse y una solicitud de instalación inesperada merece detenerse y verificar. Una red pública no anula automáticamente el cifrado; usar datos móviles tampoco protege de una página falsa.
264,2,Cinturón Amarillo,"Sobre «Advertencias del navegador», ¿qué afirmación evita una falsa sensación de seguridad o una alarma innecesaria?","Si puedes continuar manualmente, la página ya fue verificada.",Desactivar avisos corrige la causa de una conexión insegura.,Un aviso puede deberse a una mala configuración y no prueba por sí solo un ataque; conviene resolverlo antes de enviar datos.,"Toda advertencia de conexión es un anuncio sin importancia. Si puedes continuar manualmente, la página ya fue verificada.",2,El aviso significa que la conexión no pudo validarse; saltarlo elimina una protección útil. Un aviso puede deberse a una mala configuración y no prueba por sí solo un ataque; conviene resolverlo antes de enviar datos.
265,2,Cinturón Amarillo,"Sobre «Segunda comprobación de acceso», ¿qué afirmación evita una falsa sensación de seguridad o una alarma innecesaria?",No todos los métodos ofrecen la misma resistencia al engaño; una segunda prueba mejora la protección sin hacerla absoluta.,Tener dos preguntas sobre tu nombre equivale siempre a dos factores independientes.,Activar una segunda prueba vuelve seguros todos los enlaces que recibes. MFA significa usar la misma contraseña dos veces.,MFA significa usar la misma contraseña dos veces.,0,"La autenticación multifactor, o MFA por sus siglas en inglés, añade pruebas de identidad de distintos tipos; 2FA es autenticación de dos factores. No todos los métodos ofrecen la misma resistencia al engaño; una segunda prueba mejora la protección sin hacerla absoluta. MFA: Autenticación multifactor (Multi-Factor Authentication): comprobación con factores de distintos tipos, como algo que sabes y algo que tienes. 2FA: Autenticación de dos factores (Two-Factor Authentication): utiliza dos factores de tipos distintos. No basta escribir dos veces una contraseña."
266,2,Cinturón Amarillo,"Sobre «Avisos repetidos para aprobar acceso», ¿qué afirmación evita una falsa sensación de seguridad o una alarma innecesaria?","Una solicitud inesperada no prueba por sí sola que la cuenta ya fue tomada, pero no debe aprobarse.",Aprobar un acceso no solicitado solo elimina una notificación. La última solicitud recibida siempre corresponde al dueño de la cuenta.,La última solicitud recibida siempre corresponde al dueño de la cuenta.,Las peticiones repetidas demuestran que el soporte necesita entrar.,0,"La insistencia puede buscar que autorices por cansancio una entrada ajena. Una solicitud inesperada no prueba por sí sola que la cuenta ya fue tomada, pero no debe aprobarse."
267,2,Cinturón Amarillo,"Sobre «Códigos de recuperación», ¿qué afirmación evita una falsa sensación de seguridad o una alarma innecesaria?",Los códigos de recuperación son seguros aunque se publiquen.,Guardarlos únicamente en el teléfono perdido asegura que podrás recuperarlos. Un código de recuperación sirve solo como recordatorio y no da acceso.,Un código de recuperación sirve solo como recordatorio y no da acceso. Los códigos de recuperación son seguros aunque se publiquen.,Las opciones cambian entre servicios; no se debe suponer que todos los códigos se usan igual o duran lo mismo.,3,Esos códigos pueden permitir recuperar el acceso; quien los consiga podría utilizarlos en tu lugar. Las opciones cambian entre servicios; no se debe suponer que todos los códigos se usan igual o duran lo mismo.
268,2,Cinturón Amarillo,"Sobre «Revisar una transferencia antes de aprobar», ¿qué afirmación evita una falsa sensación de seguridad o una alarma innecesaria?",Un valor correcto vuelve irrelevante el nombre del destinatario. Copiar y pegar garantiza que el destinatario sea el correcto.,Una aplicación bancaria legítima comprueba por ti la honestidad del proveedor.,"Reportar rápido puede ayudar, pero una transferencia autorizada no siempre puede revertirse.",Copiar y pegar garantiza que el destinatario sea el correcto. Una aplicación bancaria legítima comprueba por ti la honestidad del proveedor.,2,"La confirmación final permite detectar un receptor o importe equivocado antes de autorizar el envío. Reportar rápido puede ayudar, pero una transferencia autorizada no siempre puede revertirse."
269,2,Cinturón Amarillo,"Sobre «Alertas y movimientos bancarios», ¿qué afirmación evita una falsa sensación de seguridad o una alarma innecesaria?",Un mensaje con el nombre del banco confirma por sí solo que hubo un cargo.,Un aviso es una señal para comprobar; su ausencia tampoco demuestra que todo esté bien.,"Si no llegó un aviso, ninguna operación pudo ocurrir.",Todas las alertas bancarias llegan siempre en el mismo segundo. Un mensaje con el nombre del banco confirma por sí solo que hubo un cargo.,1,"Los avisos ayudan a detectar actividad, pero pueden retrasarse o no cubrir todas las operaciones. Un aviso es una señal para comprobar; su ausencia tampoco demuestra que todo esté bien."
270,2,Cinturón Amarillo,"Sobre «Datos impresos de la tarjeta», ¿qué afirmación evita una falsa sensación de seguridad o una alarma innecesaria?",Tapar el nombre protege todos los demás datos de pago. Un mensaje temporal impide capturar los datos de una tarjeta.,Una factura necesita siempre la fotografía de ambas caras de la tarjeta.,Un mensaje temporal impide capturar los datos de una tarjeta.,El código de seguridad de la tarjeta no es lo mismo que un código temporal para aprobar una operación; ambos deben cuidarse.,3,"Las fotos pueden exponer número, vencimiento y código de seguridad, datos utilizables en intentos de compra. El código de seguridad de la tarjeta no es lo mismo que un código temporal para aprobar una operación; ambos deben cuidarse."
271,2,Cinturón Amarillo,"Sobre «Falsas cuentas seguras», ¿qué afirmación evita una falsa sensación de seguridad o una alarma innecesaria?",Entregar efectivo a un mensajero evita cualquier fraude bancario.,Una transferencia de prueba verifica que la cuenta pertenece al banco.,Que alguien conozca un movimiento reciente no demuestra que esté autorizado para dirigir tu dinero.,Una cuenta se vuelve segura cuando un supuesto asesor la llama así. Una transferencia de prueba verifica que la cuenta pertenece al banco.,2,Mover dinero a una cuenta indicada por un desconocido puede ser justamente el objetivo del engaño. Que alguien conozca un movimiento reciente no demuestra que esté autorizado para dirigir tu dinero.
272,2,Cinturón Amarillo,"Sobre «Compras con pago por fuera», ¿qué afirmación evita una falsa sensación de seguridad o una alarma innecesaria?",Un descuento garantiza que el vendedor cumplirá. El chat de una plataforma reemplaza sus condiciones de protección al comprador.,El chat de una plataforma reemplaza sus condiciones de protección al comprador.,"La protección depende de condiciones, plazos y tipo de operación; ninguna etiqueta garantiza por sí sola una devolución.",Todas las compras mantienen la misma protección sin importar dónde pagues.,2,"Pagar por fuera puede dejarte sin mecanismos de reclamo que dependen del proceso de la plataforma. La protección depende de condiciones, plazos y tipo de operación; ninguna etiqueta garantiza por sí sola una devolución."
273,2,Cinturón Amarillo,"Sobre «Revisar a un vendedor», ¿qué afirmación evita una falsa sensación de seguridad o una alarma innecesaria?",Una foto de una bodega acredita que el vendedor posee el producto.,Un anuncio pagado ha sido verificado como un negocio honesto. Una foto de una bodega acredita que el vendedor posee el producto.,Una tienda nueva no es automáticamente fraudulenta; la falta de datos verificables obliga a investigar antes de pagar.,Muchas estrellas sustituyen las condiciones de venta y devolución.,2,"Reseñas, fotos y anuncios pueden manipularse; varias comprobaciones independientes dan más información que una sola señal. Una tienda nueva no es automáticamente fraudulenta; la falta de datos verificables obliga a investigar antes de pagar."
274,2,Cinturón Amarillo,"Sobre «Devolución de dinero no comprobado», ¿qué afirmación evita una falsa sensación de seguridad o una alarma innecesaria?",Una captura basta para comprobar un sobrepago. Cambiar la cuenta de devolución nunca afecta una operación.,Cambiar la cuenta de devolución nunca afecta una operación.,Todo dinero que llega por error puede gastarse sin revisar su origen. Una captura basta para comprobar un sobrepago.,Que un ingreso aparezca no explica por sí solo su origen ni autoriza devolverlo a cualquier destinatario.,3,"Puede haber un comprobante falso, un error o dinero de origen fraudulento; enviar a otra cuenta añade riesgo. Que un ingreso aparezca no explica por sí solo su origen ni autoriza devolverlo a cualquier destinatario."
275,2,Cinturón Amarillo,"Sobre «Pagos para recibir paquetes», ¿qué afirmación evita una falsa sensación de seguridad o una alarma innecesaria?","Puede haber cargos legítimos de envío o aduana; deben comprobarse por canales oficiales, no asumirse por el mensaje.",Un número de seguimiento escrito en un mensaje garantiza que su enlace sea oficial. Los importes pequeños no interesan a los delincuentes.,Los importes pequeños no interesan a los delincuentes.,Esperar un paquete convierte en auténtico cualquier aviso de transporte.,0,"Un cobro pequeño puede servir para obtener datos de tarjeta; tener un paquete pendiente tampoco autentica el mensaje. Puede haber cargos legítimos de envío o aduana; deben comprobarse por canales oficiales, no asumirse por el mensaje."
276,2,Cinturón Amarillo,"Sobre «Suscripciones y pruebas gratuitas», ¿qué afirmación evita una falsa sensación de seguridad o una alarma innecesaria?",Las condiciones de cobro no importan si el anuncio usa letras grandes. Desinstalar una aplicación cancela siempre su suscripción.,Una prueba gratuita nunca puede renovarse con cobro. Las condiciones de cobro no importan si el anuncio usa letras grandes.,Un cobro recurrente no es automáticamente fraude: primero conviene comprobar qué se contrató y qué se autorizó.,Desinstalar una aplicación cancela siempre su suscripción.,2,Una prueba puede convertirse en una suscripción; aceptar sin leer puede autorizar pagos recurrentes. Un cobro recurrente no es automáticamente fraude: primero conviene comprobar qué se contrató y qué se autorizó.
277,2,Cinturón Amarillo,"Sobre «Computadoras compartidas», ¿qué afirmación evita una falsa sensación de seguridad o una alarma innecesaria?",Una contraseña guardada en un equipo público solo puede usarla quien la escribió.,"La navegación privada limita algunos rastros locales, pero no garantiza privacidad frente al dueño del equipo o programas instalados.",El modo privado elimina cualquier programa que pueda registrar lo que escribes.,Cerrar una pestaña equivale siempre a cerrar la sesión. Una contraseña guardada en un equipo público solo puede usarla quien la escribió.,1,"En un equipo compartido pueden quedar sesiones o datos guardados, y no sabes qué programas tiene instalados. La navegación privada limita algunos rastros locales, pero no garantiza privacidad frente al dueño del equipo o programas instalados."
278,2,Cinturón Amarillo,"Sobre «Compartir pantalla durante un pago», ¿qué afirmación evita una falsa sensación de seguridad o una alarma innecesaria?",Un código visible en pantalla deja de ser secreto únicamente si lo lees en voz alta.,Compartir pantalla solo transmite el fondo del teléfono.,Una herramienta de asistencia puede ser legítima y aun así ser utilizada por una persona que intenta engañarte.,Toda ayuda remota está autorizada por el banco si menciona su nombre. Compartir pantalla solo transmite el fondo del teléfono.,2,"Compartir pantalla puede mostrar saldos, datos y códigos; no dictar la clave no elimina esa exposición. Una herramienta de asistencia puede ser legítima y aun así ser utilizada por una persona que intenta engañarte."
279,2,Cinturón Amarillo,"Sobre «Direcciones parecidas», ¿qué afirmación evita una falsa sensación de seguridad o una alarma innecesaria?",Poner el nombre de un banco en un enlace exige su autorización.,"Una dirección correcta es una comprobación útil, pero el contenido de una cuenta o sitio comprometido también puede engañar.",Las palabras «seguro» y «verificado» identifican al dueño de una web.,Probar una contraseña es un método seguro para identificar una página.,1,"Un parecido visual no demuestra que una dirección pertenezca a la entidad que buscas. Una dirección correcta es una comprobación útil, pero el contenido de una cuenta o sitio comprometido también puede engañar."
280,2,Cinturón Amarillo,"Sobre «Separar el acceso del negocio», ¿qué afirmación evita una falsa sensación de seguridad o una alarma innecesaria?",Una contraseña compartida permite identificar siempre quién hizo cada operación.,Retirar un acceso impide conservar cualquier comprobante del negocio. Una contraseña compartida permite identificar siempre quién hizo cada operación.,"No todos los servicios ofrecen varios usuarios; si no existen, hay que acordar un procedimiento que evite compartir secretos sin control.",Quien consulta pedidos necesita necesariamente permiso para transferir dinero. Retirar un acceso impide conservar cualquier comprobante del negocio.,2,"Separar usuarios y permisos reduce errores y limita lo que puede hacer una cuenta expuesta. No todos los servicios ofrecen varios usuarios; si no existen, hay que acordar un procedimiento que evite compartir secretos sin control."
281,3,Cinturón Verde,Una página anuncia una actualización urgente del celular y ofrece un archivo para instalarla. ¿Qué idea conviene recordar para evaluar lo que ocurre?,La urgencia de una página demuestra que su archivo es necesario.,"Las actualizaciones corrigen fallos, pero un anuncio puede imitar ese proceso para distribuir un programa dañino.",Un equipo actualizado no puede recibir mensajes fraudulentos.,Cualquier archivo llamado «actualización» proviene del fabricante.,1,"Las actualizaciones corrigen fallos, pero un anuncio puede imitar ese proceso para distribuir un programa dañino. En la práctica: Cerrar la página y buscar actualizaciones desde los ajustes del equipo o su tienda oficial."
282,3,Cinturón Verde,Un enlace promete una aplicación de mensajería con funciones secretas y pide instalarla fuera de la tienda habitual. ¿Cuál es la explicación correcta sobre este riesgo?,La recomendación de un conocido sustituye la revisión del desarrollador. Probar una aplicación dudosa en otro teléfono elimina el riesgo para esa persona.,Una descarga no verificada puede ocultar funciones dañinas; que parezca funcionar no demuestra que cuide tus datos.,Una aplicación que abre correctamente no puede robar información. La recomendación de un conocido sustituye la revisión del desarrollador.,Probar una aplicación dudosa en otro teléfono elimina el riesgo para esa persona.,1,Una descarga no verificada puede ocultar funciones dañinas; que parezca funcionar no demuestra que cuide tus datos. En la práctica: No instalarla y buscar la aplicación oficial verificando quién la publica.
283,3,Cinturón Verde,Una calculadora pide acceso a tus contactos y mensajes sin explicar para qué los necesita. ¿Qué principio ayuda a decidir con más seguridad?,Un icono conocido demuestra que los permisos están justificados.,Conceder un permiso una sola vez impide copiar información.,Los permisos abren acceso a información o funciones; deben corresponder a la tarea que quieres realizar.,Todas las aplicaciones necesitan tus contactos para funcionar. Un icono conocido demuestra que los permisos están justificados.,2,Los permisos abren acceso a información o funciones; deben corresponder a la tarea que quieres realizar. En la práctica: Negar esos permisos y buscar una alternativa que no los requiera para calcular.
284,3,Cinturón Verde,Una aplicación para ver descuentos solicita usar el micrófono de forma permanente y no explica la función. ¿Qué explicación ayuda a entender esta situación?,El uso del micrófono por una aplicación autoriza a todas las demás. Poner el teléfono en silencio impide a cualquier aplicación usar el micrófono.,Una aplicación gratuita puede pedir cualquier permiso sin explicación. El uso del micrófono por una aplicación autoriza a todas las demás.,El micrófono puede captar audio; bajar el volumen del altavoz no controla ese permiso.,Poner el teléfono en silencio impide a cualquier aplicación usar el micrófono. Una aplicación gratuita puede pedir cualquier permiso sin explicación.,2,El micrófono puede captar audio; bajar el volumen del altavoz no controla ese permiso. En la práctica: Negar el permiso hasta entender su finalidad y buscar una opción menos invasiva.
285,3,Cinturón Verde,"Una aplicación de clima pide saber tu ubicación precisa todo el tiempo, aunque permite elegir la ciudad manualmente. ¿Qué idea conviene recordar para evaluar lo que ocurre?",Todas las aplicaciones necesitan seguir tu recorrido para funcionar.,Elegir una ciudad manualmente revela siempre tu dirección exacta. Todas las aplicaciones necesitan seguir tu recorrido para funcionar.,Cerrar la pantalla cancela por sí solo cualquier permiso de ubicación permanente. Elegir una ciudad manualmente revela siempre tu dirección exacta.,La ubicación precisa y continua puede revelar rutinas que no son necesarias para una consulta de clima.,3,La ubicación precisa y continua puede revelar rutinas que no son necesarias para una consulta de clima. En la práctica: Usar la ciudad manual o un permiso menos preciso y limitado al uso.
286,3,Cinturón Verde,Una aplicación para imprimir un archivo solicita ver toda tu galería cuando solo necesitas una factura. ¿Cuál es la explicación correcta sobre este riesgo?,Limitar el acceso reduce la información ajena a la tarea que queda expuesta.,Enviar más archivos de los necesarios mejora automáticamente la privacidad. Una factura exige acceso a todas las fotos personales.,Una factura exige acceso a todas las fotos personales.,Un enlace público solo puede abrirlo la persona a quien se lo mandas primero.,0,Limitar el acceso reduce la información ajena a la tarea que queda expuesta. En la práctica: Seleccionar únicamente el archivo necesario si existe esa opción.
287,3,Cinturón Verde,Una persona que te llamó sin aviso pide instalar una herramienta con la que podrá manejar tu computadora. ¿Qué principio ayuda a decidir con más seguridad?,El nombre conocido de una herramienta certifica a toda persona que la use.,Observar la pantalla impide que alguien copie datos. Un técnico necesita acceder a tu banca para revisar cualquier problema del equipo.,Una herramienta legítima puede permitir acciones peligrosas cuando se entrega el control a una persona no verificada.,Un técnico necesita acceder a tu banca para revisar cualquier problema del equipo. El nombre conocido de una herramienta certifica a toda persona que la use.,2,Una herramienta legítima puede permitir acciones peligrosas cuando se entrega el control a una persona no verificada. En la práctica: No conceder el acceso y verificar la asistencia con el soporte que conoces.
288,3,Cinturón Verde,En una computadora con Windows llega un adjunto llamado presupuesto.pdf.exe de un proveedor que no esperabas. ¿Qué explicación ayuda a entender esta situación?,Cambiar el nombre de un archivo modifica automáticamente su contenido. Todo archivo que contiene «pdf» en el nombre es un documento de lectura.,Desactivar la protección permite comprobar archivos sin riesgo.,Todo archivo que contiene «pdf» en el nombre es un documento de lectura.,La terminación .exe identifica un programa de Windows; incluir «pdf» en el nombre no lo convierte en un documento.,3,La terminación .exe identifica un programa de Windows; incluir «pdf» en el nombre no lo convierte en un documento. En la práctica: No ejecutarlo y confirmar el envío con el proveedor por un contacto conocido.
289,3,Cinturón Verde,Un mensaje ofrece una aplicación de bonos en un archivo APK y pide habilitar instalaciones desconocidas en Android. ¿Qué idea conviene recordar para evaluar lo que ocurre?,APK significa paquete de aplicación de Android; puede instalar una aplicación y no es solo una imagen o formulario.,Todos los APK son virus por el hecho de tener esa extensión.,Un archivo pequeño no puede contener instrucciones dañinas.,Los archivos enviados por mensajería ya fueron revisados por la entidad del bono. Todos los APK son virus por el hecho de tener esa extensión.,0,APK significa paquete de aplicación de Android; puede instalar una aplicación y no es solo una imagen o formulario. En la práctica: No instalarlo y consultar el bono en el canal oficial de la entidad. APK: Paquete de aplicación de Android (Android Package): archivo que permite instalar una aplicación de Android; su tipo no garantiza seguridad.
290,3,Cinturón Verde,Una página para consultar recetas pide permiso para enviarte notificaciones y luego promete avisos de premios. ¿Cuál es la explicación correcta sobre este riesgo?,Los sitios con permiso pueden enviar avisos que parecen del teléfono y usarlos para presentar engaños.,Toda notificación que aparece en el equipo proviene del fabricante.,Aparecer fuera de la página convierte una promoción en oficial.,Una web sin aplicación instalada no puede enviar avisos si le diste permiso. Aparecer fuera de la página convierte una promoción en oficial.,0,Los sitios con permiso pueden enviar avisos que parecen del teléfono y usarlos para presentar engaños. En la práctica: No permitirlas si no las necesitas y cerrar la oferta de premios no verificada.
291,3,Cinturón Verde,Una aplicación de descuentos pide activar un servicio de accesibilidad para leer la pantalla y pulsar botones por ti. ¿Qué principio ayuda a decidir con más seguridad?,"Algunos permisos de accesibilidad permiten observar o controlar acciones; son útiles, pero demasiado amplios para un descuento sin justificación.",Una palabra relacionada con ayuda certifica la intención de la aplicación.,Un permiso amplio no puede aprovecharse mientras se prueba una aplicación.,La accesibilidad solo cambia el tamaño de las letras en todos los casos.,0,"Algunos permisos de accesibilidad permiten observar o controlar acciones; son útiles, pero demasiado amplios para un descuento sin justificación. En la práctica: No conceder ese acceso si no existe una función necesaria y verificada que lo justifique."
292,3,Cinturón Verde,Tu teléfono se calienta y funciona lento después de muchas horas de uso; un anuncio afirma que eso demuestra espionaje. ¿Qué explicación ayuda a entender esta situación?,Un equipo lento siempre tiene un virus. Un equipo rápido no puede tener aplicaciones dañinas.,Un anuncio puede identificar la causa exacta solo porque viste su mensaje. Un equipo lento siempre tiene un virus.,Un equipo rápido no puede tener aplicaciones dañinas.,La lentitud o el calor tienen varias causas; por sí solos no identifican un programa espía.,3,"La lentitud o el calor tienen varias causas; por sí solos no identifican un programa espía. En la práctica: Revisar almacenamiento, aplicaciones y actualizaciones con herramientas conocidas antes de sacar conclusiones."
293,3,Cinturón Verde,Encuentras una memoria de almacenamiento con la etiqueta «sueldos» cerca del taller y te da curiosidad abrirla. ¿Qué idea conviene recordar para evaluar lo que ocurre?,Un dispositivo desconocido puede contener archivos dañinos o actuar de formas no esperadas al conectarlo.,Copiar archivos desconocidos antes de revisarlos garantiza su seguridad. Una etiqueta de documentos demuestra que solo contiene documentos.,Probarlo en otro equipo elimina el riesgo para todos.,Una etiqueta de documentos demuestra que solo contiene documentos. Probarlo en otro equipo elimina el riesgo para todos.,0,Un dispositivo desconocido puede contener archivos dañinos o actuar de formas no esperadas al conectarlo. En la práctica: No conectarla y entregarla al responsable del lugar o al soporte conocido.
294,3,Cinturón Verde,Todas las fotos y las cuentas del negocio están solo en un teléfono que llevas a diario al trabajo. ¿Cuál es la explicación correcta sobre este riesgo?,"Una copia en el mismo equipo puede perderse con el original si el equipo se rompe, se pierde o es robado.",Tener una copia vuelve imposible el robo de datos.,Dos carpetas en un teléfono equivalen a dos equipos independientes.,Un equipo nuevo no puede perderse ni fallar.,0,"Una copia en el mismo equipo puede perderse con el original si el equipo se rompe, se pierde o es robado. En la práctica: Preparar una copia de seguridad protegida en otro lugar y comprobar que incluya los archivos importantes."
295,3,Cinturón Verde,"Una carpeta se sincroniza entre tu computadora y la nube: al borrar un archivo, también desaparece del otro lado. ¿Qué principio ayuda a decidir con más seguridad?",Todo servicio conserva versiones durante el mismo plazo.,Sincronizar siempre conserva todos los archivos borrados para siempre.,La sincronización puede repetir borrados o daños; un respaldo debe permitir recuperar una versión útil.,La palabra «nube» garantiza una copia independiente del estado actual.,2,La sincronización puede repetir borrados o daños; un respaldo debe permitir recuperar una versión útil. En la práctica: Comprobar si el servicio conserva versiones o papelera y preparar una copia independiente cuando sea necesario.
296,3,Cinturón Verde,"La aplicación dice que hizo una copia hace meses, pero has añadido facturas y fotos desde entonces. ¿Qué explicación ayuda a entender esta situación?","Si un archivo aparece listado, siempre puede abrirse sin comprobarlo.",Toda copia se actualiza aunque no se haya configurado.,El nombre de la carpeta prueba que todos los documentos están respaldados. Toda copia se actualiza aunque no se haya configurado.,"Una copia antigua, incompleta o inaccesible puede no servir cuando la necesites.",3,"Una copia antigua, incompleta o inaccesible puede no servir cuando la necesites. En la práctica: Comprobar la fecha, el contenido y la posibilidad de recuperar una muestra de archivos."
297,3,Cinturón Verde,"Para enviar una factura, creas un enlace que permite a cualquiera ver toda la carpeta de clientes. ¿Qué idea conviene recordar para evaluar lo que ocurre?",Quien recibe un enlace abierto no puede reenviarlo.,Un enlace abierto puede circular fuera del destinatario inicial y exponer documentos de otras personas.,Dar permiso de edición es necesario para leer cualquier factura.,Una dirección larga funciona como una contraseña imposible de compartir.,1,Un enlace abierto puede circular fuera del destinatario inicial y exponer documentos de otras personas. En la práctica: Limitar el enlace al archivo y destinatario necesarios y revisar los permisos.
298,3,Cinturón Verde,En los ajustes de tu mensajería aparece una computadora vinculada que no reconoces. ¿Cuál es la explicación correcta sobre este riesgo?,"Un dispositivo vinculado puede tener acceso a mensajes según el servicio, aunque sigas usando tu teléfono.",Borrar una conversación cierra automáticamente todas las sesiones.,Que el teléfono funcione demuestra que no existe otro acceso.,Una cuenta solo puede usarse en un dispositivo en todos los servicios.,0,"Un dispositivo vinculado puede tener acceso a mensajes según el servicio, aunque sigas usando tu teléfono. En la práctica: Cerrar ese acceso y revisar la seguridad de la cuenta por la aplicación oficial."
299,3,Cinturón Verde,Vas a vender tu teléfono y piensas borrar únicamente las fotos visibles de la galería. ¿Qué principio ayuda a decidir con más seguridad?,Quitar un icono equivale siempre a borrar los datos y cerrar la cuenta. El comprador necesita tu contraseña personal para usar el teléfono con su propia cuenta.,El comprador necesita tu contraseña personal para usar el teléfono con su propia cuenta.,"Eliminar fotos o iconos no borra todas las cuentas, sesiones y datos del equipo.",Borrar las fotos visibles elimina todos los documentos y mensajes.,2,"Eliminar fotos o iconos no borra todas las cuentas, sesiones y datos del equipo. En la práctica: Hacer respaldo, transferir accesos necesarios y seguir el borrado y desvinculación indicados por el fabricante."
300,3,Cinturón Verde,Un taller pide todas tus contraseñas para cambiar la pantalla del teléfono. ¿Qué explicación ayuda a entender esta situación?,Los códigos de recuperación sirven para comprobar una pantalla.,Todos los arreglos requieren las contraseñas de todas las cuentas.,Un recibo de reparación impide que los datos queden expuestos.,Una reparación física no justifica por sí sola acceso a cuentas bancarias o al correo personal.,3,Una reparación física no justifica por sí sola acceso a cuentas bancarias o al correo personal. En la práctica: Preguntar qué acceso necesita realmente y buscar un servicio confiable con un procedimiento que proteja tus datos.
301,3,Cinturón Verde,Una página anuncia una actualización urgente del celular y ofrece un archivo para instalarla. ¿Cuál es la decisión más prudente?,Desactivar la protección si impide abrir la supuesta actualización.,Enviar la contraseña de la cuenta al anunciante para que actualice a distancia. La urgencia de una página demuestra que su archivo es necesario.,Instalar el archivo porque el aviso dice «obligatorio».,Cerrar la página y buscar actualizaciones desde los ajustes del equipo o su tienda oficial.,3,"Cerrar la página y buscar actualizaciones desde los ajustes del equipo o su tienda oficial. Las actualizaciones corrigen fallos, pero un anuncio puede imitar ese proceso para distribuir un programa dañino."
302,3,Cinturón Verde,Un enlace promete una aplicación de mensajería con funciones secretas y pide instalarla fuera de la tienda habitual. ¿Qué harías para cuidar tus datos o tu dinero?,Desactivar la restricción de instalaciones para probarla. La recomendación de un conocido sustituye la revisión del desarrollador.,Instalarla primero en el teléfono de un familiar para ver si funciona. Probar una aplicación dudosa en otro teléfono elimina el riesgo para esa persona.,Instalarla si la recomendó un contacto conocido.,No instalarla y buscar la aplicación oficial verificando quién la publica.,3,No instalarla y buscar la aplicación oficial verificando quién la publica. Una descarga no verificada puede ocultar funciones dañinas; que parezca funcionar no demuestra que cuide tus datos.
303,3,Cinturón Verde,Una calculadora pide acceso a tus contactos y mensajes sin explicar para qué los necesita. ¿Cuál es el siguiente paso más seguro?,Permitir el acceso solo una vez pensando que no puede copiar datos en ese momento. Todas las aplicaciones necesitan tus contactos para funcionar.,Negar esos permisos y buscar una alternativa que no los requiera para calcular.,Dar permiso porque la aplicación tiene un icono conocido.,Aceptar todo porque de otro modo ninguna aplicación funciona.,1,Negar esos permisos y buscar una alternativa que no los requiera para calcular. Los permisos abren acceso a información o funciones; deben corresponder a la tarea que quieres realizar.
304,3,Cinturón Verde,Una aplicación para ver descuentos solicita usar el micrófono de forma permanente y no explica la función. ¿Qué conviene hacer?,Aceptar pensando que apagar el volumen impide grabar.,Concederlo siempre porque la aplicación es gratuita.,Negar el permiso hasta entender su finalidad y buscar una opción menos invasiva.,Autorizarlo porque otras aplicaciones también usan el micrófono. El uso del micrófono por una aplicación autoriza a todas las demás.,2,Negar el permiso hasta entender su finalidad y buscar una opción menos invasiva. El micrófono puede captar audio; bajar el volumen del altavoz no controla ese permiso.
305,3,Cinturón Verde,"Una aplicación de clima pide saber tu ubicación precisa todo el tiempo, aunque permite elegir la ciudad manualmente. ¿Cuál es la decisión más prudente?",Compartir también tu recorrido diario en una red pública.,Aceptar ubicación permanente porque el pronóstico nunca funciona sin ella.,Usar la ciudad manual o un permiso menos preciso y limitado al uso.,Dejar el permiso activo para todas las aplicaciones por comodidad.,2,Usar la ciudad manual o un permiso menos preciso y limitado al uso. La ubicación precisa y continua puede revelar rutinas que no son necesarias para una consulta de clima.
306,3,Cinturón Verde,Una aplicación para imprimir un archivo solicita ver toda tu galería cuando solo necesitas una factura. ¿Qué harías para cuidar tus datos o tu dinero?,Enviar toda la galería al impresor para que busque el archivo.,Dar acceso total porque imprimir una factura requiere todas las fotos.,Seleccionar únicamente el archivo necesario si existe esa opción.,Usar una carpeta compartida públicamente para evitar seleccionar documentos.,2,Seleccionar únicamente el archivo necesario si existe esa opción. Limitar el acceso reduce la información ajena a la tarea que queda expuesta.
307,3,Cinturón Verde,Una persona que te llamó sin aviso pide instalar una herramienta con la que podrá manejar tu computadora. ¿Cuál es el siguiente paso más seguro?,Dejar al supuesto técnico operar mientras sales a trabajar.,Abrir la banca para que pruebe si el equipo ya funciona. Un técnico necesita acceder a tu banca para revisar cualquier problema del equipo.,Autorizarlo si la herramienta es de una marca reconocida.,No conceder el acceso y verificar la asistencia con el soporte que conoces.,3,No conceder el acceso y verificar la asistencia con el soporte que conoces. Una herramienta legítima puede permitir acciones peligrosas cuando se entrega el control a una persona no verificada.
308,3,Cinturón Verde,En una computadora con Windows llega un adjunto llamado presupuesto.pdf.exe de un proveedor que no esperabas. ¿Qué conviene hacer?,Desactivar la protección que impide ejecutarlo.,Cambiarle el nombre y abrirlo suponiendo que así será un documento. Todo archivo que contiene «pdf» en el nombre es un documento de lectura.,Abrirlo porque el nombre incluye «pdf».,No ejecutarlo y confirmar el envío con el proveedor por un contacto conocido.,3,No ejecutarlo y confirmar el envío con el proveedor por un contacto conocido. La terminación .exe identifica un programa de Windows; incluir «pdf» en el nombre no lo convierte en un documento.
309,3,Cinturón Verde,Un mensaje ofrece una aplicación de bonos en un archivo APK y pide habilitar instalaciones desconocidas en Android. ¿Cuál es la decisión más prudente?,No instalarlo y consultar el bono en el canal oficial de la entidad.,Aceptar todos los avisos hasta ver si aparece el bono.,Instalarlo si ocupa poco espacio.,Habilitar la instalación porque el archivo llegó por mensajería. Un archivo pequeño no puede contener instrucciones dañinas.,0,No instalarlo y consultar el bono en el canal oficial de la entidad. APK significa paquete de aplicación de Android; puede instalar una aplicación y no es solo una imagen o formulario. APK: Paquete de aplicación de Android (Android Package): archivo que permite instalar una aplicación de Android; su tipo no garantiza seguridad.
310,3,Cinturón Verde,Una página para consultar recetas pide permiso para enviarte notificaciones y luego promete avisos de premios. ¿Qué harías para cuidar tus datos o tu dinero?,Pulsar «permitir» en todos los sitios para evitar que vuelvan a preguntar.,Confiar en cualquier aviso posterior porque aparecerá en el teléfono.,No permitirlas si no las necesitas y cerrar la oferta de premios no verificada.,Aceptar notificaciones porque no equivalen a instalar una aplicación.,2,No permitirlas si no las necesitas y cerrar la oferta de premios no verificada. Los sitios con permiso pueden enviar avisos que parecen del teléfono y usarlos para presentar engaños.
311,3,Cinturón Verde,Una aplicación de descuentos pide activar un servicio de accesibilidad para leer la pantalla y pulsar botones por ti. ¿Cuál es el siguiente paso más seguro?,No conceder ese acceso si no existe una función necesaria y verificada que lo justifique.,Aceptar para probar la promoción y retirarlo después. Un permiso amplio no puede aprovecharse mientras se prueba una aplicación.,Desactivar advertencias para terminar la configuración más rápido.,Activarlo porque el nombre «accesibilidad» garantiza seguridad.,0,"No conceder ese acceso si no existe una función necesaria y verificada que lo justifique. Algunos permisos de accesibilidad permiten observar o controlar acciones; son útiles, pero demasiado amplios para un descuento sin justificación."
312,3,Cinturón Verde,Tu teléfono se calienta y funciona lento después de muchas horas de uso; un anuncio afirma que eso demuestra espionaje. ¿Qué conviene hacer?,Declarar que todas tus cuentas fueron robadas solo por la lentitud.,"Revisar almacenamiento, aplicaciones y actualizaciones con herramientas conocidas antes de sacar conclusiones.",Entregar el control remoto al anunciante para que haga un diagnóstico gratuito.,Comprar el limpiador del anuncio para resolver el supuesto espionaje. Un equipo lento siempre tiene un virus.,1,"Revisar almacenamiento, aplicaciones y actualizaciones con herramientas conocidas antes de sacar conclusiones. La lentitud o el calor tienen varias causas; por sí solos no identifican un programa espía."
313,3,Cinturón Verde,Encuentras una memoria de almacenamiento con la etiqueta «sueldos» cerca del taller y te da curiosidad abrirla. ¿Cuál es la decisión más prudente?,Conectarla al equipo de un compañero como prueba.,No conectarla y entregarla al responsable del lugar o al soporte conocido.,Copiar primero todos sus archivos por si se pierde información.,Abrirla en la computadora del negocio para identificar al dueño. Una etiqueta de documentos demuestra que solo contiene documentos.,1,No conectarla y entregarla al responsable del lugar o al soporte conocido. Un dispositivo desconocido puede contener archivos dañinos o actuar de formas no esperadas al conectarlo.
314,3,Cinturón Verde,Todas las fotos y las cuentas del negocio están solo en un teléfono que llevas a diario al trabajo. ¿Qué harías para cuidar tus datos o tu dinero?,Crear una segunda carpeta dentro del mismo teléfono como única copia. Dos carpetas en un teléfono equivalen a dos equipos independientes.,Preparar una copia de seguridad protegida en otro lugar y comprobar que incluya los archivos importantes.,Enviar todo a un grupo público para no perderlo. Un equipo nuevo no puede perderse ni fallar.,Confiar en que el teléfono no se dañará porque es nuevo.,1,"Preparar una copia de seguridad protegida en otro lugar y comprobar que incluya los archivos importantes. Una copia en el mismo equipo puede perderse con el original si el equipo se rompe, se pierde o es robado."
315,3,Cinturón Verde,"Una carpeta se sincroniza entre tu computadora y la nube: al borrar un archivo, también desaparece del otro lado. ¿Cuál es el siguiente paso más seguro?",Dejar de hacer copias adicionales sin comprobar cómo funciona el servicio.,Vaciar la papelera sin revisar porque el archivo está «en la nube».,Suponer que dos pantallas con el mismo archivo equivalen siempre a un respaldo independiente.,Comprobar si el servicio conserva versiones o papelera y preparar una copia independiente cuando sea necesario.,3,Comprobar si el servicio conserva versiones o papelera y preparar una copia independiente cuando sea necesario. La sincronización puede repetir borrados o daños; un respaldo debe permitir recuperar una versión útil.
316,3,Cinturón Verde,"La aplicación dice que hizo una copia hace meses, pero has añadido facturas y fotos desde entonces. ¿Qué conviene hacer?","Comprobar la fecha, el contenido y la posibilidad de recuperar una muestra de archivos.",Esperar a perder el equipo para aprender cómo se restauran los datos.,Confiar en el nombre «copia completa» sin abrir los detalles. El nombre de la carpeta prueba que todos los documentos están respaldados.,Borrar los originales antes de probar la recuperación.,0,"Comprobar la fecha, el contenido y la posibilidad de recuperar una muestra de archivos. Una copia antigua, incompleta o inaccesible puede no servir cuando la necesites."
317,3,Cinturón Verde,"Para enviar una factura, creas un enlace que permite a cualquiera ver toda la carpeta de clientes. ¿Cuál es la decisión más prudente?",Compartir la carpeta completa porque el cliente solo buscará su factura. Una dirección larga funciona como una contraseña imposible de compartir.,Mantener permiso de edición para cualquiera por comodidad.,Limitar el enlace al archivo y destinatario necesarios y revisar los permisos.,Confiar en que un enlace largo no puede reenviarse. Quien recibe un enlace abierto no puede reenviarlo.,2,Limitar el enlace al archivo y destinatario necesarios y revisar los permisos. Un enlace abierto puede circular fuera del destinatario inicial y exponer documentos de otras personas.
318,3,Cinturón Verde,En los ajustes de tu mensajería aparece una computadora vinculada que no reconoces. ¿Qué harías para cuidar tus datos o tu dinero?,Borrar solo la conversación más reciente para desconectar el equipo ajeno. Borrar una conversación cierra automáticamente todas las sesiones.,Compartir el código de registro con quien diga poder identificar la computadora.,Cerrar ese acceso y revisar la seguridad de la cuenta por la aplicación oficial.,Ignorarlo porque tu teléfono sigue funcionando.,2,"Cerrar ese acceso y revisar la seguridad de la cuenta por la aplicación oficial. Un dispositivo vinculado puede tener acceso a mensajes según el servicio, aunque sigas usando tu teléfono."
319,3,Cinturón Verde,Vas a vender tu teléfono y piensas borrar únicamente las fotos visibles de la galería. ¿Cuál es el siguiente paso más seguro?,"Hacer respaldo, transferir accesos necesarios y seguir el borrado y desvinculación indicados por el fabricante.",Borrar solo los iconos de las aplicaciones bancarias. Quitar un icono equivale siempre a borrar los datos y cerrar la cuenta.,Dar tu contraseña al comprador para que él haga el borrado.,Entregarlo con tu cuenta abierta para que el comprador pruebe todo.,0,"Hacer respaldo, transferir accesos necesarios y seguir el borrado y desvinculación indicados por el fabricante. Eliminar fotos o iconos no borra todas las cuentas, sesiones y datos del equipo."
320,3,Cinturón Verde,Un taller pide todas tus contraseñas para cambiar la pantalla del teléfono. ¿Qué conviene hacer?,Anotar todos los secretos en un papel pegado a la pantalla.,Entregar claves de correo y banco porque cualquier reparación las exige. Todos los arreglos requieren las contraseñas de todas las cuentas.,Preguntar qué acceso necesita realmente y buscar un servicio confiable con un procedimiento que proteja tus datos.,Enviar los códigos de recuperación junto con el equipo.,2,Preguntar qué acceso necesita realmente y buscar un servicio confiable con un procedimiento que proteja tus datos. Una reparación física no justifica por sí sola acceso a cuentas bancarias o al correo personal.
321,3,Cinturón Verde,Para prepararte ante situaciones como esta: Una página anuncia una actualización urgente del celular y ofrece un archivo para instalarla. ¿Qué medida preventiva conviene adoptar?,Activar las actualizaciones automáticas disponibles y revisar que se completen desde rutas oficiales.,Desactivar la protección si impide abrir la supuesta actualización.,Enviar la contraseña de la cuenta al anunciante para que actualice a distancia. La urgencia de una página demuestra que su archivo es necesario.,Instalar el archivo porque el aviso dice «obligatorio».,0,"Activar las actualizaciones automáticas disponibles y revisar que se completen desde rutas oficiales. Las actualizaciones corrigen fallos, pero un anuncio puede imitar ese proceso para distribuir un programa dañino."
322,3,Cinturón Verde,Para prepararte ante situaciones como esta: Un enlace promete una aplicación de mensajería con funciones secretas y pide instalarla fuera de la tienda habitual. ¿Qué medida preventiva conviene adoptar?,Desactivar la restricción de instalaciones para probarla.,Instalarla si la recomendó un contacto conocido.,"Usar fuentes oficiales, revisar el desarrollador y evitar versiones modificadas de origen incierto.",Instalarla primero en el teléfono de un familiar para ver si funciona. Probar una aplicación dudosa en otro teléfono elimina el riesgo para esa persona.,2,"Usar fuentes oficiales, revisar el desarrollador y evitar versiones modificadas de origen incierto. Una descarga no verificada puede ocultar funciones dañinas; que parezca funcionar no demuestra que cuide tus datos."
323,3,Cinturón Verde,Para prepararte ante situaciones como esta: Una calculadora pide acceso a tus contactos y mensajes sin explicar para qué los necesita. ¿Qué medida preventiva conviene adoptar?,Revisar los permisos al instalar y retirar los que no sean necesarios en los ajustes.,Permitir el acceso solo una vez pensando que no puede copiar datos en ese momento. Todas las aplicaciones necesitan tus contactos para funcionar.,Dar permiso porque la aplicación tiene un icono conocido.,Aceptar todo porque de otro modo ninguna aplicación funciona.,0,Revisar los permisos al instalar y retirar los que no sean necesarios en los ajustes. Los permisos abren acceso a información o funciones; deben corresponder a la tarea que quieres realizar.
324,3,Cinturón Verde,Para prepararte ante situaciones como esta: Una aplicación para ver descuentos solicita usar el micrófono de forma permanente y no explica la función. ¿Qué medida preventiva conviene adoptar?,Concederlo siempre porque la aplicación es gratuita. Poner el teléfono en silencio impide a cualquier aplicación usar el micrófono.,Autorizarlo porque otras aplicaciones también usan el micrófono. El uso del micrófono por una aplicación autoriza a todas las demás.,Aceptar pensando que apagar el volumen impide grabar. Una aplicación gratuita puede pedir cualquier permiso sin explicación.,Permitir micrófono solo para funciones que lo necesiten y revisar los accesos desde los ajustes.,3,Permitir micrófono solo para funciones que lo necesiten y revisar los accesos desde los ajustes. El micrófono puede captar audio; bajar el volumen del altavoz no controla ese permiso.
325,3,Cinturón Verde,"Para prepararte ante situaciones como esta: Una aplicación de clima pide saber tu ubicación precisa todo el tiempo, aunque permite elegir la ciudad manualmente. ¿Qué medida preventiva conviene adoptar?",Aceptar ubicación permanente porque el pronóstico nunca funciona sin ella. Elegir una ciudad manualmente revela siempre tu dirección exacta.,Compartir también tu recorrido diario en una red pública. Todas las aplicaciones necesitan seguir tu recorrido para funcionar.,Dejar el permiso activo para todas las aplicaciones por comodidad.,Revisar permisos de ubicación y compartir recorridos solo con personas y servicios elegidos.,3,Revisar permisos de ubicación y compartir recorridos solo con personas y servicios elegidos. La ubicación precisa y continua puede revelar rutinas que no son necesarias para una consulta de clima.
326,3,Cinturón Verde,Para prepararte ante situaciones como esta: Una aplicación para imprimir un archivo solicita ver toda tu galería cuando solo necesitas una factura. ¿Qué medida preventiva conviene adoptar?,Separar documentos de trabajo y elegir archivos concretos al compartir o imprimir.,Usar una carpeta compartida públicamente para evitar seleccionar documentos.,Dar acceso total porque imprimir una factura requiere todas las fotos.,Enviar toda la galería al impresor para que busque el archivo.,0,Separar documentos de trabajo y elegir archivos concretos al compartir o imprimir. Limitar el acceso reduce la información ajena a la tarea que queda expuesta.
327,3,Cinturón Verde,Para prepararte ante situaciones como esta: Una persona que te llamó sin aviso pide instalar una herramienta con la que podrá manejar tu computadora. ¿Qué medida preventiva conviene adoptar?,Dejar al supuesto técnico operar mientras sales a trabajar.,Autorizarlo si la herramienta es de una marca reconocida.,Abrir la banca para que pruebe si el equipo ya funciona.,Solicitar tú la asistencia por un canal verificado y limitarla a la tarea acordada.,3,Solicitar tú la asistencia por un canal verificado y limitarla a la tarea acordada. Una herramienta legítima puede permitir acciones peligrosas cuando se entrega el control a una persona no verificada.
328,3,Cinturón Verde,Para prepararte ante situaciones como esta: En una computadora con Windows llega un adjunto llamado presupuesto.pdf.exe de un proveedor que no esperabas. ¿Qué medida preventiva conviene adoptar?,Desactivar la protección que impide ejecutarlo.,Cambiarle el nombre y abrirlo suponiendo que así será un documento.,Mostrar las extensiones cuando sea posible y verificar adjuntos inesperados antes de abrirlos.,Abrirlo porque el nombre incluye «pdf».,2,Mostrar las extensiones cuando sea posible y verificar adjuntos inesperados antes de abrirlos. La terminación .exe identifica un programa de Windows; incluir «pdf» en el nombre no lo convierte en un documento.
329,3,Cinturón Verde,Para prepararte ante situaciones como esta: Un mensaje ofrece una aplicación de bonos en un archivo APK y pide habilitar instalaciones desconocidas en Android. ¿Qué medida preventiva conviene adoptar?,Habilitar la instalación porque el archivo llegó por mensajería.,Instalarlo si ocupa poco espacio.,Obtener aplicaciones desde fuentes oficiales verificadas y evitar instalar adjuntos que no solicitaste.,Aceptar todos los avisos hasta ver si aparece el bono.,2,Obtener aplicaciones desde fuentes oficiales verificadas y evitar instalar adjuntos que no solicitaste. APK significa paquete de aplicación de Android; puede instalar una aplicación y no es solo una imagen o formulario. APK: Paquete de aplicación de Android (Android Package): archivo que permite instalar una aplicación de Android; su tipo no garantiza seguridad.
330,3,Cinturón Verde,Para prepararte ante situaciones como esta: Una página para consultar recetas pide permiso para enviarte notificaciones y luego promete avisos de premios. ¿Qué medida preventiva conviene adoptar?,Pulsar «permitir» en todos los sitios para evitar que vuelvan a preguntar.,Aceptar notificaciones porque no equivalen a instalar una aplicación.,Dar permisos de notificación solo a sitios necesarios y revisar la lista en el navegador.,Confiar en cualquier aviso posterior porque aparecerá en el teléfono.,2,Dar permisos de notificación solo a sitios necesarios y revisar la lista en el navegador. Los sitios con permiso pueden enviar avisos que parecen del teléfono y usarlos para presentar engaños.
331,3,Cinturón Verde,Para prepararte ante situaciones como esta: Una aplicación de descuentos pide activar un servicio de accesibilidad para leer la pantalla y pulsar botones por ti. ¿Qué medida preventiva conviene adoptar?,Aceptar para probar la promoción y retirarlo después.,Usar funciones de accesibilidad oficiales o herramientas confiables y revisar qué capacidad se está autorizando.,Desactivar advertencias para terminar la configuración más rápido.,Activarlo porque el nombre «accesibilidad» garantiza seguridad. La accesibilidad solo cambia el tamaño de las letras en todos los casos.,1,"Usar funciones de accesibilidad oficiales o herramientas confiables y revisar qué capacidad se está autorizando. Algunos permisos de accesibilidad permiten observar o controlar acciones; son útiles, pero demasiado amplios para un descuento sin justificación."
332,3,Cinturón Verde,Para prepararte ante situaciones como esta: Tu teléfono se calienta y funciona lento después de muchas horas de uso; un anuncio afirma que eso demuestra espionaje. ¿Qué medida preventiva conviene adoptar?,Entregar el control remoto al anunciante para que haga un diagnóstico gratuito.,Comprar el limpiador del anuncio para resolver el supuesto espionaje.,Declarar que todas tus cuentas fueron robadas solo por la lentitud.,"Cuidar el mantenimiento del equipo y observar cambios concretos, como aplicaciones o accesos no reconocidos.",3,"Cuidar el mantenimiento del equipo y observar cambios concretos, como aplicaciones o accesos no reconocidos. La lentitud o el calor tienen varias causas; por sí solos no identifican un programa espía."
333,3,Cinturón Verde,Para prepararte ante situaciones como esta: Encuentras una memoria de almacenamiento con la etiqueta «sueldos» cerca del taller y te da curiosidad abrirla. ¿Qué medida preventiva conviene adoptar?,Abrirla en la computadora del negocio para identificar al dueño.,Usar medios propios o verificados y establecer un procedimiento para objetos electrónicos encontrados.,Copiar primero todos sus archivos por si se pierde información.,Conectarla al equipo de un compañero como prueba.,1,Usar medios propios o verificados y establecer un procedimiento para objetos electrónicos encontrados. Un dispositivo desconocido puede contener archivos dañinos o actuar de formas no esperadas al conectarlo.
334,3,Cinturón Verde,Para prepararte ante situaciones como esta: Todas las fotos y las cuentas del negocio están solo en un teléfono que llevas a diario al trabajo. ¿Qué medida preventiva conviene adoptar?,Crear una segunda carpeta dentro del mismo teléfono como única copia.,"Elegir una copia automática o periódica, protegida y separada del equipo principal.",Confiar en que el teléfono no se dañará porque es nuevo. Tener una copia vuelve imposible el robo de datos.,Enviar todo a un grupo público para no perderlo. Un equipo nuevo no puede perderse ni fallar.,1,"Elegir una copia automática o periódica, protegida y separada del equipo principal. Una copia en el mismo equipo puede perderse con el original si el equipo se rompe, se pierde o es robado."
335,3,Cinturón Verde,"Para prepararte ante situaciones como esta: Una carpeta se sincroniza entre tu computadora y la nube: al borrar un archivo, también desaparece del otro lado. ¿Qué medida preventiva conviene adoptar?",Conocer los plazos de recuperación y combinar sincronización con copias adecuadas a tus necesidades.,Dejar de hacer copias adicionales sin comprobar cómo funciona el servicio.,Suponer que dos pantallas con el mismo archivo equivalen siempre a un respaldo independiente.,Vaciar la papelera sin revisar porque el archivo está «en la nube». La palabra «nube» garantiza una copia independiente del estado actual.,0,Conocer los plazos de recuperación y combinar sincronización con copias adecuadas a tus necesidades. La sincronización puede repetir borrados o daños; un respaldo debe permitir recuperar una versión útil.
336,3,Cinturón Verde,"Para prepararte ante situaciones como esta: La aplicación dice que hizo una copia hace meses, pero has añadido facturas y fotos desde entonces. ¿Qué medida preventiva conviene adoptar?",Esperar a perder el equipo para aprender cómo se restauran los datos.,Borrar los originales antes de probar la recuperación. Toda copia se actualiza aunque no se haya configurado.,Programar revisiones y pequeñas pruebas de restauración sin borrar los originales.,Confiar en el nombre «copia completa» sin abrir los detalles.,2,"Programar revisiones y pequeñas pruebas de restauración sin borrar los originales. Una copia antigua, incompleta o inaccesible puede no servir cuando la necesites."
337,3,Cinturón Verde,"Para prepararte ante situaciones como esta: Para enviar una factura, creas un enlace que permite a cualquiera ver toda la carpeta de clientes. ¿Qué medida preventiva conviene adoptar?","Usar acceso restringido, solo lectura cuando baste y vencimiento del enlace si está disponible.",Mantener permiso de edición para cualquiera por comodidad.,Confiar en que un enlace largo no puede reenviarse. Quien recibe un enlace abierto no puede reenviarlo.,Compartir la carpeta completa porque el cliente solo buscará su factura.,0,"Usar acceso restringido, solo lectura cuando baste y vencimiento del enlace si está disponible. Un enlace abierto puede circular fuera del destinatario inicial y exponer documentos de otras personas."
338,3,Cinturón Verde,Para prepararte ante situaciones como esta: En los ajustes de tu mensajería aparece una computadora vinculada que no reconoces. ¿Qué medida preventiva conviene adoptar?,Ignorarlo porque tu teléfono sigue funcionando.,Borrar solo la conversación más reciente para desconectar el equipo ajeno.,Compartir el código de registro con quien diga poder identificar la computadora. Que el teléfono funcione demuestra que no existe otro acceso.,"Revisar equipos vinculados y cerrar los que ya no uses, especialmente en computadoras prestadas.",3,"Revisar equipos vinculados y cerrar los que ya no uses, especialmente en computadoras prestadas. Un dispositivo vinculado puede tener acceso a mensajes según el servicio, aunque sigas usando tu teléfono."
339,3,Cinturón Verde,Para prepararte ante situaciones como esta: Vas a vender tu teléfono y piensas borrar únicamente las fotos visibles de la galería. ¿Qué medida preventiva conviene adoptar?,"Preparar respaldo y recuperación antes del borrado, retirar tarjetas de memoria y la línea según el equipo.",Borrar solo los iconos de las aplicaciones bancarias.,Entregarlo con tu cuenta abierta para que el comprador pruebe todo.,Dar tu contraseña al comprador para que él haga el borrado. Borrar las fotos visibles elimina todos los documentos y mensajes.,0,"Preparar respaldo y recuperación antes del borrado, retirar tarjetas de memoria y la línea según el equipo. Eliminar fotos o iconos no borra todas las cuentas, sesiones y datos del equipo."
340,3,Cinturón Verde,Para prepararte ante situaciones como esta: Un taller pide todas tus contraseñas para cambiar la pantalla del teléfono. ¿Qué medida preventiva conviene adoptar?,Anotar todos los secretos en un papel pegado a la pantalla.,Entregar claves de correo y banco porque cualquier reparación las exige.,Respaldar datos y usar un modo de reparación o medidas de privacidad del fabricante cuando existan.,Enviar los códigos de recuperación junto con el equipo.,2,Respaldar datos y usar un modo de reparación o medidas de privacidad del fabricante cuando existan. Una reparación física no justifica por sí sola acceso a cuentas bancarias o al correo personal.
341,3,Cinturón Verde,Una cocinera recibe una supuesta actualización del programa de facturas como archivo adjunto inesperado. ¿Qué decisión corresponde en este contexto?,Consultar al proveedor conocido y actualizar desde el mecanismo habitual del programa.,Instalar el archivo porque el aviso dice «obligatorio». Cualquier archivo llamado «actualización» proviene del fabricante.,Desactivar la protección si impide abrir la supuesta actualización.,Enviar la contraseña de la cuenta al anunciante para que actualice a distancia. La urgencia de una página demuestra que su archivo es necesario.,0,"Consultar al proveedor conocido y actualizar desde el mecanismo habitual del programa. Las actualizaciones corrigen fallos, pero un anuncio puede imitar ese proceso para distribuir un programa dañino."
342,3,Cinturón Verde,Un agricultor encuentra dos aplicaciones con el mismo nombre de su cooperativa y distintos desarrolladores. ¿Qué decisión corresponde en este contexto?,Instalarla si la recomendó un contacto conocido.,Desactivar la restricción de instalaciones para probarla. La recomendación de un conocido sustituye la revisión del desarrollador.,Confirmar con la cooperativa cuál es la aplicación legítima antes de instalar cualquiera.,Instalarla primero en el teléfono de un familiar para ver si funciona. Probar una aplicación dudosa en otro teléfono elimina el riesgo para esa persona.,2,Confirmar con la cooperativa cuál es la aplicación legítima antes de instalar cualquiera. Una descarga no verificada puede ocultar funciones dañinas; que parezca funcionar no demuestra que cuide tus datos.
343,3,Cinturón Verde,Un soldador usa una aplicación para medir piezas que pide ver todas sus fotos aunque solo necesita una imagen. ¿Qué decisión corresponde en este contexto?,Dar permiso porque la aplicación tiene un icono conocido.,Elegir acceso limitado a la foto necesaria si existe o una alternativa con menos permisos.,Permitir el acceso solo una vez pensando que no puede copiar datos en ese momento.,Aceptar todo porque de otro modo ninguna aplicación funciona. Conceder un permiso una sola vez impide copiar información.,1,Elegir acceso limitado a la foto necesaria si existe o una alternativa con menos permisos. Los permisos abren acceso a información o funciones; deben corresponder a la tarea que quieres realizar.
344,3,Cinturón Verde,"Un agricultor quiere enviar una consulta por voz a un servicio legítimo, pero no quiere acceso continuo al micrófono. ¿Qué decisión corresponde en este contexto?",Aceptar pensando que apagar el volumen impide grabar.,Permitirlo solo durante el uso si el equipo ofrece esa opción y cerrarlo al terminar.,Concederlo siempre porque la aplicación es gratuita. Poner el teléfono en silencio impide a cualquier aplicación usar el micrófono.,Autorizarlo porque otras aplicaciones también usan el micrófono.,1,Permitirlo solo durante el uso si el equipo ofrece esa opción y cerrarlo al terminar. El micrófono puede captar audio; bajar el volumen del altavoz no controla ese permiso.
345,3,Cinturón Verde,"Un agricultor comparte su ubicación con un familiar para llegar a una finca, pero el viaje ya terminó. ¿Qué decisión corresponde en este contexto?",Finalizar la ubicación en vivo cuando ya no sea necesaria.,Dejar el permiso activo para todas las aplicaciones por comodidad.,Compartir también tu recorrido diario en una red pública.,Aceptar ubicación permanente porque el pronóstico nunca funciona sin ella.,0,Finalizar la ubicación en vivo cuando ya no sea necesaria. La ubicación precisa y continua puede revelar rutinas que no son necesarias para una consulta de clima.
346,3,Cinturón Verde,Una cocinera debe mandar una receta y el selector incluye también fotos de documentos de sus clientes. ¿Qué decisión corresponde en este contexto?,Dar acceso total porque imprimir una factura requiere todas las fotos. Enviar más archivos de los necesarios mejora automáticamente la privacidad.,Revisar la selección y enviar solo la receta necesaria.,Enviar toda la galería al impresor para que busque el archivo.,Usar una carpeta compartida públicamente para evitar seleccionar documentos. Un enlace público solo puede abrirlo la persona a quien se lo mandas primero.,1,Revisar la selección y enviar solo la receta necesaria. Limitar el acceso reduce la información ajena a la tarea que queda expuesta.
347,3,Cinturón Verde,"Una asociación agrícola agenda soporte real, pero el técnico pide quedarse con acceso permanente después de terminar. ¿Qué decisión corresponde en este contexto?",Autorizarlo si la herramienta es de una marca reconocida.,Abrir la banca para que pruebe si el equipo ya funciona.,Confirmar la necesidad con la asociación y revocar el permiso si no está justificado y autorizado.,Dejar al supuesto técnico operar mientras sales a trabajar.,2,Confirmar la necesidad con la asociación y revocar el permiso si no está justificado y autorizado. Una herramienta legítima puede permitir acciones peligrosas cuando se entrega el control a una persona no verificada.
348,3,Cinturón Verde,Un agricultor recibe el mismo archivo .exe en su celular Android y alguien afirma que es una actualización obligatoria del teléfono. ¿Qué decisión corresponde en este contexto?,Desactivar la protección que impide ejecutarlo.,Abrirlo porque el nombre incluye «pdf».,Cambiarle el nombre y abrirlo suponiendo que así será un documento.,No intentar instalarlo ni buscar cómo ejecutarlo; confirmar el envío y actualizar desde los ajustes oficiales.,3,No intentar instalarlo ni buscar cómo ejecutarlo; confirmar el envío y actualizar desde los ajustes oficiales. La terminación .exe identifica un programa de Windows; incluir «pdf» en el nombre no lo convierte en un documento.
349,3,Cinturón Verde,Un chofer recibe por chat una supuesta aplicación obligatoria de multas de tránsito en forma de instalador. ¿Qué decisión corresponde en este contexto?,Consultar la exigencia directamente con la institución y no instalar el adjunto recibido.,Aceptar todos los avisos hasta ver si aparece el bono.,Habilitar la instalación porque el archivo llegó por mensajería.,Instalarlo si ocupa poco espacio.,0,Consultar la exigencia directamente con la institución y no instalar el adjunto recibido. APK significa paquete de aplicación de Android; puede instalar una aplicación y no es solo una imagen o formulario. APK: Paquete de aplicación de Android (Android Package): archivo que permite instalar una aplicación de Android; su tipo no garantiza seguridad.
350,3,Cinturón Verde,Una secretaria ve avisos comerciales en la computadora compartida después de visitar un portal desconocido. ¿Qué decisión corresponde en este contexto?,Pulsar «permitir» en todos los sitios para evitar que vuelvan a preguntar.,Aceptar notificaciones porque no equivalen a instalar una aplicación.,Confiar en cualquier aviso posterior porque aparecerá en el teléfono.,Identificar y retirar los permisos del sitio con ayuda del soporte conocido si lo necesita.,3,Identificar y retirar los permisos del sitio con ayuda del soporte conocido si lo necesita. Los sitios con permiso pueden enviar avisos que parecen del teléfono y usarlos para presentar engaños.
351,3,Cinturón Verde,Una persona con baja visión necesita un lector de pantalla para usar su teléfono. ¿Qué decisión corresponde en este contexto?,Aceptar para probar la promoción y retirarlo después.,"Configurar con ayuda una opción confiable adecuada a su necesidad, conservando su control y privacidad.",Desactivar advertencias para terminar la configuración más rápido. Una palabra relacionada con ayuda certifica la intención de la aplicación.,Activarlo porque el nombre «accesibilidad» garantiza seguridad. La accesibilidad solo cambia el tamaño de las letras en todos los casos.,1,"Configurar con ayuda una opción confiable adecuada a su necesidad, conservando su control y privacidad. Algunos permisos de accesibilidad permiten observar o controlar acciones; son útiles, pero demasiado amplios para un descuento sin justificación."
352,3,Cinturón Verde,Un chofer siente que el teléfono se calienta al navegar con mapas durante un viaje largo. ¿Qué decisión corresponde en este contexto?,Comprar el limpiador del anuncio para resolver el supuesto espionaje.,Declarar que todas tus cuentas fueron robadas solo por la lentitud.,"Detenerse en un lugar seguro, revisar las condiciones de uso y no instalar limpiadores anunciados por páginas.",Entregar el control remoto al anunciante para que haga un diagnóstico gratuito. Un anuncio puede identificar la causa exacta solo porque viste su mensaje.,2,"Detenerse en un lugar seguro, revisar las condiciones de uso y no instalar limpiadores anunciados por páginas. La lentitud o el calor tienen varias causas; por sí solos no identifican un programa espía."
353,3,Cinturón Verde,Un agricultor recibe de un desconocido una memoria con un supuesto catálogo y un programa que debe instalar para verlo. ¿Qué decisión corresponde en este contexto?,Copiar primero todos sus archivos por si se pierde información.,Pedir el catálogo por un canal verificado sin ejecutar el programa de la memoria.,Conectarla al equipo de un compañero como prueba.,Abrirla en la computadora del negocio para identificar al dueño. Una etiqueta de documentos demuestra que solo contiene documentos.,1,Pedir el catálogo por un canal verificado sin ejecutar el programa de la memoria. Un dispositivo desconocido puede contener archivos dañinos o actuar de formas no esperadas al conectarlo.
354,3,Cinturón Verde,Un agricultor guarda registros de cosecha en una computadora y una memoria que deja siempre junto a ella. ¿Qué decisión corresponde en este contexto?,Conservar también una copia protegida en un lugar separado para reducir pérdidas por robo o daño del mismo sitio.,Crear una segunda carpeta dentro del mismo teléfono como única copia. Dos carpetas en un teléfono equivalen a dos equipos independientes.,Confiar en que el teléfono no se dañará porque es nuevo.,Enviar todo a un grupo público para no perderlo.,0,"Conservar también una copia protegida en un lugar separado para reducir pérdidas por robo o daño del mismo sitio. Una copia en el mismo equipo puede perderse con el original si el equipo se rompe, se pierde o es robado."
355,3,Cinturón Verde,Un tendero quiere vaciar espacio borrando fotos del celular que se sincronizan con su archivo en línea. ¿Qué decisión corresponde en este contexto?,Suponer que dos pantallas con el mismo archivo equivalen siempre a un respaldo independiente.,Vaciar la papelera sin revisar porque el archivo está «en la nube».,Comprobar primero si borrar del celular también elimina las fotos en línea y conservar una copia segura.,Dejar de hacer copias adicionales sin comprobar cómo funciona el servicio. Todo servicio conserva versiones durante el mismo plazo.,2,Comprobar primero si borrar del celular también elimina las fotos en línea y conservar una copia segura. La sincronización puede repetir borrados o daños; un respaldo debe permitir recuperar una versión útil.
356,3,Cinturón Verde,"Una cocinera tiene copia protegida, pero solo ella conocía una contraseña que ahora olvidó. ¿Qué decisión corresponde en este contexto?",Esperar a perder el equipo para aprender cómo se restauran los datos.,Confiar en el nombre «copia completa» sin abrir los detalles. El nombre de la carpeta prueba que todos los documentos están respaldados.,Revisar el mecanismo de recuperación previsto y preparar en adelante un acceso de emergencia protegido.,Borrar los originales antes de probar la recuperación.,2,"Revisar el mecanismo de recuperación previsto y preparar en adelante un acceso de emergencia protegido. Una copia antigua, incompleta o inaccesible puede no servir cuando la necesites."
357,3,Cinturón Verde,Una asociación agrícola comparte una lista de miembros para que solo dos personas corrijan teléfonos. ¿Qué decisión corresponde en este contexto?,Confiar en que un enlace largo no puede reenviarse.,Autorizar la edición solo a esas personas y evitar un enlace editable por cualquiera.,Compartir la carpeta completa porque el cliente solo buscará su factura. Una dirección larga funciona como una contraseña imposible de compartir.,Mantener permiso de edición para cualquiera por comodidad.,1,Autorizar la edición solo a esas personas y evitar un enlace editable por cualquiera. Un enlace abierto puede circular fuera del destinatario inicial y exponer documentos de otras personas.
358,3,Cinturón Verde,Una cocinera usa mensajería en un equipo del local y va a dejar ese trabajo. ¿Qué decisión corresponde en este contexto?,Desvincular su cuenta del equipo del local antes de retirarse y comprobarlo desde su teléfono.,Borrar solo la conversación más reciente para desconectar el equipo ajeno. Borrar una conversación cierra automáticamente todas las sesiones.,Ignorarlo porque tu teléfono sigue funcionando. Una cuenta solo puede usarse en un dispositivo en todos los servicios.,Compartir el código de registro con quien diga poder identificar la computadora.,0,"Desvincular su cuenta del equipo del local antes de retirarse y comprobarlo desde su teléfono. Un dispositivo vinculado puede tener acceso a mensajes según el servicio, aunque sigas usando tu teléfono."
359,3,Cinturón Verde,Una agricultora dona una tableta de la asociación con listas de socios y una cuenta compartida. ¿Qué decisión corresponde en este contexto?,Entregarlo con tu cuenta abierta para que el comprador pruebe todo.,Borrar solo los iconos de las aplicaciones bancarias. Quitar un icono equivale siempre a borrar los datos y cerrar la cuenta.,Dar tu contraseña al comprador para que él haga el borrado.,"Respaldar lo necesario, retirar accesos y borrar el equipo mediante el procedimiento oficial antes de donarlo.",3,"Respaldar lo necesario, retirar accesos y borrar el equipo mediante el procedimiento oficial antes de donarlo. Eliminar fotos o iconos no borra todas las cuentas, sesiones y datos del equipo."
360,3,Cinturón Verde,Un agricultor necesita reparar la computadora con la lista de pagos de la asociación. ¿Qué decisión corresponde en este contexto?,Entregar claves de correo y banco porque cualquier reparación las exige. Todos los arreglos requieren las contraseñas de todas las cuentas.,Anotar todos los secretos en un papel pegado a la pantalla. Los códigos de recuperación sirven para comprobar una pantalla.,"Consultar un soporte conocido y acordar el mínimo acceso necesario, con respaldo previo de los datos.",Enviar los códigos de recuperación junto con el equipo.,2,"Consultar un soporte conocido y acordar el mínimo acceso necesario, con respaldo previo de los datos. Una reparación física no justifica por sí sola acceso a cuentas bancarias o al correo personal."
361,3,Cinturón Verde,Un chofer instaló la actualización de un anuncio y después el teléfono muestra una aplicación que no reconoce. ¿Qué debe hacer ahora la persona afectada?,Enviar la contraseña de la cuenta al anunciante para que actualice a distancia.,Evitar operaciones sensibles y pedir ayuda confiable para revisar y retirar lo instalado.,Instalar el archivo porque el aviso dice «obligatorio».,Desactivar la protección si impide abrir la supuesta actualización. Un equipo actualizado no puede recibir mensajes fraudulentos.,1,"Evitar operaciones sensibles y pedir ayuda confiable para revisar y retirar lo instalado. Las actualizaciones corrigen fallos, pero un anuncio puede imitar ese proceso para distribuir un programa dañino. Actualizar reduce fallos conocidos, pero no reemplaza la revisión de mensajes ni convierte toda descarga en segura."
362,3,Cinturón Verde,Una tendera instaló una aplicación desconocida y luego recibió solicitudes extrañas de acceso bancario. ¿Qué debe hacer ahora la persona afectada?,"Dejar de usar ese equipo para banca, consultar al banco desde otro equipo confiable y buscar revisión técnica.",Instalarla primero en el teléfono de un familiar para ver si funciona. Probar una aplicación dudosa en otro teléfono elimina el riesgo para esa persona.,Desactivar la restricción de instalaciones para probarla.,Instalarla si la recomendó un contacto conocido.,0,"Dejar de usar ese equipo para banca, consultar al banco desde otro equipo confiable y buscar revisión técnica. Una descarga no verificada puede ocultar funciones dañinas; que parezca funcionar no demuestra que cuide tus datos. Una tienda oficial reduce ciertos riesgos, pero ninguna tienda garantiza que todas sus aplicaciones sean inofensivas."
363,3,Cinturón Verde,Una cocinera dio acceso a sus contactos a una aplicación de préstamos y estos empezaron a recibir amenazas. ¿Qué debe hacer ahora la persona afectada?,Dar permiso porque la aplicación tiene un icono conocido. Un icono conocido demuestra que los permisos están justificados.,Aceptar todo porque de otro modo ninguna aplicación funciona. Conceder un permiso una sola vez impide copiar información.,"Retirar permisos, buscar ayuda para revisar la aplicación y guardar pruebas de las amenazas sin enviar más datos.",Permitir el acceso solo una vez pensando que no puede copiar datos en ese momento. Todas las aplicaciones necesitan tus contactos para funcionar.,2,"Retirar permisos, buscar ayuda para revisar la aplicación y guardar pruebas de las amenazas sin enviar más datos. Los permisos abren acceso a información o funciones; deben corresponder a la tarea que quieres realizar. Retirar un permiso corta accesos futuros, pero no borra automáticamente información que ya fue copiada."
364,3,Cinturón Verde,Una secretaria descubre permiso permanente de micrófono en una aplicación que ya no utiliza. ¿Qué debe hacer ahora la persona afectada?,Retirar el permiso o desinstalar la aplicación si no la necesita y revisar otros accesos.,Autorizarlo porque otras aplicaciones también usan el micrófono.,Concederlo siempre porque la aplicación es gratuita.,Aceptar pensando que apagar el volumen impide grabar. Una aplicación gratuita puede pedir cualquier permiso sin explicación.,0,Retirar el permiso o desinstalar la aplicación si no la necesita y revisar otros accesos. El micrófono puede captar audio; bajar el volumen del altavoz no controla ese permiso. Un permiso no prueba que haya espionaje; permite una capacidad que conviene limitar y comprender.
365,3,Cinturón Verde,Una chofer descubrió que había dejado un enlace de ubicación en vivo abierto a un grupo amplio. ¿Qué debe hacer ahora la persona afectada?,Aceptar ubicación permanente porque el pronóstico nunca funciona sin ella.,"Detener el enlace y revisar quién podía verlo, sin publicar nuevamente su ubicación para aclararlo.",Dejar el permiso activo para todas las aplicaciones por comodidad.,Compartir también tu recorrido diario en una red pública.,1,"Detener el enlace y revisar quién podía verlo, sin publicar nuevamente su ubicación para aclararlo. La ubicación precisa y continua puede revelar rutinas que no son necesarias para una consulta de clima. Compartir ubicación puede ser útil para cuidarse; la clave es elegir finalidad, destinatario y duración."
366,3,Cinturón Verde,Una secretaria envió una carpeta completa con facturas y documentos personales a un proveedor. ¿Qué debe hacer ahora la persona afectada?,Enviar toda la galería al impresor para que busque el archivo. Una factura exige acceso a todas las fotos personales.,"Retirar el acceso donde sea posible y pedir la eliminación de lo enviado por error, identificando qué datos se expusieron.",Usar una carpeta compartida públicamente para evitar seleccionar documentos.,Dar acceso total porque imprimir una factura requiere todas las fotos. Enviar más archivos de los necesarios mejora automáticamente la privacidad.,1,"Retirar el acceso donde sea posible y pedir la eliminación de lo enviado por error, identificando qué datos se expusieron. Limitar el acceso reduce la información ajena a la tarea que queda expuesta. Pedir borrar una copia ayuda, pero no permite confirmar por sí solo que no existan otras copias."
367,3,Cinturón Verde,Un soldador permitió control remoto y vio que el desconocido abrió archivos personales. ¿Qué debe hacer ahora la persona afectada?,Dejar al supuesto técnico operar mientras sales a trabajar.,"Cortar la conexión, retirar el acceso con ayuda confiable y proteger las cuentas posiblemente expuestas desde otro equipo seguro.",Abrir la banca para que pruebe si el equipo ya funciona.,Autorizarlo si la herramienta es de una marca reconocida. El nombre conocido de una herramienta certifica a toda persona que la use.,1,"Cortar la conexión, retirar el acceso con ayuda confiable y proteger las cuentas posiblemente expuestas desde otro equipo seguro. Una herramienta legítima puede permitir acciones peligrosas cuando se entrega el control a una persona no verificada. El acceso remoto no es malo por sí mismo; importa quién lo recibe, para qué y durante cuánto tiempo."
368,3,Cinturón Verde,Una secretaria ejecutó ese adjunto en Windows y comenzaron a abrirse ventanas y programas desconocidos. ¿Qué debe hacer ahora la persona afectada?,Abrirlo porque el nombre incluye «pdf».,Cambiarle el nombre y abrirlo suponiendo que así será un documento.,Desactivar la protección que impide ejecutarlo.,Desconectar el equipo de la red y contactar al soporte conocido para revisar el posible programa dañino.,3,Desconectar el equipo de la red y contactar al soporte conocido para revisar el posible programa dañino. La terminación .exe identifica un programa de Windows; incluir «pdf» en el nombre no lo convierte en un documento. Un .exe de Windows no se ejecuta normalmente como aplicación nativa en Android o iPhone; el contexto del equipo importa.
369,3,Cinturón Verde,Una tendera instaló el archivo del bono y concedió acceso a mensajes. ¿Qué debe hacer ahora la persona afectada?,Aceptar todos los avisos hasta ver si aparece el bono.,Evitar usar cuentas sensibles en ese equipo y pedir revisión confiable de la aplicación y sus permisos.,Habilitar la instalación porque el archivo llegó por mensajería.,Instalarlo si ocupa poco espacio.,1,"Evitar usar cuentas sensibles en ese equipo y pedir revisión confiable de la aplicación y sus permisos. APK significa paquete de aplicación de Android; puede instalar una aplicación y no es solo una imagen o formulario. La extensión describe el tipo de archivo; la procedencia, los permisos y su comportamiento determinan el riesgo. APK: Paquete de aplicación de Android (Android Package): archivo que permite instalar una aplicación de Android; su tipo no garantiza seguridad."
370,3,Cinturón Verde,Un cocinero aceptó avisos y ahora recibe falsas alertas de virus incluso después de cerrar la receta. ¿Qué debe hacer ahora la persona afectada?,Retirar el permiso de notificación al sitio desde el navegador y no abrir los enlaces de las alertas.,Aceptar notificaciones porque no equivalen a instalar una aplicación.,Confiar en cualquier aviso posterior porque aparecerá en el teléfono.,Pulsar «permitir» en todos los sitios para evitar que vuelvan a preguntar. Aparecer fuera de la página convierte una promoción en oficial.,0,Retirar el permiso de notificación al sitio desde el navegador y no abrir los enlaces de las alertas. Los sitios con permiso pueden enviar avisos que parecen del teléfono y usarlos para presentar engaños. Recibir avisos molestos no demuestra por sí solo una infección; conviene distinguir permiso de notificaciones e instalación de programas.
371,3,Cinturón Verde,Un agricultor concedió ese permiso a una aplicación dudosa y notó acciones que no inició. ¿Qué debe hacer ahora la persona afectada?,Desactivar advertencias para terminar la configuración más rápido.,Aceptar para probar la promoción y retirarlo después.,Activarlo porque el nombre «accesibilidad» garantiza seguridad.,Dejar de usar cuentas sensibles y pedir ayuda confiable para retirar el servicio y revisar el equipo.,3,"Dejar de usar cuentas sensibles y pedir ayuda confiable para retirar el servicio y revisar el equipo. Algunos permisos de accesibilidad permiten observar o controlar acciones; son útiles, pero demasiado amplios para un descuento sin justificación. Las funciones de accesibilidad son valiosas; el riesgo está en conceder capacidades amplias a aplicaciones no verificadas."
372,3,Cinturón Verde,Una tendera nota lentitud y además encuentra una aplicación desconocida con permisos sobre mensajes. ¿Qué debe hacer ahora la persona afectada?,Buscar revisión confiable y evitar operaciones sensibles hasta aclarar esa aplicación y sus permisos.,Declarar que todas tus cuentas fueron robadas solo por la lentitud.,Comprar el limpiador del anuncio para resolver el supuesto espionaje. Un equipo lento siempre tiene un virus.,Entregar el control remoto al anunciante para que haga un diagnóstico gratuito.,0,Buscar revisión confiable y evitar operaciones sensibles hasta aclarar esa aplicación y sus permisos. La lentitud o el calor tienen varias causas; por sí solos no identifican un programa espía. Conviene investigar señales concretas sin alarmar: ni la lentitud confirma infección ni la velocidad la descarta.
373,3,Cinturón Verde,Una secretaria conectó una memoria desconocida y el sistema abrió una ventana de instalación inesperada. ¿Qué debe hacer ahora la persona afectada?,Copiar primero todos sus archivos por si se pierde información.,Conectarla al equipo de un compañero como prueba.,Abrirla en la computadora del negocio para identificar al dueño.,No autorizar la instalación y avisar al soporte para evaluar qué ocurrió y cómo desconectarla con seguridad.,3,"No autorizar la instalación y avisar al soporte para evaluar qué ocurrió y cómo desconectarla con seguridad. Un dispositivo desconocido puede contener archivos dañinos o actuar de formas no esperadas al conectarlo. No toda memoria encontrada es maliciosa, pero un usuario sin medios de revisión no necesita conectarla para comprobarlo."
374,3,Cinturón Verde,Una cocinera pierde su teléfono y recuerda que tenía una copia de documentos en otro servicio. ¿Qué debe hacer ahora la persona afectada?,Confiar en que el teléfono no se dañará porque es nuevo.,Crear una segunda carpeta dentro del mismo teléfono como única copia.,Proteger las cuentas y recuperar los documentos desde el servicio legítimo usando un equipo confiable.,Enviar todo a un grupo público para no perderlo.,2,"Proteger las cuentas y recuperar los documentos desde el servicio legítimo usando un equipo confiable. Una copia en el mismo equipo puede perderse con el original si el equipo se rompe, se pierde o es robado. Una copia ayuda a recuperar información; no evita que alguien robe o divulgue el original."
375,3,Cinturón Verde,Una secretaria borró una carpeta y el borrado se propagó a los demás equipos. ¿Qué debe hacer ahora la persona afectada?,Dejar de hacer copias adicionales sin comprobar cómo funciona el servicio. Todo servicio conserva versiones durante el mismo plazo.,Suponer que dos pantallas con el mismo archivo equivalen siempre a un respaldo independiente. Sincronizar siempre conserva todos los archivos borrados para siempre.,Consultar la papelera y el historial del servicio oficial antes de seguir modificando archivos.,Vaciar la papelera sin revisar porque el archivo está «en la nube». La palabra «nube» garantiza una copia independiente del estado actual.,2,"Consultar la papelera y el historial del servicio oficial antes de seguir modificando archivos. La sincronización puede repetir borrados o daños; un respaldo debe permitir recuperar una versión útil. Los servicios tienen comportamientos distintos; hay que comprobar cómo elimina, conserva y recupera archivos el que usas."
376,3,Cinturón Verde,Un agricultor intenta recuperar registros y descubre que faltan los últimos tres meses. ¿Qué debe hacer ahora la persona afectada?,"Esperar a perder el equipo para aprender cómo se restauran los datos. Si un archivo aparece listado, siempre puede abrirse sin comprobarlo.",Borrar los originales antes de probar la recuperación. Toda copia se actualiza aunque no se haya configurado.,Confiar en el nombre «copia completa» sin abrir los detalles.,"Buscar otras copias y documentos disponibles sin sobrescribirlos, y ajustar la rutina de respaldo.",3,"Buscar otras copias y documentos disponibles sin sobrescribirlos, y ajustar la rutina de respaldo. Una copia antigua, incompleta o inaccesible puede no servir cuando la necesites. Probar la recuperación forma parte del respaldo; no hace falta esperar a una emergencia para aprender los pasos."
377,3,Cinturón Verde,Una secretaria descubre que el enlace público a la carpeta de clientes fue reenviado a un grupo. ¿Qué debe hacer ahora la persona afectada?,"Revocar el enlace, identificar la información expuesta y avisar al responsable que corresponda.",Mantener permiso de edición para cualquiera por comodidad.,Confiar en que un enlace largo no puede reenviarse. Quien recibe un enlace abierto no puede reenviarlo.,Compartir la carpeta completa porque el cliente solo buscará su factura.,0,"Revocar el enlace, identificar la información expuesta y avisar al responsable que corresponda. Un enlace abierto puede circular fuera del destinatario inicial y exponer documentos de otras personas. Restringir un enlace corta acceso futuro, pero no retira copias que alguien ya descargó."
378,3,Cinturón Verde,Un tendero descubre que un antiguo empleado seguía recibiendo mensajes del negocio en su computadora. ¿Qué debe hacer ahora la persona afectada?,Borrar solo la conversación más reciente para desconectar el equipo ajeno.,Cerrar esa vinculación y revisar permisos y accesos compartidos del negocio.,Compartir el código de registro con quien diga poder identificar la computadora.,Ignorarlo porque tu teléfono sigue funcionando.,1,"Cerrar esa vinculación y revisar permisos y accesos compartidos del negocio. Un dispositivo vinculado puede tener acceso a mensajes según el servicio, aunque sigas usando tu teléfono. Cerrar un acceso no borra necesariamente mensajes que ya se hubieran visto o copiado."
379,3,Cinturón Verde,Un chofer entregó su teléfono antiguo y luego vio actividad en una cuenta que dejó abierta. ¿Qué debe hacer ahora la persona afectada?,Entregarlo con tu cuenta abierta para que el comprador pruebe todo. El comprador necesita tu contraseña personal para usar el teléfono con su propia cuenta.,Dar tu contraseña al comprador para que él haga el borrado. Borrar las fotos visibles elimina todos los documentos y mensajes.,Borrar solo los iconos de las aplicaciones bancarias.,"Cerrar accesos desde otro equipo confiable, cambiar secretos expuestos y contactar al comprador para completar el borrado sin darle claves.",3,"Cerrar accesos desde otro equipo confiable, cambiar secretos expuestos y contactar al comprador para completar el borrado sin darle claves. Eliminar fotos o iconos no borra todas las cuentas, sesiones y datos del equipo. El procedimiento depende del fabricante; borrar mal o demasiado pronto puede hacer perder datos o métodos de recuperación."
380,3,Cinturón Verde,Una cocinera dejó el teléfono y su clave de correo en un taller que ahora no responde. ¿Qué debe hacer ahora la persona afectada?,Enviar los códigos de recuperación junto con el equipo.,"Proteger la cuenta desde otro equipo confiable y contactar al taller por sus canales verificables, guardando el comprobante.",Anotar todos los secretos en un papel pegado a la pantalla.,Entregar claves de correo y banco porque cualquier reparación las exige.,1,"Proteger la cuenta desde otro equipo confiable y contactar al taller por sus canales verificables, guardando el comprobante. Una reparación física no justifica por sí sola acceso a cuentas bancarias o al correo personal. Algunas pruebas requieren acceso limitado al equipo; eso debe explicarse y acordarse, sin entregar secretos de cuentas ajenas a la reparación."
381,3,Cinturón Verde,Un chofer instaló la actualización de un anuncio y después el teléfono muestra una aplicación que no reconoce. Ya se ha iniciado esta medida: «Evitar operaciones sensibles y pedir ayuda confiable para revisar y retirar lo instalado.» ¿Qué comprobación o seguimiento conviene realizar?,"Dar por cerrado el incidente al completar una sola medida, sin revisar sus resultados.","Comprobar permisos, aplicaciones y actualizaciones reales; proteger las cuentas si hubo exposición.","Borrar mensajes y comprobantes antes de revisar si hubo otros accesos, cambios o consecuencias.","Confiar únicamente en que no aparezcan nuevos avisos, sin comprobar el estado de los accesos o datos afectados.",1,"Comprobar permisos, aplicaciones y actualizaciones reales; proteger las cuentas si hubo exposición. Las actualizaciones corrigen fallos, pero un anuncio puede imitar ese proceso para distribuir un programa dañino. Actualizar reduce fallos conocidos, pero no reemplaza la revisión de mensajes ni convierte toda descarga en segura."
382,3,Cinturón Verde,"Una tendera instaló una aplicación desconocida y luego recibió solicitudes extrañas de acceso bancario. Ya se ha iniciado esta medida: «Dejar de usar ese equipo para banca, consultar al banco desde otro equipo confiable y buscar revisión técnica.» ¿Qué comprobación o seguimiento conviene realizar?","Confiar únicamente en que no aparezcan nuevos avisos, sin comprobar el estado de los accesos o datos afectados.","Dar por cerrado el incidente al completar una sola medida, sin revisar sus resultados.","Borrar mensajes y comprobantes antes de revisar si hubo otros accesos, cambios o consecuencias.",Revisar los permisos otorgados y las cuentas utilizadas durante la exposición.,3,"Revisar los permisos otorgados y las cuentas utilizadas durante la exposición. Una descarga no verificada puede ocultar funciones dañinas; que parezca funcionar no demuestra que cuide tus datos. Una tienda oficial reduce ciertos riesgos, pero ninguna tienda garantiza que todas sus aplicaciones sean inofensivas."
383,3,Cinturón Verde,"Una cocinera dio acceso a sus contactos a una aplicación de préstamos y estos empezaron a recibir amenazas. Ya se ha iniciado esta medida: «Retirar permisos, buscar ayuda para revisar la aplicación y guardar pruebas de las amenazas sin enviar más datos.» ¿Qué comprobación o seguimiento conviene realizar?","Dar por cerrado el incidente al completar una sola medida, sin revisar sus resultados.",Advertir a los contactos afectados y seguir las vías de apoyo y reporte pertinentes.,"Borrar mensajes y comprobantes antes de revisar si hubo otros accesos, cambios o consecuencias.","Confiar únicamente en que no aparezcan nuevos avisos, sin comprobar el estado de los accesos o datos afectados.",1,"Advertir a los contactos afectados y seguir las vías de apoyo y reporte pertinentes. Los permisos abren acceso a información o funciones; deben corresponder a la tarea que quieres realizar. Retirar un permiso corta accesos futuros, pero no borra automáticamente información que ya fue copiada."
384,3,Cinturón Verde,Una secretaria descubre permiso permanente de micrófono en una aplicación que ya no utiliza. Ya se ha iniciado esta medida: «Retirar el permiso o desinstalar la aplicación si no la necesita y revisar otros accesos.» ¿Qué comprobación o seguimiento conviene realizar?,"Borrar mensajes y comprobantes antes de revisar si hubo otros accesos, cambios o consecuencias.","Dar por cerrado el incidente al completar una sola medida, sin revisar sus resultados.","Confiar únicamente en que no aparezcan nuevos avisos, sin comprobar el estado de los accesos o datos afectados.",Comprobar en los ajustes qué aplicaciones conservan ese permiso.,3,Comprobar en los ajustes qué aplicaciones conservan ese permiso. El micrófono puede captar audio; bajar el volumen del altavoz no controla ese permiso. Un permiso no prueba que haya espionaje; permite una capacidad que conviene limitar y comprender.
385,3,Cinturón Verde,"Una chofer descubrió que había dejado un enlace de ubicación en vivo abierto a un grupo amplio. Ya se ha iniciado esta medida: «Detener el enlace y revisar quién podía verlo, sin publicar nuevamente su ubicación para aclararlo.» ¿Qué comprobación o seguimiento conviene realizar?","Confiar únicamente en que no aparezcan nuevos avisos, sin comprobar el estado de los accesos o datos afectados.","Borrar mensajes y comprobantes antes de revisar si hubo otros accesos, cambios o consecuencias.",Comprobar que el vínculo ya no esté activo y ajustar futuras duraciones y destinatarios.,"Dar por cerrado el incidente al completar una sola medida, sin revisar sus resultados.",2,"Comprobar que el vínculo ya no esté activo y ajustar futuras duraciones y destinatarios. La ubicación precisa y continua puede revelar rutinas que no son necesarias para una consulta de clima. Compartir ubicación puede ser útil para cuidarse; la clave es elegir finalidad, destinatario y duración."
386,3,Cinturón Verde,"Una secretaria envió una carpeta completa con facturas y documentos personales a un proveedor. Ya se ha iniciado esta medida: «Retirar el acceso donde sea posible y pedir la eliminación de lo enviado por error, identificando qué datos se expusieron.» ¿Qué comprobación o seguimiento conviene realizar?","Borrar mensajes y comprobantes antes de revisar si hubo otros accesos, cambios o consecuencias.",Comprobar permisos de la carpeta y valorar medidas adicionales según los documentos compartidos.,"Dar por cerrado el incidente al completar una sola medida, sin revisar sus resultados.","Confiar únicamente en que no aparezcan nuevos avisos, sin comprobar el estado de los accesos o datos afectados.",1,"Comprobar permisos de la carpeta y valorar medidas adicionales según los documentos compartidos. Limitar el acceso reduce la información ajena a la tarea que queda expuesta. Pedir borrar una copia ayuda, pero no permite confirmar por sí solo que no existan otras copias."
387,3,Cinturón Verde,"Un soldador permitió control remoto y vio que el desconocido abrió archivos personales. Ya se ha iniciado esta medida: «Cortar la conexión, retirar el acceso con ayuda confiable y proteger las cuentas posiblemente expuestas desde otro equipo seguro.» ¿Qué comprobación o seguimiento conviene realizar?","Revisar si quedaron herramientas, cuentas o permisos de acceso permanente.","Confiar únicamente en que no aparezcan nuevos avisos, sin comprobar el estado de los accesos o datos afectados.","Dar por cerrado el incidente al completar una sola medida, sin revisar sus resultados.","Borrar mensajes y comprobantes antes de revisar si hubo otros accesos, cambios o consecuencias.",0,"Revisar si quedaron herramientas, cuentas o permisos de acceso permanente. Una herramienta legítima puede permitir acciones peligrosas cuando se entrega el control a una persona no verificada. El acceso remoto no es malo por sí mismo; importa quién lo recibe, para qué y durante cuánto tiempo."
388,3,Cinturón Verde,Una secretaria ejecutó ese adjunto en Windows y comenzaron a abrirse ventanas y programas desconocidos. Ya se ha iniciado esta medida: «Desconectar el equipo de la red y contactar al soporte conocido para revisar el posible programa dañino.» ¿Qué comprobación o seguimiento conviene realizar?,"Confiar únicamente en que no aparezcan nuevos avisos, sin comprobar el estado de los accesos o datos afectados.","Dar por cerrado el incidente al completar una sola medida, sin revisar sus resultados.",Revisar con soporte el estado del equipo y proteger desde otro dispositivo las cuentas que pudieron exponerse.,"Borrar mensajes y comprobantes antes de revisar si hubo otros accesos, cambios o consecuencias.",2,Revisar con soporte el estado del equipo y proteger desde otro dispositivo las cuentas que pudieron exponerse. La terminación .exe identifica un programa de Windows; incluir «pdf» en el nombre no lo convierte en un documento. Un .exe de Windows no se ejecuta normalmente como aplicación nativa en Android o iPhone; el contexto del equipo importa.
389,3,Cinturón Verde,Una tendera instaló el archivo del bono y concedió acceso a mensajes. Ya se ha iniciado esta medida: «Evitar usar cuentas sensibles en ese equipo y pedir revisión confiable de la aplicación y sus permisos.» ¿Qué comprobación o seguimiento conviene realizar?,"Confiar únicamente en que no aparezcan nuevos avisos, sin comprobar el estado de los accesos o datos afectados.","Dar por cerrado el incidente al completar una sola medida, sin revisar sus resultados.","Comprobar cuentas y operaciones que pudieron verse afectadas, usando otro equipo confiable cuando sea necesario.","Borrar mensajes y comprobantes antes de revisar si hubo otros accesos, cambios o consecuencias.",2,"Comprobar cuentas y operaciones que pudieron verse afectadas, usando otro equipo confiable cuando sea necesario. APK significa paquete de aplicación de Android; puede instalar una aplicación y no es solo una imagen o formulario. La extensión describe el tipo de archivo; la procedencia, los permisos y su comportamiento determinan el riesgo. APK: Paquete de aplicación de Android (Android Package): archivo que permite instalar una aplicación de Android; su tipo no garantiza seguridad."
390,3,Cinturón Verde,Un cocinero aceptó avisos y ahora recibe falsas alertas de virus incluso después de cerrar la receta. Ya se ha iniciado esta medida: «Retirar el permiso de notificación al sitio desde el navegador y no abrir los enlaces de las alertas.» ¿Qué comprobación o seguimiento conviene realizar?,"Borrar mensajes y comprobantes antes de revisar si hubo otros accesos, cambios o consecuencias.","Dar por cerrado el incidente al completar una sola medida, sin revisar sus resultados.",Comprobar que el sitio ya no tiene permiso y revisar si llegó a instalar algo aparte.,"Confiar únicamente en que no aparezcan nuevos avisos, sin comprobar el estado de los accesos o datos afectados.",2,Comprobar que el sitio ya no tiene permiso y revisar si llegó a instalar algo aparte. Los sitios con permiso pueden enviar avisos que parecen del teléfono y usarlos para presentar engaños. Recibir avisos molestos no demuestra por sí solo una infección; conviene distinguir permiso de notificaciones e instalación de programas.
391,3,Cinturón Verde,Un agricultor concedió ese permiso a una aplicación dudosa y notó acciones que no inició. Ya se ha iniciado esta medida: «Dejar de usar cuentas sensibles y pedir ayuda confiable para retirar el servicio y revisar el equipo.» ¿Qué comprobación o seguimiento conviene realizar?,"Confiar únicamente en que no aparezcan nuevos avisos, sin comprobar el estado de los accesos o datos afectados.","Borrar mensajes y comprobantes antes de revisar si hubo otros accesos, cambios o consecuencias.","Dar por cerrado el incidente al completar una sola medida, sin revisar sus resultados.",Comprobar permisos especiales y proteger las cuentas usadas durante el acceso no deseado.,3,"Comprobar permisos especiales y proteger las cuentas usadas durante el acceso no deseado. Algunos permisos de accesibilidad permiten observar o controlar acciones; son útiles, pero demasiado amplios para un descuento sin justificación. Las funciones de accesibilidad son valiosas; el riesgo está en conceder capacidades amplias a aplicaciones no verificadas."
392,3,Cinturón Verde,Una tendera nota lentitud y además encuentra una aplicación desconocida con permisos sobre mensajes. Ya se ha iniciado esta medida: «Buscar revisión confiable y evitar operaciones sensibles hasta aclarar esa aplicación y sus permisos.» ¿Qué comprobación o seguimiento conviene realizar?,"Dar por cerrado el incidente al completar una sola medida, sin revisar sus resultados.",Comprobar qué se instaló y revisar las cuentas afectadas según lo que encuentre la revisión.,"Confiar únicamente en que no aparezcan nuevos avisos, sin comprobar el estado de los accesos o datos afectados.","Borrar mensajes y comprobantes antes de revisar si hubo otros accesos, cambios o consecuencias.",1,Comprobar qué se instaló y revisar las cuentas afectadas según lo que encuentre la revisión. La lentitud o el calor tienen varias causas; por sí solos no identifican un programa espía. Conviene investigar señales concretas sin alarmar: ni la lentitud confirma infección ni la velocidad la descarta.
393,3,Cinturón Verde,Una secretaria conectó una memoria desconocida y el sistema abrió una ventana de instalación inesperada. Ya se ha iniciado esta medida: «No autorizar la instalación y avisar al soporte para evaluar qué ocurrió y cómo desconectarla con seguridad.» ¿Qué comprobación o seguimiento conviene realizar?,Seguir la revisión del equipo y no volver a conectar la memoria para investigar por su cuenta.,"Dar por cerrado el incidente al completar una sola medida, sin revisar sus resultados.","Confiar únicamente en que no aparezcan nuevos avisos, sin comprobar el estado de los accesos o datos afectados.","Borrar mensajes y comprobantes antes de revisar si hubo otros accesos, cambios o consecuencias.",0,"Seguir la revisión del equipo y no volver a conectar la memoria para investigar por su cuenta. Un dispositivo desconocido puede contener archivos dañinos o actuar de formas no esperadas al conectarlo. No toda memoria encontrada es maliciosa, pero un usuario sin medios de revisión no necesita conectarla para comprobarlo."
394,3,Cinturón Verde,Una cocinera pierde su teléfono y recuerda que tenía una copia de documentos en otro servicio. Ya se ha iniciado esta medida: «Proteger las cuentas y recuperar los documentos desde el servicio legítimo usando un equipo confiable.» ¿Qué comprobación o seguimiento conviene realizar?,"Confiar únicamente en que no aparezcan nuevos avisos, sin comprobar el estado de los accesos o datos afectados.","Dar por cerrado el incidente al completar una sola medida, sin revisar sus resultados.","Borrar mensajes y comprobantes antes de revisar si hubo otros accesos, cambios o consecuencias.",Comprobar la fecha y contenido de lo recuperado y reactivar las copias para el nuevo equipo.,3,"Comprobar la fecha y contenido de lo recuperado y reactivar las copias para el nuevo equipo. Una copia en el mismo equipo puede perderse con el original si el equipo se rompe, se pierde o es robado. Una copia ayuda a recuperar información; no evita que alguien robe o divulgue el original."
395,3,Cinturón Verde,Una secretaria borró una carpeta y el borrado se propagó a los demás equipos. Ya se ha iniciado esta medida: «Consultar la papelera y el historial del servicio oficial antes de seguir modificando archivos.» ¿Qué comprobación o seguimiento conviene realizar?,"Borrar mensajes y comprobantes antes de revisar si hubo otros accesos, cambios o consecuencias.","Confiar únicamente en que no aparezcan nuevos avisos, sin comprobar el estado de los accesos o datos afectados.","Dar por cerrado el incidente al completar una sola medida, sin revisar sus resultados.",Verificar los documentos restaurados y preparar una copia adicional para futuros errores.,3,"Verificar los documentos restaurados y preparar una copia adicional para futuros errores. La sincronización puede repetir borrados o daños; un respaldo debe permitir recuperar una versión útil. Los servicios tienen comportamientos distintos; hay que comprobar cómo elimina, conserva y recupera archivos el que usas."
396,3,Cinturón Verde,"Un agricultor intenta recuperar registros y descubre que faltan los últimos tres meses. Ya se ha iniciado esta medida: «Buscar otras copias y documentos disponibles sin sobrescribirlos, y ajustar la rutina de respaldo.» ¿Qué comprobación o seguimiento conviene realizar?",Probar una restauración nueva y verificar que incluya los registros recientes.,"Borrar mensajes y comprobantes antes de revisar si hubo otros accesos, cambios o consecuencias.","Confiar únicamente en que no aparezcan nuevos avisos, sin comprobar el estado de los accesos o datos afectados.","Dar por cerrado el incidente al completar una sola medida, sin revisar sus resultados.",0,"Probar una restauración nueva y verificar que incluya los registros recientes. Una copia antigua, incompleta o inaccesible puede no servir cuando la necesites. Probar la recuperación forma parte del respaldo; no hace falta esperar a una emergencia para aprender los pasos."
397,3,Cinturón Verde,"Una secretaria descubre que el enlace público a la carpeta de clientes fue reenviado a un grupo. Ya se ha iniciado esta medida: «Revocar el enlace, identificar la información expuesta y avisar al responsable que corresponda.» ¿Qué comprobación o seguimiento conviene realizar?",Comprobar los nuevos permisos y documentar a quién se informó sin difundir otra vez los datos.,"Borrar mensajes y comprobantes antes de revisar si hubo otros accesos, cambios o consecuencias.","Confiar únicamente en que no aparezcan nuevos avisos, sin comprobar el estado de los accesos o datos afectados.","Dar por cerrado el incidente al completar una sola medida, sin revisar sus resultados.",0,"Comprobar los nuevos permisos y documentar a quién se informó sin difundir otra vez los datos. Un enlace abierto puede circular fuera del destinatario inicial y exponer documentos de otras personas. Restringir un enlace corta acceso futuro, pero no retira copias que alguien ya descargó."
398,3,Cinturón Verde,Un tendero descubre que un antiguo empleado seguía recibiendo mensajes del negocio en su computadora. Ya se ha iniciado esta medida: «Cerrar esa vinculación y revisar permisos y accesos compartidos del negocio.» ¿Qué comprobación o seguimiento conviene realizar?,"Borrar mensajes y comprobantes antes de revisar si hubo otros accesos, cambios o consecuencias.",Comprobar la lista de equipos y avisar a clientes si se enviaron mensajes no autorizados.,"Dar por cerrado el incidente al completar una sola medida, sin revisar sus resultados.","Confiar únicamente en que no aparezcan nuevos avisos, sin comprobar el estado de los accesos o datos afectados.",1,"Comprobar la lista de equipos y avisar a clientes si se enviaron mensajes no autorizados. Un dispositivo vinculado puede tener acceso a mensajes según el servicio, aunque sigas usando tu teléfono. Cerrar un acceso no borra necesariamente mensajes que ya se hubieran visto o copiado."
399,3,Cinturón Verde,"Un chofer entregó su teléfono antiguo y luego vio actividad en una cuenta que dejó abierta. Ya se ha iniciado esta medida: «Cerrar accesos desde otro equipo confiable, cambiar secretos expuestos y contactar al comprador para completar el borrado sin darle claves.» ¿Qué comprobación o seguimiento conviene realizar?",Revisar dispositivos autorizados y confirmar la separación del teléfono antiguo de sus cuentas.,"Dar por cerrado el incidente al completar una sola medida, sin revisar sus resultados.","Borrar mensajes y comprobantes antes de revisar si hubo otros accesos, cambios o consecuencias.","Confiar únicamente en que no aparezcan nuevos avisos, sin comprobar el estado de los accesos o datos afectados.",0,"Revisar dispositivos autorizados y confirmar la separación del teléfono antiguo de sus cuentas. Eliminar fotos o iconos no borra todas las cuentas, sesiones y datos del equipo. El procedimiento depende del fabricante; borrar mal o demasiado pronto puede hacer perder datos o métodos de recuperación."
400,3,Cinturón Verde,"Una cocinera dejó el teléfono y su clave de correo en un taller que ahora no responde. Ya se ha iniciado esta medida: «Proteger la cuenta desde otro equipo confiable y contactar al taller por sus canales verificables, guardando el comprobante.» ¿Qué comprobación o seguimiento conviene realizar?","Confiar únicamente en que no aparezcan nuevos avisos, sin comprobar el estado de los accesos o datos afectados.","Borrar mensajes y comprobantes antes de revisar si hubo otros accesos, cambios o consecuencias.","Dar por cerrado el incidente al completar una sola medida, sin revisar sus resultados.","Revisar accesos, datos de recuperación y las condiciones de devolución del equipo.",3,"Revisar accesos, datos de recuperación y las condiciones de devolución del equipo. Una reparación física no justifica por sí sola acceso a cuentas bancarias o al correo personal. Algunas pruebas requieren acceso limitado al equipo; eso debe explicarse y acordarse, sin entregar secretos de cuentas ajenas a la reparación."
401,3,Cinturón Verde,"Sobre «Actualizaciones desde los ajustes», ¿qué afirmación evita una falsa sensación de seguridad o una alarma innecesaria?",La urgencia de una página demuestra que su archivo es necesario.,Un equipo actualizado no puede recibir mensajes fraudulentos.,Cualquier archivo llamado «actualización» proviene del fabricante.,"Actualizar reduce fallos conocidos, pero no reemplaza la revisión de mensajes ni convierte toda descarga en segura.",3,"Las actualizaciones corrigen fallos, pero un anuncio puede imitar ese proceso para distribuir un programa dañino. Actualizar reduce fallos conocidos, pero no reemplaza la revisión de mensajes ni convierte toda descarga en segura."
402,3,Cinturón Verde,"Sobre «Origen de las aplicaciones», ¿qué afirmación evita una falsa sensación de seguridad o una alarma innecesaria?",Una aplicación que abre correctamente no puede robar información.,"Una tienda oficial reduce ciertos riesgos, pero ninguna tienda garantiza que todas sus aplicaciones sean inofensivas.",Probar una aplicación dudosa en otro teléfono elimina el riesgo para esa persona. Una aplicación que abre correctamente no puede robar información.,La recomendación de un conocido sustituye la revisión del desarrollador.,1,"Una descarga no verificada puede ocultar funciones dañinas; que parezca funcionar no demuestra que cuide tus datos. Una tienda oficial reduce ciertos riesgos, pero ninguna tienda garantiza que todas sus aplicaciones sean inofensivas."
403,3,Cinturón Verde,"Sobre «Permisos que no hacen falta», ¿qué afirmación evita una falsa sensación de seguridad o una alarma innecesaria?",Todas las aplicaciones necesitan tus contactos para funcionar.,"Retirar un permiso corta accesos futuros, pero no borra automáticamente información que ya fue copiada.",Conceder un permiso una sola vez impide copiar información.,Un icono conocido demuestra que los permisos están justificados.,1,"Los permisos abren acceso a información o funciones; deben corresponder a la tarea que quieres realizar. Retirar un permiso corta accesos futuros, pero no borra automáticamente información que ya fue copiada."
404,3,Cinturón Verde,"Sobre «Acceso al micrófono», ¿qué afirmación evita una falsa sensación de seguridad o una alarma innecesaria?",El uso del micrófono por una aplicación autoriza a todas las demás.,Un permiso no prueba que haya espionaje; permite una capacidad que conviene limitar y comprender.,Poner el teléfono en silencio impide a cualquier aplicación usar el micrófono.,Una aplicación gratuita puede pedir cualquier permiso sin explicación. El uso del micrófono por una aplicación autoriza a todas las demás.,1,El micrófono puede captar audio; bajar el volumen del altavoz no controla ese permiso. Un permiso no prueba que haya espionaje; permite una capacidad que conviene limitar y comprender.
405,3,Cinturón Verde,"Sobre «Ubicación solo cuando hace falta», ¿qué afirmación evita una falsa sensación de seguridad o una alarma innecesaria?","Compartir ubicación puede ser útil para cuidarse; la clave es elegir finalidad, destinatario y duración.",Todas las aplicaciones necesitan seguir tu recorrido para funcionar.,Cerrar la pantalla cancela por sí solo cualquier permiso de ubicación permanente.,Elegir una ciudad manualmente revela siempre tu dirección exacta.,0,"La ubicación precisa y continua puede revelar rutinas que no son necesarias para una consulta de clima. Compartir ubicación puede ser útil para cuidarse; la clave es elegir finalidad, destinatario y duración."
406,3,Cinturón Verde,"Sobre «Acceso a fotos y documentos», ¿qué afirmación evita una falsa sensación de seguridad o una alarma innecesaria?",Un enlace público solo puede abrirlo la persona a quien se lo mandas primero.,"Pedir borrar una copia ayuda, pero no permite confirmar por sí solo que no existan otras copias.",Enviar más archivos de los necesarios mejora automáticamente la privacidad. Una factura exige acceso a todas las fotos personales.,Una factura exige acceso a todas las fotos personales. Un enlace público solo puede abrirlo la persona a quien se lo mandas primero.,1,"Limitar el acceso reduce la información ajena a la tarea que queda expuesta. Pedir borrar una copia ayuda, pero no permite confirmar por sí solo que no existan otras copias."
407,3,Cinturón Verde,"Sobre «Asistencia remota y control del equipo», ¿qué afirmación evita una falsa sensación de seguridad o una alarma innecesaria?",El nombre conocido de una herramienta certifica a toda persona que la use. Observar la pantalla impide que alguien copie datos.,Observar la pantalla impide que alguien copie datos. Un técnico necesita acceder a tu banca para revisar cualquier problema del equipo.,Un técnico necesita acceder a tu banca para revisar cualquier problema del equipo.,"El acceso remoto no es malo por sí mismo; importa quién lo recibe, para qué y durante cuánto tiempo.",3,"Una herramienta legítima puede permitir acciones peligrosas cuando se entrega el control a una persona no verificada. El acceso remoto no es malo por sí mismo; importa quién lo recibe, para qué y durante cuánto tiempo."
408,3,Cinturón Verde,"Sobre «Archivos de Windows disfrazados», ¿qué afirmación evita una falsa sensación de seguridad o una alarma innecesaria?",Cambiar el nombre de un archivo modifica automáticamente su contenido. Todo archivo que contiene «pdf» en el nombre es un documento de lectura.,Todo archivo que contiene «pdf» en el nombre es un documento de lectura.,Un .exe de Windows no se ejecuta normalmente como aplicación nativa en Android o iPhone; el contexto del equipo importa.,Desactivar la protección permite comprobar archivos sin riesgo. Cambiar el nombre de un archivo modifica automáticamente su contenido.,2,La terminación .exe identifica un programa de Windows; incluir «pdf» en el nombre no lo convierte en un documento. Un .exe de Windows no se ejecuta normalmente como aplicación nativa en Android o iPhone; el contexto del equipo importa.
409,3,Cinturón Verde,"Sobre «Instaladores enviados por chat», ¿qué afirmación evita una falsa sensación de seguridad o una alarma innecesaria?","La extensión describe el tipo de archivo; la procedencia, los permisos y su comportamiento determinan el riesgo.",Los archivos enviados por mensajería ya fueron revisados por la entidad del bono.,Un archivo pequeño no puede contener instrucciones dañinas. Los archivos enviados por mensajería ya fueron revisados por la entidad del bono.,Todos los APK son virus por el hecho de tener esa extensión.,0,"APK significa paquete de aplicación de Android; puede instalar una aplicación y no es solo una imagen o formulario. La extensión describe el tipo de archivo; la procedencia, los permisos y su comportamiento determinan el riesgo. APK: Paquete de aplicación de Android (Android Package): archivo que permite instalar una aplicación de Android; su tipo no garantiza seguridad."
410,3,Cinturón Verde,"Sobre «Avisos de sitios dentro del navegador», ¿qué afirmación evita una falsa sensación de seguridad o una alarma innecesaria?",Toda notificación que aparece en el equipo proviene del fabricante. Una web sin aplicación instalada no puede enviar avisos si le diste permiso.,Recibir avisos molestos no demuestra por sí solo una infección; conviene distinguir permiso de notificaciones e instalación de programas.,Aparecer fuera de la página convierte una promoción en oficial. Toda notificación que aparece en el equipo proviene del fabricante.,Una web sin aplicación instalada no puede enviar avisos si le diste permiso.,1,Los sitios con permiso pueden enviar avisos que parecen del teléfono y usarlos para presentar engaños. Recibir avisos molestos no demuestra por sí solo una infección; conviene distinguir permiso de notificaciones e instalación de programas.
411,3,Cinturón Verde,"Sobre «Accesibilidad con permisos amplios», ¿qué afirmación evita una falsa sensación de seguridad o una alarma innecesaria?",Un permiso amplio no puede aprovecharse mientras se prueba una aplicación. Una palabra relacionada con ayuda certifica la intención de la aplicación.,Las funciones de accesibilidad son valiosas; el riesgo está en conceder capacidades amplias a aplicaciones no verificadas.,La accesibilidad solo cambia el tamaño de las letras en todos los casos.,Una palabra relacionada con ayuda certifica la intención de la aplicación.,1,"Algunos permisos de accesibilidad permiten observar o controlar acciones; son útiles, pero demasiado amplios para un descuento sin justificación. Las funciones de accesibilidad son valiosas; el riesgo está en conceder capacidades amplias a aplicaciones no verificadas."
412,3,Cinturón Verde,"Sobre «Lentitud no es un diagnóstico», ¿qué afirmación evita una falsa sensación de seguridad o una alarma innecesaria?",Un equipo rápido no puede tener aplicaciones dañinas. Un anuncio puede identificar la causa exacta solo porque viste su mensaje.,Un equipo lento siempre tiene un virus. Un equipo rápido no puede tener aplicaciones dañinas.,Un anuncio puede identificar la causa exacta solo porque viste su mensaje.,Conviene investigar señales concretas sin alarmar: ni la lentitud confirma infección ni la velocidad la descarta.,3,La lentitud o el calor tienen varias causas; por sí solos no identifican un programa espía. Conviene investigar señales concretas sin alarmar: ni la lentitud confirma infección ni la velocidad la descarta.
413,3,Cinturón Verde,"Sobre «Memorias y accesorios encontrados», ¿qué afirmación evita una falsa sensación de seguridad o una alarma innecesaria?",Probarlo en otro equipo elimina el riesgo para todos. Copiar archivos desconocidos antes de revisarlos garantiza su seguridad.,Una etiqueta de documentos demuestra que solo contiene documentos.,"No toda memoria encontrada es maliciosa, pero un usuario sin medios de revisión no necesita conectarla para comprobarlo.",Copiar archivos desconocidos antes de revisarlos garantiza su seguridad.,2,"Un dispositivo desconocido puede contener archivos dañinos o actuar de formas no esperadas al conectarlo. No toda memoria encontrada es maliciosa, pero un usuario sin medios de revisión no necesita conectarla para comprobarlo."
414,3,Cinturón Verde,"Sobre «Copia de seguridad separada», ¿qué afirmación evita una falsa sensación de seguridad o una alarma innecesaria?",Una copia ayuda a recuperar información; no evita que alguien robe o divulgue el original.,Un equipo nuevo no puede perderse ni fallar.,Dos carpetas en un teléfono equivalen a dos equipos independientes. Un equipo nuevo no puede perderse ni fallar.,Tener una copia vuelve imposible el robo de datos.,0,"Una copia en el mismo equipo puede perderse con el original si el equipo se rompe, se pierde o es robado. Una copia ayuda a recuperar información; no evita que alguien robe o divulgue el original."
415,3,Cinturón Verde,"Sobre «Sincronizar no siempre es respaldar», ¿qué afirmación evita una falsa sensación de seguridad o una alarma innecesaria?",Sincronizar siempre conserva todos los archivos borrados para siempre. La palabra «nube» garantiza una copia independiente del estado actual.,Todo servicio conserva versiones durante el mismo plazo. Sincronizar siempre conserva todos los archivos borrados para siempre.,La palabra «nube» garantiza una copia independiente del estado actual. Todo servicio conserva versiones durante el mismo plazo.,"Los servicios tienen comportamientos distintos; hay que comprobar cómo elimina, conserva y recupera archivos el que usas.",3,"La sincronización puede repetir borrados o daños; un respaldo debe permitir recuperar una versión útil. Los servicios tienen comportamientos distintos; hay que comprobar cómo elimina, conserva y recupera archivos el que usas."
416,3,Cinturón Verde,"Sobre «Probar que la copia sirve», ¿qué afirmación evita una falsa sensación de seguridad o una alarma innecesaria?","Si un archivo aparece listado, siempre puede abrirse sin comprobarlo.",Toda copia se actualiza aunque no se haya configurado.,El nombre de la carpeta prueba que todos los documentos están respaldados.,Probar la recuperación forma parte del respaldo; no hace falta esperar a una emergencia para aprender los pasos.,3,"Una copia antigua, incompleta o inaccesible puede no servir cuando la necesites. Probar la recuperación forma parte del respaldo; no hace falta esperar a una emergencia para aprender los pasos."
417,3,Cinturón Verde,"Sobre «Carpetas compartidas por enlace», ¿qué afirmación evita una falsa sensación de seguridad o una alarma innecesaria?",Una dirección larga funciona como una contraseña imposible de compartir. Quien recibe un enlace abierto no puede reenviarlo.,Dar permiso de edición es necesario para leer cualquier factura. Una dirección larga funciona como una contraseña imposible de compartir.,"Restringir un enlace corta acceso futuro, pero no retira copias que alguien ya descargó.",Quien recibe un enlace abierto no puede reenviarlo.,2,"Un enlace abierto puede circular fuera del destinatario inicial y exponer documentos de otras personas. Restringir un enlace corta acceso futuro, pero no retira copias que alguien ya descargó."
418,3,Cinturón Verde,"Sobre «Dispositivos vinculados a mensajería», ¿qué afirmación evita una falsa sensación de seguridad o una alarma innecesaria?",Que el teléfono funcione demuestra que no existe otro acceso. Borrar una conversación cierra automáticamente todas las sesiones.,Una cuenta solo puede usarse en un dispositivo en todos los servicios.,Cerrar un acceso no borra necesariamente mensajes que ya se hubieran visto o copiado.,Borrar una conversación cierra automáticamente todas las sesiones. Una cuenta solo puede usarse en un dispositivo en todos los servicios.,2,"Un dispositivo vinculado puede tener acceso a mensajes según el servicio, aunque sigas usando tu teléfono. Cerrar un acceso no borra necesariamente mensajes que ya se hubieran visto o copiado."
419,3,Cinturón Verde,"Sobre «Vender o entregar el teléfono», ¿qué afirmación evita una falsa sensación de seguridad o una alarma innecesaria?",Quitar un icono equivale siempre a borrar los datos y cerrar la cuenta. El comprador necesita tu contraseña personal para usar el teléfono con su propia cuenta.,Borrar las fotos visibles elimina todos los documentos y mensajes.,El comprador necesita tu contraseña personal para usar el teléfono con su propia cuenta.,El procedimiento depende del fabricante; borrar mal o demasiado pronto puede hacer perder datos o métodos de recuperación.,3,"Eliminar fotos o iconos no borra todas las cuentas, sesiones y datos del equipo. El procedimiento depende del fabricante; borrar mal o demasiado pronto puede hacer perder datos o métodos de recuperación."
420,3,Cinturón Verde,"Sobre «Reparación del equipo», ¿qué afirmación evita una falsa sensación de seguridad o una alarma innecesaria?",Los códigos de recuperación sirven para comprobar una pantalla.,"Algunas pruebas requieren acceso limitado al equipo; eso debe explicarse y acordarse, sin entregar secretos de cuentas ajenas a la reparación.",Un recibo de reparación impide que los datos queden expuestos.,Todos los arreglos requieren las contraseñas de todas las cuentas.,1,"Una reparación física no justifica por sí sola acceso a cuentas bancarias o al correo personal. Algunas pruebas requieren acceso limitado al equipo; eso debe explicarse y acordarse, sin entregar secretos de cuentas ajenas a la reparación."
421,4,Cinturón Azul,Recibes un audio con una voz idéntica a la de tu hermana que pide dinero urgente a una cuenta nueva y exige secreto. ¿Qué idea conviene recordar para evaluar lo que ocurre?,El secreto impuesto por quien pide dinero demuestra que la emergencia es auténtica. Una voz natural nunca puede ser artificial.,Una voz natural nunca puede ser artificial. Pedir un segundo audio al mismo contacto garantiza su identidad.,Pedir un segundo audio al mismo contacto garantiza su identidad.,La inteligencia artificial puede imitar voces de forma convincente; reconocer una voz no verifica por sí solo la petición.,3,La inteligencia artificial puede imitar voces de forma convincente; reconocer una voz no verifica por sí solo la petición. En la práctica: Confirmar la emergencia por un contacto habitual o con una persona cercana antes de transferir.
422,4,Cinturón Azul,Un video de una persona conocida recomienda una inversión y promete duplicar tus ahorros en una semana. ¿Cuál es la explicación correcta sobre este riesgo?,Una imagen o video puede alterarse o usarse fuera de contexto; la fama no demuestra que una inversión sea legítima.,Los comentarios positivos certifican una inversión.,Un video de buena calidad no puede estar manipulado. Los comentarios positivos certifican una inversión.,La presencia de una persona famosa garantiza la recuperación del dinero. Un video de buena calidad no puede estar manipulado.,0,Una imagen o video puede alterarse o usarse fuera de contexto; la fama no demuestra que una inversión sea legítima. En la práctica: Buscar la declaración en sus canales reales y verificar de forma independiente la entidad antes de entregar dinero.
423,4,Cinturón Azul,"Al escanear el código de una mesa, la página pide la contraseña del correo para mostrar el menú. ¿Qué principio ayuda a decidir con más seguridad?",Escanear un código autoriza cualquier pago que aparezca después.,Todo código colocado dentro de un negocio fue revisado por el dueño. Un menú necesita la contraseña de tu correo para identificarte.,Un menú necesita la contraseña de tu correo para identificarte. Escanear un código autoriza cualquier pago que aparezca después.,"Un código QR, de respuesta rápida, puede abrir una dirección; su ubicación no demuestra que el destino sea legítimo.",3,"Un código QR, de respuesta rápida, puede abrir una dirección; su ubicación no demuestra que el destino sea legítimo. En la práctica: Cerrar la página y pedir al personal el menú o el enlace correcto sin entregar la clave. QR: Código de respuesta rápida (Quick Response): cuadro de puntos que el teléfono lee; puede contener un enlace o datos de pago."
424,4,Cinturón Azul,"En la caja de una tienda, un código de pago muestra en tu aplicación un destinatario distinto al nombre indicado por el vendedor. ¿Qué explicación ayuda a entender esta situación?",Un código impreso nunca puede sustituirse.,Un código puede reemplazarse o apuntar a otra cuenta; la pantalla final permite comprobar a quién se enviará el dinero.,Un importe correcto evita cualquier error de destinatario.,El lugar donde está pegado garantiza el dueño de la cuenta.,1,Un código puede reemplazarse o apuntar a otra cuenta; la pantalla final permite comprobar a quién se enviará el dinero. En la práctica: Detener el pago y confirmar el destinatario con el responsable de la tienda. QR: Código de respuesta rápida (Quick Response): cuadro de puntos que el teléfono lee; puede contener un enlace o datos de pago.
425,4,Cinturón Azul,Publicas que tu pedido no llegó y una cuenta con el logo de la tienda te escribe por privado pidiendo claves para ayudarte. ¿Qué idea conviene recordar para evaluar lo que ocurre?,Conocer el pedido publicado en una queja demuestra acceso interno a la tienda. Quien responde primero representa necesariamente al comercio.,Quien responde primero representa necesariamente al comercio.,Los impostores pueden buscar quejas públicas para ofrecer falsa ayuda con datos del problema que acabas de contar.,Un logotipo en el perfil verifica que el soporte es oficial. Conocer el pedido publicado en una queja demuestra acceso interno a la tienda.,2,Los impostores pueden buscar quejas públicas para ofrecer falsa ayuda con datos del problema que acabas de contar. En la práctica: Entrar al soporte desde tu pedido o la página oficial y no entregar claves por el mensaje privado.
426,4,Cinturón Azul,Te ofrecen trabajo empacando productos y exigen pagar hoy una reserva del puesto a una cuenta personal sin contrato verificable. ¿Cuál es la explicación correcta sobre este riesgo?,Una oferta enviada por mensajería está validada como empleo real.,Un salario alto garantiza que la empresa tiene dinero para contratar.,La existencia de otros candidatos demuestra la autenticidad del puesto.,Cobrar por reservar un puesto no verificado puede ser el objetivo de la estafa; la necesidad de trabajo no debe aprovecharse para presionarte.,3,Cobrar por reservar un puesto no verificado puede ser el objetivo de la estafa; la necesidad de trabajo no debe aprovecharse para presionarte. En la práctica: Verificar la empresa y la oferta por canales independientes antes de enviar dinero o documentos.
427,4,Cinturón Azul,Una plataforma paga unos dólares por marcar productos y luego exige que deposites más para desbloquear las siguientes tareas. ¿Qué principio ayuda a decidir con más seguridad?,Depositar más garantiza recuperar lo depositado antes.,Un saldo mostrado en pantalla equivale a dinero retirado y disponible.,"Si una plataforma paga una vez, nunca puede estafar después. Un saldo mostrado en pantalla equivale a dinero retirado y disponible.",Un pago inicial puede usarse para ganar confianza antes de pedir cantidades mayores que no podrás recuperar.,3,Un pago inicial puede usarse para ganar confianza antes de pedir cantidades mayores que no podrás recuperar. En la práctica: Detener los depósitos y no confundir el pequeño pago inicial con una garantía de confianza.
428,4,Cinturón Azul,Un perfil ofrece un préstamo inmediato sin revisión y exige un pago previo a una persona para «activar» el desembolso. ¿Qué explicación ayuda a entender esta situación?,El tamaño del préstamo anunciado garantiza que el prestamista existe.,Un perfil con testimonios sustituye la verificación de la entidad.,Pedir contactos del teléfono demuestra que la entidad evaluó tu capacidad de pago. Un perfil con testimonios sustituye la verificación de la entidad.,Una promesa de préstamo puede utilizarse para cobrar anticipos o recoger datos sin entregar el dinero ofrecido.,3,Una promesa de préstamo puede utilizarse para cobrar anticipos o recoger datos sin entregar el dinero ofrecido. En la práctica: Verificar la entidad por fuentes oficiales y no pagar al perfil sin comprobar contrato y condiciones.
429,4,Cinturón Azul,Un grupo promete duplicar tus ahorros cada mes sin posibilidad de pérdida y solo acepta pagos a una cuenta personal. ¿Qué idea conviene recordar para evaluar lo que ocurre?,Las promesas de rentabilidad alta y segura son señales de alerta; capturas y testimonios pueden fabricarse.,Muchos participantes en un grupo equivalen a una autorización oficial.,Una promesa escrita elimina el riesgo de una inversión. Muchos participantes en un grupo equivalen a una autorización oficial.,Una captura de ganancias prueba que todas las personas pueden retirarlas.,0,Las promesas de rentabilidad alta y segura son señales de alerta; capturas y testimonios pueden fabricarse. En la práctica: No entregar dinero y verificar la entidad y las condiciones por fuentes independientes.
430,4,Cinturón Azul,"Una persona conocida solo por internet expresa afecto y pide dinero para una emergencia, pero rechaza otras formas de comprobarla. ¿Cuál es la explicación correcta sobre este riesgo?",Una foto o una videollamada garantiza que toda historia posterior sea verdadera. Poner un límite al envío de dinero demuestra falta de afecto.,La cercanía emocional puede utilizarse para presionar; sentir afecto no verifica una identidad ni una solicitud de dinero.,Poner un límite al envío de dinero demuestra falta de afecto. Conversar durante meses impide que exista un engaño.,Conversar durante meses impide que exista un engaño. Una foto o una videollamada garantiza que toda historia posterior sea verdadera.,1,La cercanía emocional puede utilizarse para presionar; sentir afecto no verifica una identidad ni una solicitud de dinero. En la práctica: Pausar el envío y hablar con alguien de confianza mientras verificas la situación por vías independientes.
431,4,Cinturón Azul,Una oferta de ingreso extra pide recibir transferencias de desconocidos y reenviarlas a otras cuentas guardando una comisión. ¿Qué principio ayuda a decidir con más seguridad?,Que el dinero pase unos minutos por la cuenta impide que la operación sea investigada. Guardar una comisión pequeña elimina toda responsabilidad.,Recibir instrucciones por escrito vuelve legítimo cualquier movimiento.,Tu cuenta podría utilizarse para mover dinero de origen fraudulento; ser intermediario puede exponerte a consecuencias serias.,Guardar una comisión pequeña elimina toda responsabilidad.,2,Tu cuenta podría utilizarse para mover dinero de origen fraudulento; ser intermediario puede exponerte a consecuencias serias. En la práctica: No prestar la cuenta y verificar la oferta sin mover ese dinero.
432,4,Cinturón Azul,El proveedor habitual responde en un hilo antiguo de correo y pide pagar la factura a una cuenta nueva hoy mismo. ¿Qué explicación ayuda a entender esta situación?,Una cuenta de correo auténtica puede estar comprometida; un hilo conocido no garantiza que el cambio sea legítimo.,Un correo enviado desde la cuenta habitual nunca puede contener instrucciones de un impostor. Responder al mismo hilo es una comprobación independiente.,La urgencia de la factura elimina la necesidad de revisar cambios bancarios.,Responder al mismo hilo es una comprobación independiente.,0,Una cuenta de correo auténtica puede estar comprometida; un hilo conocido no garantiza que el cambio sea legítimo. En la práctica: Confirmar el cambio por el teléfono previamente conocido y seguir el procedimiento de autorización de pagos.
433,4,Cinturón Azul,Un mensaje que parece del gerente pide comprar tarjetas de regalo y enviar los códigos sin comentarlo con contabilidad. ¿Qué idea conviene recordar para evaluar lo que ocurre?,Una foto de un código no permite canjearlo.,Un cargo directivo hace innecesario confirmar gastos inusuales. Una foto de un código no permite canjearlo.,La autoridad y el secreto pueden usarse para saltar controles; los códigos de regalo pueden gastarse rápidamente al compartirse.,Comprar con dinero propio elimina el riesgo del encargo. Un cargo directivo hace innecesario confirmar gastos inusuales.,2,La autoridad y el secreto pueden usarse para saltar controles; los códigos de regalo pueden gastarse rápidamente al compartirse. En la práctica: Confirmar la orden con el gerente por un contacto conocido y respetar el proceso de gastos.
434,4,Cinturón Azul,Una amiga te envía desde su cuenta habitual un enlace para votar en un concurso que pide la contraseña de tu correo. ¿Cuál es la explicación correcta sobre este riesgo?,Un concurso necesita la contraseña de otra cuenta para contar un voto.,Quien contesta en el mismo chat demuestra por sí solo ser el dueño.,Una cuenta con conversaciones antiguas no puede estar comprometida. Quien contesta en el mismo chat demuestra por sí solo ser el dueño.,Una cuenta conocida puede ser robada o utilizada sin permiso; la confianza en la persona no verifica cada enlace que sale de su cuenta.,3,Una cuenta conocida puede ser robada o utilizada sin permiso; la confianza en la persona no verifica cada enlace que sale de su cuenta. En la práctica: Confirmar con ella por otra vía y no entregar la contraseña para votar.
435,4,Cinturón Azul,"Después de una inundación, un perfil usa fotos impactantes y pide donaciones urgentes a una cuenta que no identifica a la organización. ¿Qué principio ayuda a decidir con más seguridad?",Una tragedia real convierte en auténticas todas las campañas que la mencionan.,Compartir muchas veces una cuenta demuestra que pertenece a una organización.,Las imágenes de una emergencia real pueden utilizarse en una recaudación falsa.,Una imagen emotiva permite identificar al receptor del dinero. Una tragedia real convierte en auténticas todas las campañas que la mencionan.,2,Las imágenes de una emergencia real pueden utilizarse en una recaudación falsa. En la práctica: Comprobar al organizador y la cuenta receptora por canales independientes antes de donar.
436,4,Cinturón Azul,"Un anuncio ofrece un local muy barato y exige reservarlo hoy, pero quien cobra evita mostrarlo y no acredita relación con el inmueble. ¿Qué explicación ayuda a entender esta situación?",Las fotos pueden copiarse de otros anuncios; pagar bajo presión sin verificar al receptor aumenta el riesgo de perder la reserva.,Fotografías profesionales demuestran que quien cobra puede alquilar el lugar.,Una dirección existente garantiza que el anunciante es su propietario. El miedo a perder una oportunidad sustituye la revisión del contrato.,El miedo a perder una oportunidad sustituye la revisión del contrato.,0,"Las fotos pueden copiarse de otros anuncios; pagar bajo presión sin verificar al receptor aumenta el riesgo de perder la reserva. En la práctica: Comprobar inmueble, identidad y condiciones antes de enviar una reserva."
437,4,Cinturón Azul,Un mensaje anuncia que recibes un bono y pide pagar a un gestor por chat para «activar» tu inscripción. ¿Qué idea conviene recordar para evaluar lo que ocurre?,Un beneficio público puede usarse como excusa para cobrar o recoger datos; escudos y nombres institucionales se pueden copiar.,Un escudo oficial impide que el mensaje sea falso.,Un gestor por chat puede exigir tu contraseña bancaria para cualquier trámite.,Compartir primero un anuncio evita que otras personas pierdan un beneficio.,0,Un beneficio público puede usarse como excusa para cobrar o recoger datos; escudos y nombres institucionales se pueden copiar. En la práctica: Consultar el beneficio en el portal o atención oficial de la institución antes de pagar o dar datos.
438,4,Cinturón Azul,Tu teléfono pierde señal sin explicación y al mismo tiempo recibes por correo un aviso de cambio de la línea que no solicitaste. ¿Cuál es la explicación correcta sobre este riesgo?,Un código de bloqueo físico de la SIM impide cualquier cambio fraudulento gestionado ante la operadora.,Los mensajes de acceso nunca dependen del control del número telefónico.,"Una sustitución no autorizada de la SIM, el módulo de identificación del abonado, puede llevar llamadas y mensajes a otra persona.",Perder cobertura siempre demuestra que alguien robó la línea.,2,"Una sustitución no autorizada de la SIM, el módulo de identificación del abonado, puede llevar llamadas y mensajes a otra persona. En la práctica: Contactar a la operadora desde otro teléfono y proteger las cuentas sensibles con sus servicios oficiales. SIM: Módulo de identificación del abonado (Subscriber Identity Module): identifica la suscripción de tu línea móvil; puede existir en tarjeta o en forma digital."
439,4,Cinturón Azul,"Quieres pedir a un asistente de inteligencia artificial que resuma una lista con nombres, cédulas y deudas de tus clientes. ¿Qué principio ayuda a decidir con más seguridad?",Una cuenta personal evita las obligaciones de cuidar datos del negocio.,Usar inteligencia artificial equivale a tener autorización de los clientes para compartir sus datos. Una cuenta personal evita las obligaciones de cuidar datos del negocio.,Un servicio puede tratar o conservar lo que le envías según sus condiciones; no conviene compartir secretos ni datos personales innecesarios.,Todos los asistentes eliminan inmediatamente todo lo que reciben. Usar inteligencia artificial equivale a tener autorización de los clientes para compartir sus datos.,2,Un servicio puede tratar o conservar lo que le envías según sus condiciones; no conviene compartir secretos ni datos personales innecesarios. En la práctica: Quitar datos que identifiquen personas y comprobar las condiciones y autorización de uso antes de subir información del negocio.
440,4,Cinturón Azul,Un asistente digital da un teléfono para recuperar tu cuenta y afirma con seguridad que es oficial. ¿Qué explicación ayuda a entender esta situación?,Una explicación extensa es necesariamente verdadera.,Un asistente que reconoce el nombre de tu banco conoce siempre su teléfono vigente.,Preguntar dos veces a la misma herramienta equivale a dos fuentes independientes. Un asistente que reconoce el nombre de tu banco conoce siempre su teléfono vigente.,Una respuesta automática puede equivocarse o inventar datos; su tono seguro no verifica una fuente.,3,Una respuesta automática puede equivocarse o inventar datos; su tono seguro no verifica una fuente. En la práctica: Comprobar el contacto en el propio servicio antes de llamar o enviar datos.
441,4,Cinturón Azul,Recibes un audio con una voz idéntica a la de tu hermana que pide dinero urgente a una cuenta nueva y exige secreto. ¿Cuál es la decisión más prudente?,Pedir otro audio en el mismo chat como única comprobación.,Confirmar la emergencia por un contacto habitual o con una persona cercana antes de transferir.,Pagar porque reconoces el tono de voz.,Mantener el secreto y enviar dinero para no preocupar a la familia.,1,Confirmar la emergencia por un contacto habitual o con una persona cercana antes de transferir. La inteligencia artificial puede imitar voces de forma convincente; reconocer una voz no verifica por sí solo la petición.
442,4,Cinturón Azul,Un video de una persona conocida recomienda una inversión y promete duplicar tus ahorros en una semana. ¿Qué harías para cuidar tus datos o tu dinero?,Usar solo el enlace del video para comprobar la inversión. La presencia de una persona famosa garantiza la recuperación del dinero.,Confiar si el video tiene muchos comentarios positivos.,Invertir porque el rostro y los labios se ven naturales. Un video de buena calidad no puede estar manipulado.,Buscar la declaración en sus canales reales y verificar de forma independiente la entidad antes de entregar dinero.,3,Buscar la declaración en sus canales reales y verificar de forma independiente la entidad antes de entregar dinero. Una imagen o video puede alterarse o usarse fuera de contexto; la fama no demuestra que una inversión sea legítima.
443,4,Cinturón Azul,"Al escanear el código de una mesa, la página pide la contraseña del correo para mostrar el menú. ¿Cuál es el siguiente paso más seguro?",Introducir la clave porque el código estaba dentro del restaurante. Todo código colocado dentro de un negocio fue revisado por el dueño.,Aceptar una suscripción sin revisar porque dice que es necesaria para continuar. Escanear un código autoriza cualquier pago que aparezca después.,Usar la clave de otra cuenta para poder leer el menú. Un menú necesita la contraseña de tu correo para identificarte.,Cerrar la página y pedir al personal el menú o el enlace correcto sin entregar la clave.,3,"Cerrar la página y pedir al personal el menú o el enlace correcto sin entregar la clave. Un código QR, de respuesta rápida, puede abrir una dirección; su ubicación no demuestra que el destino sea legítimo. QR: Código de respuesta rápida (Quick Response): cuadro de puntos que el teléfono lee; puede contener un enlace o datos de pago."
444,4,Cinturón Azul,"En la caja de una tienda, un código de pago muestra en tu aplicación un destinatario distinto al nombre indicado por el vendedor. ¿Qué conviene hacer?",Detener el pago y confirmar el destinatario con el responsable de la tienda.,Ignorar el nombre porque el importe es correcto.,Pagar dos veces a cuentas distintas para asegurar que una llegue.,Aprobar porque el código está pegado junto a la caja.,0,Detener el pago y confirmar el destinatario con el responsable de la tienda. Un código puede reemplazarse o apuntar a otra cuenta; la pantalla final permite comprobar a quién se enviará el dinero. QR: Código de respuesta rápida (Quick Response): cuadro de puntos que el teléfono lee; puede contener un enlace o datos de pago.
445,4,Cinturón Azul,Publicas que tu pedido no llegó y una cuenta con el logo de la tienda te escribe por privado pidiendo claves para ayudarte. ¿Cuál es la decisión más prudente?,Entrar al soporte desde tu pedido o la página oficial y no entregar claves por el mensaje privado.,Confiar porque respondió inmediatamente a tu comentario.,Dar acceso al correo para que busque el pedido.,Seguir el enlace privado porque tiene el logo de la tienda. Un logotipo en el perfil verifica que el soporte es oficial.,0,Entrar al soporte desde tu pedido o la página oficial y no entregar claves por el mensaje privado. Los impostores pueden buscar quejas públicas para ofrecer falsa ayuda con datos del problema que acabas de contar.
446,4,Cinturón Azul,Te ofrecen trabajo empacando productos y exigen pagar hoy una reserva del puesto a una cuenta personal sin contrato verificable. ¿Qué harías para cuidar tus datos o tu dinero?,Pagar porque el ingreso prometido compensa la reserva.,Aceptar la urgencia porque hay otras personas interesadas. La existencia de otros candidatos demuestra la autenticidad del puesto.,Verificar la empresa y la oferta por canales independientes antes de enviar dinero o documentos.,Enviar cédula y cuenta bancaria para demostrar que aceptas. Una oferta enviada por mensajería está validada como empleo real.,2,Verificar la empresa y la oferta por canales independientes antes de enviar dinero o documentos. Cobrar por reservar un puesto no verificado puede ser el objetivo de la estafa; la necesidad de trabajo no debe aprovecharse para presionarte.
447,4,Cinturón Azul,Una plataforma paga unos dólares por marcar productos y luego exige que deposites más para desbloquear las siguientes tareas. ¿Cuál es el siguiente paso más seguro?,Detener los depósitos y no confundir el pequeño pago inicial con una garantía de confianza.,Pedir prestado para completar la tarea de mayor ganancia.,Depositar más porque ya recibiste un pago pequeño.,Invitar amigos para conseguir el dinero del siguiente nivel.,0,Detener los depósitos y no confundir el pequeño pago inicial con una garantía de confianza. Un pago inicial puede usarse para ganar confianza antes de pedir cantidades mayores que no podrás recuperar.
448,4,Cinturón Azul,Un perfil ofrece un préstamo inmediato sin revisión y exige un pago previo a una persona para «activar» el desembolso. ¿Qué conviene hacer?,Verificar la entidad por fuentes oficiales y no pagar al perfil sin comprobar contrato y condiciones.,Mandar fotos de todos tus documentos para acelerar la aprobación. Pedir contactos del teléfono demuestra que la entidad evaluó tu capacidad de pago.,Autorizar acceso a contactos para demostrar buena fe.,Enviar el anticipo porque representa una parte pequeña del préstamo. El tamaño del préstamo anunciado garantiza que el prestamista existe.,0,Verificar la entidad por fuentes oficiales y no pagar al perfil sin comprobar contrato y condiciones. Una promesa de préstamo puede utilizarse para cobrar anticipos o recoger datos sin entregar el dinero ofrecido.
449,4,Cinturón Azul,Un grupo promete duplicar tus ahorros cada mes sin posibilidad de pérdida y solo acepta pagos a una cuenta personal. ¿Cuál es la decisión más prudente?,Confiar en la garantía escrita por el mismo promotor.,Usar el dinero destinado al arriendo para no perder la oportunidad. Una promesa escrita elimina el riesgo de una inversión.,No entregar dinero y verificar la entidad y las condiciones por fuentes independientes.,Invertir porque el grupo publica capturas de ganancias.,2,No entregar dinero y verificar la entidad y las condiciones por fuentes independientes. Las promesas de rentabilidad alta y segura son señales de alerta; capturas y testimonios pueden fabricarse.
450,4,Cinturón Azul,"Una persona conocida solo por internet expresa afecto y pide dinero para una emergencia, pero rechaza otras formas de comprobarla. ¿Qué harías para cuidar tus datos o tu dinero?",Mantener el secreto porque la persona dice que nadie entendería su amor.,Enviar por miedo a que termine la relación. Conversar durante meses impide que exista un engaño.,Pedir un préstamo para resolver la emergencia de inmediato.,Pausar el envío y hablar con alguien de confianza mientras verificas la situación por vías independientes.,3,Pausar el envío y hablar con alguien de confianza mientras verificas la situación por vías independientes. La cercanía emocional puede utilizarse para presionar; sentir afecto no verifica una identidad ni una solicitud de dinero.
451,4,Cinturón Azul,Una oferta de ingreso extra pide recibir transferencias de desconocidos y reenviarlas a otras cuentas guardando una comisión. ¿Cuál es el siguiente paso más seguro?,Entregar las claves para que la empresa haga los movimientos por ti.,Mover solo el primer pago como prueba. Recibir instrucciones por escrito vuelve legítimo cualquier movimiento.,No prestar la cuenta y verificar la oferta sin mover ese dinero.,Aceptar porque la comisión es pequeña.,2,No prestar la cuenta y verificar la oferta sin mover ese dinero. Tu cuenta podría utilizarse para mover dinero de origen fraudulento; ser intermediario puede exponerte a consecuencias serias.
452,4,Cinturón Azul,El proveedor habitual responde en un hilo antiguo de correo y pide pagar la factura a una cuenta nueva hoy mismo. ¿Qué conviene hacer?,Pagar porque el correo está dentro del hilo de siempre.,Aceptar un teléfono nuevo incluido en ese mismo mensaje como única confirmación.,Confirmar el cambio por el teléfono previamente conocido y seguir el procedimiento de autorización de pagos.,Verificar solo respondiendo al mismo correo.,2,Confirmar el cambio por el teléfono previamente conocido y seguir el procedimiento de autorización de pagos. Una cuenta de correo auténtica puede estar comprometida; un hilo conocido no garantiza que el cambio sea legítimo.
453,4,Cinturón Azul,Un mensaje que parece del gerente pide comprar tarjetas de regalo y enviar los códigos sin comentarlo con contabilidad. ¿Cuál es la decisión más prudente?,Usar dinero propio para no atrasar la orden secreta.,Enviar códigos por foto pensando que así pueden recuperarse después.,Confirmar la orden con el gerente por un contacto conocido y respetar el proceso de gastos.,Comprar porque el cargo del remitente obliga a obedecer sin revisión.,2,Confirmar la orden con el gerente por un contacto conocido y respetar el proceso de gastos. La autoridad y el secreto pueden usarse para saltar controles; los códigos de regalo pueden gastarse rápidamente al compartirse.
454,4,Cinturón Azul,Una amiga te envía desde su cuenta habitual un enlace para votar en un concurso que pide la contraseña de tu correo. ¿Qué harías para cuidar tus datos o tu dinero?,Reenviar a otros amigos para ayudarla a ganar. Quien contesta en el mismo chat demuestra por sí solo ser el dueño.,Entrar porque la cuenta y la foto son las de siempre. Una cuenta con conversaciones antiguas no puede estar comprometida.,Confirmar con ella por otra vía y no entregar la contraseña para votar.,Responder en el mismo chat preguntando si «de verdad es ella» como única prueba. Un concurso necesita la contraseña de otra cuenta para contar un voto.,2,Confirmar con ella por otra vía y no entregar la contraseña para votar. Una cuenta conocida puede ser robada o utilizada sin permiso; la confianza en la persona no verifica cada enlace que sale de su cuenta.
455,4,Cinturón Azul,"Después de una inundación, un perfil usa fotos impactantes y pide donaciones urgentes a una cuenta que no identifica a la organización. ¿Cuál es el siguiente paso más seguro?",Donar porque las fotos demuestran quién recauda.,Confiar solo en la cantidad de veces que se compartió la publicación. Compartir muchas veces una cuenta demuestra que pertenece a una organización.,Enviar la foto de tu tarjeta para que cobren el aporte. Una imagen emotiva permite identificar al receptor del dinero.,Comprobar al organizador y la cuenta receptora por canales independientes antes de donar.,3,Comprobar al organizador y la cuenta receptora por canales independientes antes de donar. Las imágenes de una emergencia real pueden utilizarse en una recaudación falsa.
456,4,Cinturón Azul,"Un anuncio ofrece un local muy barato y exige reservarlo hoy, pero quien cobra evita mostrarlo y no acredita relación con el inmueble. ¿Qué conviene hacer?",Pagar porque las fotografías del local se ven profesionales. Fotografías profesionales demuestran que quien cobra puede alquilar el lugar.,Enviar documentos completos antes de verificar al arrendador.,Transferir para impedir que otra persona se adelante.,"Comprobar inmueble, identidad y condiciones antes de enviar una reserva.",3,"Comprobar inmueble, identidad y condiciones antes de enviar una reserva. Las fotos pueden copiarse de otros anuncios; pagar bajo presión sin verificar al receptor aumenta el riesgo de perder la reserva."
457,4,Cinturón Azul,Un mensaje anuncia que recibes un bono y pide pagar a un gestor por chat para «activar» tu inscripción. ¿Cuál es la decisión más prudente?,Reenviar el anuncio a toda la comunidad antes de comprobarlo.,Pagar porque el mensaje muestra el escudo del país. Un escudo oficial impide que el mensaje sea falso.,Enviar claves bancarias para que el gestor revise si calificas.,Consultar el beneficio en el portal o atención oficial de la institución antes de pagar o dar datos.,3,Consultar el beneficio en el portal o atención oficial de la institución antes de pagar o dar datos. Un beneficio público puede usarse como excusa para cobrar o recoger datos; escudos y nombres institucionales se pueden copiar.
458,4,Cinturón Azul,Tu teléfono pierde señal sin explicación y al mismo tiempo recibes por correo un aviso de cambio de la línea que no solicitaste. ¿Qué harías para cuidar tus datos o tu dinero?,Esperar varios días porque perder señal nunca afecta las cuentas. Un código de bloqueo físico de la SIM impide cualquier cambio fraudulento gestionado ante la operadora.,Aceptar un enlace recibido para «activar» de nuevo la línea con tu clave bancaria.,Contactar a la operadora desde otro teléfono y proteger las cuentas sensibles con sus servicios oficiales.,Leer códigos a una llamada que promete devolver la cobertura.,2,"Contactar a la operadora desde otro teléfono y proteger las cuentas sensibles con sus servicios oficiales. Una sustitución no autorizada de la SIM, el módulo de identificación del abonado, puede llevar llamadas y mensajes a otra persona. SIM: Módulo de identificación del abonado (Subscriber Identity Module): identifica la suscripción de tu línea móvil; puede existir en tarjeta o en forma digital."
459,4,Cinturón Azul,"Quieres pedir a un asistente de inteligencia artificial que resuma una lista con nombres, cédulas y deudas de tus clientes. ¿Cuál es el siguiente paso más seguro?",Quitar datos que identifiquen personas y comprobar las condiciones y autorización de uso antes de subir información del negocio.,Subir la lista completa porque una inteligencia artificial guarda todo en secreto automáticamente.,Usar una cuenta personal para saltar las reglas de privacidad del negocio.,Compartir también las contraseñas para que el asistente compruebe las cuentas.,0,Quitar datos que identifiquen personas y comprobar las condiciones y autorización de uso antes de subir información del negocio. Un servicio puede tratar o conservar lo que le envías según sus condiciones; no conviene compartir secretos ni datos personales innecesarios.
460,4,Cinturón Azul,Un asistente digital da un teléfono para recuperar tu cuenta y afirma con seguridad que es oficial. ¿Qué conviene hacer?,Confiar porque la respuesta está bien escrita y parece profesional.,Pedir al mismo asistente que prometa que no se equivoca como única verificación. Preguntar dos veces a la misma herramienta equivale a dos fuentes independientes.,Entregar códigos al número porque la explicación era detallada.,Comprobar el contacto en el propio servicio antes de llamar o enviar datos.,3,Comprobar el contacto en el propio servicio antes de llamar o enviar datos. Una respuesta automática puede equivocarse o inventar datos; su tono seguro no verifica una fuente.
461,4,Cinturón Azul,Para prepararte ante situaciones como esta: Recibes un audio con una voz idéntica a la de tu hermana que pide dinero urgente a una cuenta nueva y exige secreto. ¿Qué medida preventiva conviene adoptar?,Pagar porque reconoces el tono de voz. Una voz natural nunca puede ser artificial.,Mantener el secreto y enviar dinero para no preocupar a la familia.,Acordar contactos alternativos y una forma familiar de comprobar solicitudes sensibles.,Pedir otro audio en el mismo chat como única comprobación. Pedir un segundo audio al mismo contacto garantiza su identidad.,2,Acordar contactos alternativos y una forma familiar de comprobar solicitudes sensibles. La inteligencia artificial puede imitar voces de forma convincente; reconocer una voz no verifica por sí solo la petición.
462,4,Cinturón Azul,Para prepararte ante situaciones como esta: Un video de una persona conocida recomienda una inversión y promete duplicar tus ahorros en una semana. ¿Qué medida preventiva conviene adoptar?,"Verificar origen, contexto y entidad por rutas independientes, sin depender de la publicación promocional.",Confiar si el video tiene muchos comentarios positivos. Los comentarios positivos certifican una inversión.,Usar solo el enlace del video para comprobar la inversión. La presencia de una persona famosa garantiza la recuperación del dinero.,Invertir porque el rostro y los labios se ven naturales. Un video de buena calidad no puede estar manipulado.,0,"Verificar origen, contexto y entidad por rutas independientes, sin depender de la publicación promocional. Una imagen o video puede alterarse o usarse fuera de contexto; la fama no demuestra que una inversión sea legítima."
463,4,Cinturón Azul,"Para prepararte ante situaciones como esta: Al escanear el código de una mesa, la página pide la contraseña del correo para mostrar el menú. ¿Qué medida preventiva conviene adoptar?","Revisar el destino y qué solicita la página antes de continuar, y consultar al personal si no corresponde al servicio.",Usar la clave de otra cuenta para poder leer el menú.,Aceptar una suscripción sin revisar porque dice que es necesaria para continuar.,Introducir la clave porque el código estaba dentro del restaurante. Todo código colocado dentro de un negocio fue revisado por el dueño.,0,"Revisar el destino y qué solicita la página antes de continuar, y consultar al personal si no corresponde al servicio. Un código QR, de respuesta rápida, puede abrir una dirección; su ubicación no demuestra que el destino sea legítimo. QR: Código de respuesta rápida (Quick Response): cuadro de puntos que el teléfono lee; puede contener un enlace o datos de pago."
464,4,Cinturón Azul,"Para prepararte ante situaciones como esta: En la caja de una tienda, un código de pago muestra en tu aplicación un destinatario distinto al nombre indicado por el vendedor. ¿Qué medida preventiva conviene adoptar?",Ignorar el nombre porque el importe es correcto. El lugar donde está pegado garantiza el dueño de la cuenta.,Comprobar receptor y valor antes de confirmar y revisar los códigos propios del negocio regularmente.,Pagar dos veces a cuentas distintas para asegurar que una llegue.,Aprobar porque el código está pegado junto a la caja.,1,Comprobar receptor y valor antes de confirmar y revisar los códigos propios del negocio regularmente. Un código puede reemplazarse o apuntar a otra cuenta; la pantalla final permite comprobar a quién se enviará el dinero. QR: Código de respuesta rápida (Quick Response): cuadro de puntos que el teléfono lee; puede contener un enlace o datos de pago.
465,4,Cinturón Azul,Para prepararte ante situaciones como esta: Publicas que tu pedido no llegó y una cuenta con el logo de la tienda te escribe por privado pidiendo claves para ayudarte. ¿Qué medida preventiva conviene adoptar?,Confiar porque respondió inmediatamente a tu comentario.,Seguir el enlace privado porque tiene el logo de la tienda.,Dar acceso al correo para que busque el pedido.,Solicitar ayuda desde el canal asociado a la compra y no publicar números completos de pedidos o datos personales.,3,Solicitar ayuda desde el canal asociado a la compra y no publicar números completos de pedidos o datos personales. Los impostores pueden buscar quejas públicas para ofrecer falsa ayuda con datos del problema que acabas de contar.
466,4,Cinturón Azul,Para prepararte ante situaciones como esta: Te ofrecen trabajo empacando productos y exigen pagar hoy una reserva del puesto a una cuenta personal sin contrato verificable. ¿Qué medida preventiva conviene adoptar?,"Buscar la oferta en la empresa real y aclarar tareas, contrato y cualquier costo por escrito y por un canal confiable.",Pagar porque el ingreso prometido compensa la reserva.,Enviar cédula y cuenta bancaria para demostrar que aceptas.,Aceptar la urgencia porque hay otras personas interesadas.,0,"Buscar la oferta en la empresa real y aclarar tareas, contrato y cualquier costo por escrito y por un canal confiable. Cobrar por reservar un puesto no verificado puede ser el objetivo de la estafa; la necesidad de trabajo no debe aprovecharse para presionarte."
467,4,Cinturón Azul,Para prepararte ante situaciones como esta: Una plataforma paga unos dólares por marcar productos y luego exige que deposites más para desbloquear las siguientes tareas. ¿Qué medida preventiva conviene adoptar?,Pedir prestado para completar la tarea de mayor ganancia. Un saldo mostrado en pantalla equivale a dinero retirado y disponible.,Invitar amigos para conseguir el dinero del siguiente nivel. Depositar más garantiza recuperar lo depositado antes.,Evitar trabajos que condicionan cobrar ganancias a seguir poniendo tu propio dinero en una plataforma no verificada.,Depositar más porque ya recibiste un pago pequeño.,2,Evitar trabajos que condicionan cobrar ganancias a seguir poniendo tu propio dinero en una plataforma no verificada. Un pago inicial puede usarse para ganar confianza antes de pedir cantidades mayores que no podrás recuperar.
468,4,Cinturón Azul,Para prepararte ante situaciones como esta: Un perfil ofrece un préstamo inmediato sin revisión y exige un pago previo a una persona para «activar» el desembolso. ¿Qué medida preventiva conviene adoptar?,Mandar fotos de todos tus documentos para acelerar la aprobación. Pedir contactos del teléfono demuestra que la entidad evaluó tu capacidad de pago.,Autorizar acceso a contactos para demostrar buena fe.,"Consultar prestamistas verificables y entender costos, contrato y canales de atención antes de aceptar.",Enviar el anticipo porque representa una parte pequeña del préstamo.,2,"Consultar prestamistas verificables y entender costos, contrato y canales de atención antes de aceptar. Una promesa de préstamo puede utilizarse para cobrar anticipos o recoger datos sin entregar el dinero ofrecido."
469,4,Cinturón Azul,Para prepararte ante situaciones como esta: Un grupo promete duplicar tus ahorros cada mes sin posibilidad de pérdida y solo acepta pagos a una cuenta personal. ¿Qué medida preventiva conviene adoptar?,"Separar el dinero de necesidades básicas y verificar quién recibe fondos, riesgos y condiciones antes de cualquier inversión.",Usar el dinero destinado al arriendo para no perder la oportunidad.,Invertir porque el grupo publica capturas de ganancias.,Confiar en la garantía escrita por el mismo promotor.,0,"Separar el dinero de necesidades básicas y verificar quién recibe fondos, riesgos y condiciones antes de cualquier inversión. Las promesas de rentabilidad alta y segura son señales de alerta; capturas y testimonios pueden fabricarse."
470,4,Cinturón Azul,"Para prepararte ante situaciones como esta: Una persona conocida solo por internet expresa afecto y pide dinero para una emergencia, pero rechaza otras formas de comprobarla. ¿Qué medida preventiva conviene adoptar?",Mantener el secreto porque la persona dice que nadie entendería su amor. Una foto o una videollamada garantiza que toda historia posterior sea verdadera.,Enviar por miedo a que termine la relación. Conversar durante meses impide que exista un engaño.,Pedir un préstamo para resolver la emergencia de inmediato.,Mantener vínculos de apoyo fuera de la conversación y separar decisiones económicas de la presión emocional.,3,Mantener vínculos de apoyo fuera de la conversación y separar decisiones económicas de la presión emocional. La cercanía emocional puede utilizarse para presionar; sentir afecto no verifica una identidad ni una solicitud de dinero.
471,4,Cinturón Azul,Para prepararte ante situaciones como esta: Una oferta de ingreso extra pide recibir transferencias de desconocidos y reenviarlas a otras cuentas guardando una comisión. ¿Qué medida preventiva conviene adoptar?,Mover solo el primer pago como prueba.,Entregar las claves para que la empresa haga los movimientos por ti.,Aceptar porque la comisión es pequeña.,Usar la cuenta para operaciones propias y rechazar empleos cuya tarea principal sea reenviar fondos sin una actividad verificable.,3,Usar la cuenta para operaciones propias y rechazar empleos cuya tarea principal sea reenviar fondos sin una actividad verificable. Tu cuenta podría utilizarse para mover dinero de origen fraudulento; ser intermediario puede exponerte a consecuencias serias.
472,4,Cinturón Azul,Para prepararte ante situaciones como esta: El proveedor habitual responde en un hilo antiguo de correo y pide pagar la factura a una cuenta nueva hoy mismo. ¿Qué medida preventiva conviene adoptar?,Aceptar un teléfono nuevo incluido en ese mismo mensaje como única confirmación. La urgencia de la factura elimina la necesidad de revisar cambios bancarios.,Pagar porque el correo está dentro del hilo de siempre. Un correo enviado desde la cuenta habitual nunca puede contener instrucciones de un impostor.,Establecer que todo cambio de cuenta se confirme por un contacto conocido y una revisión adicional.,Verificar solo respondiendo al mismo correo. Responder al mismo hilo es una comprobación independiente.,2,Establecer que todo cambio de cuenta se confirme por un contacto conocido y una revisión adicional. Una cuenta de correo auténtica puede estar comprometida; un hilo conocido no garantiza que el cambio sea legítimo.
473,4,Cinturón Azul,Para prepararte ante situaciones como esta: Un mensaje que parece del gerente pide comprar tarjetas de regalo y enviar los códigos sin comentarlo con contabilidad. ¿Qué medida preventiva conviene adoptar?,Acordar que las urgencias también requieren una confirmación y autorización de gastos identificable.,Enviar códigos por foto pensando que así pueden recuperarse después.,Usar dinero propio para no atrasar la orden secreta. Comprar con dinero propio elimina el riesgo del encargo.,Comprar porque el cargo del remitente obliga a obedecer sin revisión.,0,Acordar que las urgencias también requieren una confirmación y autorización de gastos identificable. La autoridad y el secreto pueden usarse para saltar controles; los códigos de regalo pueden gastarse rápidamente al compartirse.
474,4,Cinturón Azul,Para prepararte ante situaciones como esta: Una amiga te envía desde su cuenta habitual un enlace para votar en un concurso que pide la contraseña de tu correo. ¿Qué medida preventiva conviene adoptar?,Entrar porque la cuenta y la foto son las de siempre.,Reenviar a otros amigos para ayudarla a ganar.,Responder en el mismo chat preguntando si «de verdad es ella» como única prueba.,Comprobar solicitudes inusuales por una vía distinta y limitar lo que compartes incluso con perfiles conocidos.,3,Comprobar solicitudes inusuales por una vía distinta y limitar lo que compartes incluso con perfiles conocidos. Una cuenta conocida puede ser robada o utilizada sin permiso; la confianza en la persona no verifica cada enlace que sale de su cuenta.
475,4,Cinturón Azul,"Para prepararte ante situaciones como esta: Después de una inundación, un perfil usa fotos impactantes y pide donaciones urgentes a una cuenta que no identifica a la organización. ¿Qué medida preventiva conviene adoptar?",Tener identificadas organizaciones y canales verificables para colaborar sin decidir solo por la presión del momento.,Enviar la foto de tu tarjeta para que cobren el aporte.,Donar porque las fotos demuestran quién recauda. Una tragedia real convierte en auténticas todas las campañas que la mencionan.,Confiar solo en la cantidad de veces que se compartió la publicación.,0,Tener identificadas organizaciones y canales verificables para colaborar sin decidir solo por la presión del momento. Las imágenes de una emergencia real pueden utilizarse en una recaudación falsa.
476,4,Cinturón Azul,"Para prepararte ante situaciones como esta: Un anuncio ofrece un local muy barato y exige reservarlo hoy, pero quien cobra evita mostrarlo y no acredita relación con el inmueble. ¿Qué medida preventiva conviene adoptar?",Transferir para impedir que otra persona se adelante.,Pagar porque las fotografías del local se ven profesionales. Fotografías profesionales demuestran que quien cobra puede alquilar el lugar.,Verificar por una visita segura o medios independientes y usar condiciones y pagos documentados.,Enviar documentos completos antes de verificar al arrendador. El miedo a perder una oportunidad sustituye la revisión del contrato.,2,Verificar por una visita segura o medios independientes y usar condiciones y pagos documentados. Las fotos pueden copiarse de otros anuncios; pagar bajo presión sin verificar al receptor aumenta el riesgo de perder la reserva.
477,4,Cinturón Azul,Para prepararte ante situaciones como esta: Un mensaje anuncia que recibes un bono y pide pagar a un gestor por chat para «activar» tu inscripción. ¿Qué medida preventiva conviene adoptar?,Reenviar el anuncio a toda la comunidad antes de comprobarlo. Compartir primero un anuncio evita que otras personas pierdan un beneficio.,Pagar porque el mensaje muestra el escudo del país. Un escudo oficial impide que el mensaje sea falso.,"Consultar requisitos, costos y canales desde la institución real y ayudar a otras personas a usar esa ruta.",Enviar claves bancarias para que el gestor revise si calificas.,2,"Consultar requisitos, costos y canales desde la institución real y ayudar a otras personas a usar esa ruta. Un beneficio público puede usarse como excusa para cobrar o recoger datos; escudos y nombres institucionales se pueden copiar."
478,4,Cinturón Azul,Para prepararte ante situaciones como esta: Tu teléfono pierde señal sin explicación y al mismo tiempo recibes por correo un aviso de cambio de la línea que no solicitaste. ¿Qué medida preventiva conviene adoptar?,Proteger la cuenta de la operadora y usar métodos de acceso que no dependan solo de mensajes al número cuando el servicio los ofrezca.,Esperar varios días porque perder señal nunca afecta las cuentas. Un código de bloqueo físico de la SIM impide cualquier cambio fraudulento gestionado ante la operadora.,Leer códigos a una llamada que promete devolver la cobertura.,Aceptar un enlace recibido para «activar» de nuevo la línea con tu clave bancaria. Los mensajes de acceso nunca dependen del control del número telefónico.,0,"Proteger la cuenta de la operadora y usar métodos de acceso que no dependan solo de mensajes al número cuando el servicio los ofrezca. Una sustitución no autorizada de la SIM, el módulo de identificación del abonado, puede llevar llamadas y mensajes a otra persona. SIM: Módulo de identificación del abonado (Subscriber Identity Module): identifica la suscripción de tu línea móvil; puede existir en tarjeta o en forma digital."
479,4,Cinturón Azul,"Para prepararte ante situaciones como esta: Quieres pedir a un asistente de inteligencia artificial que resuma una lista con nombres, cédulas y deudas de tus clientes. ¿Qué medida preventiva conviene adoptar?",Usar una cuenta personal para saltar las reglas de privacidad del negocio.,Usar ejemplos inventados o datos reducidos y herramientas autorizadas para el trabajo.,Compartir también las contraseñas para que el asistente compruebe las cuentas. Usar inteligencia artificial equivale a tener autorización de los clientes para compartir sus datos.,Subir la lista completa porque una inteligencia artificial guarda todo en secreto automáticamente. Todos los asistentes eliminan inmediatamente todo lo que reciben.,1,Usar ejemplos inventados o datos reducidos y herramientas autorizadas para el trabajo. Un servicio puede tratar o conservar lo que le envías según sus condiciones; no conviene compartir secretos ni datos personales innecesarios.
480,4,Cinturón Azul,Para prepararte ante situaciones como esta: Un asistente digital da un teléfono para recuperar tu cuenta y afirma con seguridad que es oficial. ¿Qué medida preventiva conviene adoptar?,"Comprobar contactos, enlaces y decisiones sensibles en fuentes primarias antes de actuar.",Confiar porque la respuesta está bien escrita y parece profesional.,Pedir al mismo asistente que prometa que no se equivoca como única verificación.,Entregar códigos al número porque la explicación era detallada. Un asistente que reconoce el nombre de tu banco conoce siempre su teléfono vigente.,0,"Comprobar contactos, enlaces y decisiones sensibles en fuentes primarias antes de actuar. Una respuesta automática puede equivocarse o inventar datos; su tono seguro no verifica una fuente."
481,4,Cinturón Azul,Una cocinera recibe una nota de voz de su proveedor pidiendo cambiar la cuenta de pago sin explicación escrita. ¿Qué decisión corresponde en este contexto?,Pedir otro audio en el mismo chat como única comprobación. Pedir un segundo audio al mismo contacto garantiza su identidad.,Confirmar el cambio mediante el contacto previamente verificado del proveedor antes de pagar.,Mantener el secreto y enviar dinero para no preocupar a la familia.,Pagar porque reconoces el tono de voz.,1,Confirmar el cambio mediante el contacto previamente verificado del proveedor antes de pagar. La inteligencia artificial puede imitar voces de forma convincente; reconocer una voz no verifica por sí solo la petición.
482,4,Cinturón Azul,Una secretaria recibe un video que atribuye al gerente la orden de transferir fondos a un proveedor nuevo. ¿Qué decisión corresponde en este contexto?,Confirmar la orden por el procedimiento de pagos y un contacto del gerente ya conocido.,Invertir porque el rostro y los labios se ven naturales. Un video de buena calidad no puede estar manipulado.,Confiar si el video tiene muchos comentarios positivos. Los comentarios positivos certifican una inversión.,Usar solo el enlace del video para comprobar la inversión.,0,Confirmar la orden por el procedimiento de pagos y un contacto del gerente ya conocido. Una imagen o video puede alterarse o usarse fuera de contexto; la fama no demuestra que una inversión sea legítima.
483,4,Cinturón Azul,Un agricultor escanea un código de un cartel de capacitación y aparece una petición de datos de tarjeta sin explicación. ¿Qué decisión corresponde en este contexto?,Aceptar una suscripción sin revisar porque dice que es necesaria para continuar. Escanear un código autoriza cualquier pago que aparezca después.,Consultar al organizador por su contacto oficial antes de dar datos o aceptar cobros.,Usar la clave de otra cuenta para poder leer el menú.,Introducir la clave porque el código estaba dentro del restaurante.,1,"Consultar al organizador por su contacto oficial antes de dar datos o aceptar cobros. Un código QR, de respuesta rápida, puede abrir una dirección; su ubicación no demuestra que el destino sea legítimo. QR: Código de respuesta rápida (Quick Response): cuadro de puntos que el teléfono lee; puede contener un enlace o datos de pago."
484,4,Cinturón Azul,"Una asociación agrícola imprime un código para cuotas, pero al probarlo aparece la cuenta de un miembro anterior. ¿Qué decisión corresponde en este contexto?",Pagar dos veces a cuentas distintas para asegurar que una llegue.,Ignorar el nombre porque el importe es correcto.,Aprobar porque el código está pegado junto a la caja. Un código impreso nunca puede sustituirse.,Corregir el código y comunicar el receptor vigente antes de cobrar nuevas cuotas.,3,Corregir el código y comunicar el receptor vigente antes de cobrar nuevas cuotas. Un código puede reemplazarse o apuntar a otra cuenta; la pantalla final permite comprobar a quién se enviará el dinero. QR: Código de respuesta rápida (Quick Response): cuadro de puntos que el teléfono lee; puede contener un enlace o datos de pago.
485,4,Cinturón Azul,Un chofer reclama una recarga y un perfil privado ofrece devolverla si le envía el código de acceso de su billetera. ¿Qué decisión corresponde en este contexto?,Confiar porque respondió inmediatamente a tu comentario.,Dar acceso al correo para que busque el pedido. Quien responde primero representa necesariamente al comercio.,Seguir el enlace privado porque tiene el logo de la tienda.,Rechazar la solicitud y abrir un reclamo desde la billetera legítima.,3,Rechazar la solicitud y abrir un reclamo desde la billetera legítima. Los impostores pueden buscar quejas públicas para ofrecer falsa ayuda con datos del problema que acabas de contar.
486,4,Cinturón Azul,Una cocinera recibe una oferta de trabajo en otro país que exige pagar un trámite mediante un chat particular. ¿Qué decisión corresponde en este contexto?,Aceptar la urgencia porque hay otras personas interesadas. La existencia de otros candidatos demuestra la autenticidad del puesto.,Confirmar empleador y trámite con sus fuentes oficiales antes de pagar o enviar documentos.,Enviar cédula y cuenta bancaria para demostrar que aceptas.,Pagar porque el ingreso prometido compensa la reserva.,1,Confirmar empleador y trámite con sus fuentes oficiales antes de pagar o enviar documentos. Cobrar por reservar un puesto no verificado puede ser el objetivo de la estafa; la necesidad de trabajo no debe aprovecharse para presionarte.
487,4,Cinturón Azul,Un agricultor participa en una aplicación que paga por ver anuncios y le pide comprar un paquete para retirar. ¿Qué decisión corresponde en este contexto?,No asumir que el saldo es real y comprobar la empresa sin enviar dinero para liberar el retiro.,Invitar amigos para conseguir el dinero del siguiente nivel.,Pedir prestado para completar la tarea de mayor ganancia. Un saldo mostrado en pantalla equivale a dinero retirado y disponible.,Depositar más porque ya recibiste un pago pequeño.,0,No asumir que el saldo es real y comprobar la empresa sin enviar dinero para liberar el retiro. Un pago inicial puede usarse para ganar confianza antes de pedir cantidades mayores que no podrás recuperar.
488,4,Cinturón Azul,Un chofer recibe un préstamo aprobado por mensaje aunque no lo solicitó y le piden confirmar con una clave bancaria. ¿Qué decisión corresponde en este contexto?,Autorizar acceso a contactos para demostrar buena fe. Un perfil con testimonios sustituye la verificación de la entidad.,Mandar fotos de todos tus documentos para acelerar la aprobación.,No dar la clave y consultar directamente a la entidad supuestamente emisora.,Enviar el anticipo porque representa una parte pequeña del préstamo.,2,No dar la clave y consultar directamente a la entidad supuestamente emisora. Una promesa de préstamo puede utilizarse para cobrar anticipos o recoger datos sin entregar el dinero ofrecido.
489,4,Cinturón Azul,"Una secretaria recibe la recomendación de inversión de un contacto que apenas conoce, acompañada de un video convincente. ¿Qué decisión corresponde en este contexto?",Usar el dinero destinado al arriendo para no perder la oportunidad.,Invertir porque el grupo publica capturas de ganancias.,Evaluar la entidad por fuera del contacto y no usar la popularidad del video como prueba.,Confiar en la garantía escrita por el mismo promotor. Muchos participantes en un grupo equivalen a una autorización oficial.,2,Evaluar la entidad por fuera del contacto y no usar la popularidad del video como prueba. Las promesas de rentabilidad alta y segura son señales de alerta; capturas y testimonios pueden fabricarse.
490,4,Cinturón Azul,Una cocinera recibe de su contacto romántico una propuesta para invertir en una aplicación que él controla. ¿Qué decisión corresponde en este contexto?,No mezclar la relación con una inversión no verificada y buscar una revisión independiente.,Pedir un préstamo para resolver la emergencia de inmediato. Poner un límite al envío de dinero demuestra falta de afecto.,Enviar por miedo a que termine la relación. Conversar durante meses impide que exista un engaño.,Mantener el secreto porque la persona dice que nadie entendería su amor. Una foto o una videollamada garantiza que toda historia posterior sea verdadera.,0,No mezclar la relación con una inversión no verificada y buscar una revisión independiente. La cercanía emocional puede utilizarse para presionar; sentir afecto no verifica una identidad ni una solicitud de dinero.
491,4,Cinturón Azul,Un agricultor recibe una propuesta similar usando su billetera móvil en lugar de una cuenta bancaria. ¿Qué decisión corresponde en este contexto?,Rechazar el uso de su billetera como paso para dinero ajeno no justificado.,Entregar las claves para que la empresa haga los movimientos por ti.,Aceptar porque la comisión es pequeña. Guardar una comisión pequeña elimina toda responsabilidad.,Mover solo el primer pago como prueba.,0,Rechazar el uso de su billetera como paso para dinero ajeno no justificado. Tu cuenta podría utilizarse para mover dinero de origen fraudulento; ser intermediario puede exponerte a consecuencias serias.
492,4,Cinturón Azul,Una asociación agrícola recibe un cambio de cuenta en un archivo que parece la factura original y conserva el mismo importe. ¿Qué decisión corresponde en este contexto?,Pagar porque el correo está dentro del hilo de siempre.,Verificar solo respondiendo al mismo correo. Responder al mismo hilo es una comprobación independiente.,Aceptar un teléfono nuevo incluido en ese mismo mensaje como única confirmación.,Confirmar los datos nuevos por un canal previo antes de autorizar la transferencia.,3,Confirmar los datos nuevos por un canal previo antes de autorizar la transferencia. Una cuenta de correo auténtica puede estar comprometida; un hilo conocido no garantiza que el cambio sea legítimo.
493,4,Cinturón Azul,Un soldador recibe una llamada con voz del dueño del taller ordenando pagar a un supuesto inspector en una cuenta personal. ¿Qué decisión corresponde en este contexto?,Comprar porque el cargo del remitente obliga a obedecer sin revisión.,Verificar con el dueño por otro contacto y comprobar el trámite antes de entregar dinero.,Usar dinero propio para no atrasar la orden secreta.,Enviar códigos por foto pensando que así pueden recuperarse después. Una foto de un código no permite canjearlo.,1,Verificar con el dueño por otro contacto y comprobar el trámite antes de entregar dinero. La autoridad y el secreto pueden usarse para saltar controles; los códigos de regalo pueden gastarse rápidamente al compartirse.
494,4,Cinturón Azul,Un agricultor recibe desde la cuenta de la asociación una encuesta que pide la clave bancaria de cada socio. ¿Qué decisión corresponde en este contexto?,Entrar porque la cuenta y la foto son las de siempre. Una cuenta con conversaciones antiguas no puede estar comprometida.,Responder en el mismo chat preguntando si «de verdad es ella» como única prueba.,Reenviar a otros amigos para ayudarla a ganar. Quien contesta en el mismo chat demuestra por sí solo ser el dueño.,Consultar al responsable fuera de ese chat y no entregar claves en la encuesta.,3,Consultar al responsable fuera de ese chat y no entregar claves en la encuesta. Una cuenta conocida puede ser robada o utilizada sin permiso; la confianza en la persona no verifica cada enlace que sale de su cuenta.
495,4,Cinturón Azul,"Una asociación agrícola organiza una colecta legítima, pero circulan dos imágenes con cuentas receptoras diferentes. ¿Qué decisión corresponde en este contexto?",Confiar solo en la cantidad de veces que se compartió la publicación. Compartir muchas veces una cuenta demuestra que pertenece a una organización.,Confirmar y comunicar una cuenta verificada mediante los canales habituales de la asociación.,Donar porque las fotos demuestran quién recauda. Una tragedia real convierte en auténticas todas las campañas que la mencionan.,Enviar la foto de tu tarjeta para que cobren el aporte. Una imagen emotiva permite identificar al receptor del dinero.,1,Confirmar y comunicar una cuenta verificada mediante los canales habituales de la asociación. Las imágenes de una emergencia real pueden utilizarse en una recaudación falsa.
496,4,Cinturón Azul,Un agricultor reserva alojamiento para una feria y le ofrecen mover el pago fuera de la plataforma para asegurar la habitación. ¿Qué decisión corresponde en este contexto?,Comprobar la reserva en el canal original y revisar las condiciones antes de cambiar el pago.,Pagar porque las fotografías del local se ven profesionales.,Transferir para impedir que otra persona se adelante.,Enviar documentos completos antes de verificar al arrendador. El miedo a perder una oportunidad sustituye la revisión del contrato.,0,Comprobar la reserva en el canal original y revisar las condiciones antes de cambiar el pago. Las fotos pueden copiarse de otros anuncios; pagar bajo presión sin verificar al receptor aumenta el riesgo de perder la reserva.
497,4,Cinturón Azul,Una cocinera ve un anuncio de capacitación estatal gratuita que pide instalar una aplicación desconocida para registrarse. ¿Qué decisión corresponde en este contexto?,Enviar claves bancarias para que el gestor revise si calificas.,Reenviar el anuncio a toda la comunidad antes de comprobarlo. Compartir primero un anuncio evita que otras personas pierdan un beneficio.,Confirmar la convocatoria y la forma de inscripción directamente con la entidad.,Pagar porque el mensaje muestra el escudo del país. Un escudo oficial impide que el mensaje sea falso.,2,Confirmar la convocatoria y la forma de inscripción directamente con la entidad. Un beneficio público puede usarse como excusa para cobrar o recoger datos; escudos y nombres institucionales se pueden copiar.
498,4,Cinturón Azul,Un chofer pierde señal en una zona rural sin otros avisos de seguridad. ¿Qué decisión corresponde en este contexto?,Esperar varios días porque perder señal nunca afecta las cuentas.,"Comprobar cobertura y servicio antes de concluir que hay fraude, prestando atención a cambios o accesos no solicitados.",Leer códigos a una llamada que promete devolver la cobertura. Perder cobertura siempre demuestra que alguien robó la línea.,Aceptar un enlace recibido para «activar» de nuevo la línea con tu clave bancaria. Los mensajes de acceso nunca dependen del control del número telefónico.,1,"Comprobar cobertura y servicio antes de concluir que hay fraude, prestando atención a cambios o accesos no solicitados. Una sustitución no autorizada de la SIM, el módulo de identificación del abonado, puede llevar llamadas y mensajes a otra persona. SIM: Módulo de identificación del abonado (Subscriber Identity Module): identifica la suscripción de tu línea móvil; puede existir en tarjeta o en forma digital."
499,4,Cinturón Azul,Un agricultor consulta cómo redactar un reclamo y el asistente le pide una clave bancaria para «verificar» la operación. ¿Qué decisión corresponde en este contexto?,Subir la lista completa porque una inteligencia artificial guarda todo en secreto automáticamente. Todos los asistentes eliminan inmediatamente todo lo que reciben.,No entregar la clave y consultar el movimiento directamente en el banco.,Compartir también las contraseñas para que el asistente compruebe las cuentas.,Usar una cuenta personal para saltar las reglas de privacidad del negocio.,1,No entregar la clave y consultar el movimiento directamente en el banco. Un servicio puede tratar o conservar lo que le envías según sus condiciones; no conviene compartir secretos ni datos personales innecesarios.
500,4,Cinturón Azul,Una asociación agrícola recibe un texto generado automáticamente que recomienda difundir un rumor de robo bancario sin fuente. ¿Qué decisión corresponde en este contexto?,Pedir al mismo asistente que prometa que no se equivoca como única verificación.,No difundirlo como hecho y buscar confirmación en la entidad o una fuente verificable.,Confiar porque la respuesta está bien escrita y parece profesional. Una explicación extensa es necesariamente verdadera.,Entregar códigos al número porque la explicación era detallada.,1,No difundirlo como hecho y buscar confirmación en la entidad o una fuente verificable. Una respuesta automática puede equivocarse o inventar datos; su tono seguro no verifica una fuente.
501,4,Cinturón Azul,Un agricultor transfirió tras escuchar la voz de su sobrino y la familia confirma que nadie pidió dinero. ¿Qué debe hacer ahora la persona afectada?,"Contactar de inmediato al banco, detener nuevos pagos y guardar audio, mensajes y comprobante.",Mantener el secreto y enviar dinero para no preocupar a la familia.,Pagar porque reconoces el tono de voz. Una voz natural nunca puede ser artificial.,Pedir otro audio en el mismo chat como única comprobación.,0,"Contactar de inmediato al banco, detener nuevos pagos y guardar audio, mensajes y comprobante. La inteligencia artificial puede imitar voces de forma convincente; reconocer una voz no verifica por sí solo la petición. Los defectos de audio pueden despertar dudas, pero su ausencia no confirma autenticidad."
502,4,Cinturón Azul,Un tendero pagó a la plataforma del video y ahora le cobran una tasa adicional para retirar las supuestas ganancias. ¿Qué debe hacer ahora la persona afectada?,"No enviar más dinero, guardar pruebas y contactar al medio de pago para reportar el posible fraude.",Invertir porque el rostro y los labios se ven naturales.,Confiar si el video tiene muchos comentarios positivos.,Usar solo el enlace del video para comprobar la inversión.,0,"No enviar más dinero, guardar pruebas y contactar al medio de pago para reportar el posible fraude. Una imagen o video puede alterarse o usarse fuera de contexto; la fama no demuestra que una inversión sea legítima. Una comprobación independiente sigue siendo necesaria aunque no puedas determinar si el video fue generado con inteligencia artificial."
503,4,Cinturón Azul,Una cocinera escribió su clave en el supuesto menú y la página no mostró platos. ¿Qué debe hacer ahora la persona afectada?,Aceptar una suscripción sin revisar porque dice que es necesaria para continuar.,Cambiar esa clave desde el correo oficial y revisar sesiones y recuperación.,Usar la clave de otra cuenta para poder leer el menú.,Introducir la clave porque el código estaba dentro del restaurante. Todo código colocado dentro de un negocio fue revisado por el dueño.,1,"Cambiar esa clave desde el correo oficial y revisar sesiones y recuperación. Un código QR, de respuesta rápida, puede abrir una dirección; su ubicación no demuestra que el destino sea legítimo. Escanear para ver una dirección no equivale a entregar una clave o aprobar un pago; hay que revisar cada paso. QR: Código de respuesta rápida (Quick Response): cuadro de puntos que el teléfono lee; puede contener un enlace o datos de pago."
504,4,Cinturón Azul,Un tendero descubre que alguien cubrió su código con otro y un cliente ya pagó al receptor equivocado. ¿Qué debe hacer ahora la persona afectada?,Aprobar porque el código está pegado junto a la caja. Un código impreso nunca puede sustituirse.,"Retirar de uso el código alterado, guardar evidencia y orientar al cliente a reportar el pago a su entidad.",Pagar dos veces a cuentas distintas para asegurar que una llegue.,Ignorar el nombre porque el importe es correcto.,1,"Retirar de uso el código alterado, guardar evidencia y orientar al cliente a reportar el pago a su entidad. Un código puede reemplazarse o apuntar a otra cuenta; la pantalla final permite comprobar a quién se enviará el dinero. Un nombre comercial puede diferir del titular legal; esa diferencia debe aclararse antes de pagar, no ignorarse ni tomarse como prueba única de delito. QR: Código de respuesta rápida (Quick Response): cuadro de puntos que el teléfono lee; puede contener un enlace o datos de pago."
505,4,Cinturón Azul,Una secretaria entregó su clave al falso soporte y recibió un aviso de acceso desde otro equipo. ¿Qué debe hacer ahora la persona afectada?,Seguir el enlace privado porque tiene el logo de la tienda. Un logotipo en el perfil verifica que el soporte es oficial.,Confiar porque respondió inmediatamente a tu comentario.,Dar acceso al correo para que busque el pedido.,"Recuperar la cuenta por el servicio oficial, cambiar la clave y cerrar accesos ajenos.",3,"Recuperar la cuenta por el servicio oficial, cambiar la clave y cerrar accesos ajenos. Los impostores pueden buscar quejas públicas para ofrecer falsa ayuda con datos del problema que acabas de contar. Que alguien conozca tu problema no demuestra que esté autorizado a resolverlo."
506,4,Cinturón Azul,Un soldador pagó la reserva y ahora le exigen otro pago por un supuesto uniforme que nunca vio. ¿Qué debe hacer ahora la persona afectada?,Enviar cédula y cuenta bancaria para demostrar que aceptas.,Pagar porque el ingreso prometido compensa la reserva.,"Detener los pagos, guardar la oferta y reportar al medio de pago y al sitio donde se anunció.",Aceptar la urgencia porque hay otras personas interesadas.,2,"Detener los pagos, guardar la oferta y reportar al medio de pago y al sitio donde se anunció. Cobrar por reservar un puesto no verificado puede ser el objetivo de la estafa; la necesidad de trabajo no debe aprovecharse para presionarte. Puede haber gastos legítimos relacionados con formación o trámites; no justifican pagar una oferta opaca sin comprobar quién cobra y por qué."
507,4,Cinturón Azul,Una tendera depositó varias veces y su pantalla muestra ganancias que no le permiten retirar sin otro pago. ¿Qué debe hacer ahora la persona afectada?,Invitar amigos para conseguir el dinero del siguiente nivel.,"No pagar más, conservar registros y reportar las transferencias por los canales de pago.",Depositar más porque ya recibiste un pago pequeño.,Pedir prestado para completar la tarea de mayor ganancia.,1,"No pagar más, conservar registros y reportar las transferencias por los canales de pago. Un pago inicial puede usarse para ganar confianza antes de pedir cantidades mayores que no podrás recuperar. La posibilidad de retirar una cantidad pequeña no garantiza que los depósitos mayores estén seguros."
508,4,Cinturón Azul,Una cocinera pagó una supuesta garantía y le exigen después un impuesto adicional para desembolsar. ¿Qué debe hacer ahora la persona afectada?,Mandar fotos de todos tus documentos para acelerar la aprobación. Pedir contactos del teléfono demuestra que la entidad evaluó tu capacidad de pago.,Autorizar acceso a contactos para demostrar buena fe. Un perfil con testimonios sustituye la verificación de la entidad.,"Detener los pagos, guardar los mensajes y reportar la operación al medio de pago.",Enviar el anticipo porque representa una parte pequeña del préstamo.,2,"Detener los pagos, guardar los mensajes y reportar la operación al medio de pago. Una promesa de préstamo puede utilizarse para cobrar anticipos o recoger datos sin entregar el dinero ofrecido. La existencia de comisiones no prueba por sí sola fraude; el cobro opaco a un receptor no verificado exige detenerse y comprobar."
509,4,Cinturón Azul,Un agricultor aportó dinero y ahora debe pagar un «impuesto de retiro» al mismo promotor para recuperar el saldo. ¿Qué debe hacer ahora la persona afectada?,Usar el dinero destinado al arriendo para no perder la oportunidad. Una promesa escrita elimina el riesgo de una inversión.,Confiar en la garantía escrita por el mismo promotor. Muchos participantes en un grupo equivalen a una autorización oficial.,"Detener nuevos envíos, conservar evidencia y reportar por el medio de pago y los canales competentes.",Invertir porque el grupo publica capturas de ganancias.,2,"Detener nuevos envíos, conservar evidencia y reportar por el medio de pago y los canales competentes. Las promesas de rentabilidad alta y segura son señales de alerta; capturas y testimonios pueden fabricarse. Ni la tecnología utilizada ni un saldo en una aplicación garantizan que exista una inversión legítima o dinero recuperable."
510,4,Cinturón Azul,Un chofer ha enviado dinero varias veces y cada intento de encontrarse con la persona termina en una nueva emergencia. ¿Qué debe hacer ahora la persona afectada?,"Detener los envíos, guardar conversaciones y buscar apoyo y reporte sin culparse por haber confiado.",Mantener el secreto porque la persona dice que nadie entendería su amor. Una foto o una videollamada garantiza que toda historia posterior sea verdadera.,Pedir un préstamo para resolver la emergencia de inmediato. Poner un límite al envío de dinero demuestra falta de afecto.,Enviar por miedo a que termine la relación.,0,"Detener los envíos, guardar conversaciones y buscar apoyo y reporte sin culparse por haber confiado. La cercanía emocional puede utilizarse para presionar; sentir afecto no verifica una identidad ni una solicitud de dinero. No toda relación por internet es un engaño; la presión, el aislamiento y las solicitudes económicas requieren límites y comprobación."
511,4,Cinturón Azul,Una secretaria ya recibió dinero de un desconocido y el supuesto empleador exige reenviarlo a varias personas. ¿Qué debe hacer ahora la persona afectada?,Aceptar porque la comisión es pequeña.,Entregar las claves para que la empresa haga los movimientos por ti.,No moverlo por su cuenta y contactar al banco explicando lo ocurrido para recibir instrucciones.,Mover solo el primer pago como prueba. Recibir instrucciones por escrito vuelve legítimo cualquier movimiento.,2,No moverlo por su cuenta y contactar al banco explicando lo ocurrido para recibir instrucciones. Tu cuenta podría utilizarse para mover dinero de origen fraudulento; ser intermediario puede exponerte a consecuencias serias. No hace falta saber el nombre técnico del delito para detener una operación de origen incierto y pedir orientación.
512,4,Cinturón Azul,Una tendera pagó la factura modificada y el proveedor real afirma no haber recibido el dinero. ¿Qué debe hacer ahora la persona afectada?,Aceptar un teléfono nuevo incluido en ese mismo mensaje como única confirmación.,Verificar solo respondiendo al mismo correo.,"Reportar de inmediato al banco, avisar al proveedor por otro canal y conservar el hilo completo y el comprobante.",Pagar porque el correo está dentro del hilo de siempre. Un correo enviado desde la cuenta habitual nunca puede contener instrucciones de un impostor.,2,"Reportar de inmediato al banco, avisar al proveedor por otro canal y conservar el hilo completo y el comprobante. Una cuenta de correo auténtica puede estar comprometida; un hilo conocido no garantiza que el cambio sea legítimo. Verificar una dirección ayuda, pero no reemplaza comprobar cambios sensibles por una vía independiente."
513,4,Cinturón Azul,Una secretaria compró tarjetas y envió sus códigos; el gerente real niega haberlas pedido. ¿Qué debe hacer ahora la persona afectada?,"Contactar rápidamente al emisor de las tarjetas para reportar y consultar bloqueo, guardando recibos y mensajes.",Enviar códigos por foto pensando que así pueden recuperarse después.,Comprar porque el cargo del remitente obliga a obedecer sin revisión. Un cargo directivo hace innecesario confirmar gastos inusuales.,Usar dinero propio para no atrasar la orden secreta. Comprar con dinero propio elimina el riesgo del encargo.,0,"Contactar rápidamente al emisor de las tarjetas para reportar y consultar bloqueo, guardando recibos y mensajes. La autoridad y el secreto pueden usarse para saltar controles; los códigos de regalo pueden gastarse rápidamente al compartirse. El respeto a una autoridad es compatible con confirmar una instrucción inusual que compromete dinero."
514,4,Cinturón Azul,Una cocinera escribió la clave para votar y sus contactos empezaron a recibir el mismo enlace desde su cuenta. ¿Qué debe hacer ahora la persona afectada?,Entrar porque la cuenta y la foto son las de siempre.,Recuperar y proteger la cuenta por su servicio oficial y advertir a los contactos por otro medio.,Reenviar a otros amigos para ayudarla a ganar.,Responder en el mismo chat preguntando si «de verdad es ella» como única prueba. Un concurso necesita la contraseña de otra cuenta para contar un voto.,1,Recuperar y proteger la cuenta por su servicio oficial y advertir a los contactos por otro medio. Una cuenta conocida puede ser robada o utilizada sin permiso; la confianza en la persona no verifica cada enlace que sale de su cuenta. Comprobar no es acusar al conocido; también puede ayudarlo a descubrir que alguien usa su cuenta.
515,4,Cinturón Azul,Una tendera donó y luego la organización real aclaró que esa cuenta no era suya. ¿Qué debe hacer ahora la persona afectada?,Donar porque las fotos demuestran quién recauda.,Enviar la foto de tu tarjeta para que cobren el aporte. Una imagen emotiva permite identificar al receptor del dinero.,Confiar solo en la cantidad de veces que se compartió la publicación. Compartir muchas veces una cuenta demuestra que pertenece a una organización.,"Guardar la publicación y el comprobante, reportar al medio de pago y al sitio que difundió la campaña.",3,"Guardar la publicación y el comprobante, reportar al medio de pago y al sitio que difundió la campaña. Las imágenes de una emergencia real pueden utilizarse en una recaudación falsa. Verificar permite ayudar con más seguridad; no implica desentenderse de la emergencia."
516,4,Cinturón Azul,Una cocinera pagó la reserva de un local y al visitarlo descubrió que otra persona ya lo ocupa y no conoce al anunciante. ¿Qué debe hacer ahora la persona afectada?,Transferir para impedir que otra persona se adelante.,"Conservar anuncio y pago, reportar al medio de pago y a la plataforma, y consultar los canales de denuncia pertinentes.",Pagar porque las fotografías del local se ven profesionales. Fotografías profesionales demuestran que quien cobra puede alquilar el lugar.,Enviar documentos completos antes de verificar al arrendador. El miedo a perder una oportunidad sustituye la revisión del contrato.,1,"Conservar anuncio y pago, reportar al medio de pago y a la plataforma, y consultar los canales de denuncia pertinentes. Las fotos pueden copiarse de otros anuncios; pagar bajo presión sin verificar al receptor aumenta el riesgo de perder la reserva. Un anticipo no es por sí solo una estafa; la identidad, el derecho a ofrecer el bien y las condiciones deben poder verificarse."
517,4,Cinturón Azul,"Un agricultor envió su documento y un pago al supuesto gestor, que ahora exige una segunda tasa. ¿Qué debe hacer ahora la persona afectada?",Reenviar el anuncio a toda la comunidad antes de comprobarlo.,Pagar porque el mensaje muestra el escudo del país.,Enviar claves bancarias para que el gestor revise si calificas. Un gestor por chat puede exigir tu contraseña bancaria para cualquier trámite.,"Detener el pago, guardar evidencia y consultar la institución y el medio de pago por vías oficiales.",3,"Detener el pago, guardar evidencia y consultar la institución y el medio de pago por vías oficiales. Un beneficio público puede usarse como excusa para cobrar o recoger datos; escudos y nombres institucionales se pueden copiar. Los requisitos y costos legítimos dependen del trámite; no deben suponerse a partir de una cadena o un perfil particular."
518,4,Cinturón Azul,Una tendera confirma con la operadora que hubo un cambio de línea no autorizado y además ve un intento de acceso al banco. ¿Qué debe hacer ahora la persona afectada?,Esperar varios días porque perder señal nunca afecta las cuentas.,Aceptar un enlace recibido para «activar» de nuevo la línea con tu clave bancaria.,Gestionar la recuperación de la línea y contactar al banco de inmediato para restringir accesos y operaciones expuestas.,Leer códigos a una llamada que promete devolver la cobertura.,2,"Gestionar la recuperación de la línea y contactar al banco de inmediato para restringir accesos y operaciones expuestas. Una sustitución no autorizada de la SIM, el módulo de identificación del abonado, puede llevar llamadas y mensajes a otra persona. La falta de señal tiene causas normales; combinarla con cambios no autorizados requiere una respuesta rápida. SIM: Módulo de identificación del abonado (Subscriber Identity Module): identifica la suscripción de tu línea móvil; puede existir en tarjeta o en forma digital."
519,4,Cinturón Azul,Una secretaria pegó una lista real en un asistente y después advirtió que incluía documentos de identidad. ¿Qué debe hacer ahora la persona afectada?,Usar una cuenta personal para saltar las reglas de privacidad del negocio. Una cuenta personal evita las obligaciones de cuidar datos del negocio.,Compartir también las contraseñas para que el asistente compruebe las cuentas. Usar inteligencia artificial equivale a tener autorización de los clientes para compartir sus datos.,Subir la lista completa porque una inteligencia artificial guarda todo en secreto automáticamente. Todos los asistentes eliminan inmediatamente todo lo que reciben.,"Detener la difusión, avisar al responsable y revisar las opciones del servicio para retirar el contenido y gestionar la exposición.",3,"Detener la difusión, avisar al responsable y revisar las opciones del servicio para retirar el contenido y gestionar la exposición. Un servicio puede tratar o conservar lo que le envías según sus condiciones; no conviene compartir secretos ni datos personales innecesarios. Quitar nombres puede no bastar si otros datos permiten identificar a la persona; hay que reducir también esos detalles."
520,4,Cinturón Azul,Una cocinera llamó a un número sugerido por una herramienta y le pidieron instalar control remoto. ¿Qué debe hacer ahora la persona afectada?,Confiar porque la respuesta está bien escrita y parece profesional.,"Cortar la interacción y consultar al servicio real; si instaló algo, pedir revisión confiable del equipo.",Pedir al mismo asistente que prometa que no se equivoca como única verificación.,Entregar códigos al número porque la explicación era detallada. Un asistente que reconoce el nombre de tu banco conoce siempre su teléfono vigente.,1,"Cortar la interacción y consultar al servicio real; si instaló algo, pedir revisión confiable del equipo. Una respuesta automática puede equivocarse o inventar datos; su tono seguro no verifica una fuente. La inteligencia artificial puede ayudar a explicar; la responsabilidad de comprobar acciones sensibles sigue siendo necesaria."
521,4,Cinturón Azul,"Un agricultor transfirió tras escuchar la voz de su sobrino y la familia confirma que nadie pidió dinero. Ya se ha iniciado esta medida: «Contactar de inmediato al banco, detener nuevos pagos y guardar audio, mensajes y comprobante.» ¿Qué comprobación o seguimiento conviene realizar?",Seguir el reporte y advertir a familiares por un canal distinto al comprometido.,"Confiar únicamente en que no aparezcan nuevos avisos, sin comprobar el estado de los accesos o datos afectados.","Dar por cerrado el incidente al completar una sola medida, sin revisar sus resultados.","Borrar mensajes y comprobantes antes de revisar si hubo otros accesos, cambios o consecuencias.",0,"Seguir el reporte y advertir a familiares por un canal distinto al comprometido. La inteligencia artificial puede imitar voces de forma convincente; reconocer una voz no verifica por sí solo la petición. Los defectos de audio pueden despertar dudas, pero su ausencia no confirma autenticidad."
522,4,Cinturón Azul,"Un tendero pagó a la plataforma del video y ahora le cobran una tasa adicional para retirar las supuestas ganancias. Ya se ha iniciado esta medida: «No enviar más dinero, guardar pruebas y contactar al medio de pago para reportar el posible fraude.» ¿Qué comprobación o seguimiento conviene realizar?","Confiar únicamente en que no aparezcan nuevos avisos, sin comprobar el estado de los accesos o datos afectados.","Borrar mensajes y comprobantes antes de revisar si hubo otros accesos, cambios o consecuencias.",Revisar opciones de reporte y rechazar a supuestos recuperadores que pidan otro adelanto.,"Dar por cerrado el incidente al completar una sola medida, sin revisar sus resultados.",2,Revisar opciones de reporte y rechazar a supuestos recuperadores que pidan otro adelanto. Una imagen o video puede alterarse o usarse fuera de contexto; la fama no demuestra que una inversión sea legítima. Una comprobación independiente sigue siendo necesaria aunque no puedas determinar si el video fue generado con inteligencia artificial.
523,4,Cinturón Azul,Una cocinera escribió su clave en el supuesto menú y la página no mostró platos. Ya se ha iniciado esta medida: «Cambiar esa clave desde el correo oficial y revisar sesiones y recuperación.» ¿Qué comprobación o seguimiento conviene realizar?,"Dar por cerrado el incidente al completar una sola medida, sin revisar sus resultados.","Confiar únicamente en que no aparezcan nuevos avisos, sin comprobar el estado de los accesos o datos afectados.","Borrar mensajes y comprobantes antes de revisar si hubo otros accesos, cambios o consecuencias.",Avisar al restaurante y comprobar otras cuentas donde se haya repetido la clave.,3,"Avisar al restaurante y comprobar otras cuentas donde se haya repetido la clave. Un código QR, de respuesta rápida, puede abrir una dirección; su ubicación no demuestra que el destino sea legítimo. Escanear para ver una dirección no equivale a entregar una clave o aprobar un pago; hay que revisar cada paso. QR: Código de respuesta rápida (Quick Response): cuadro de puntos que el teléfono lee; puede contener un enlace o datos de pago."
524,4,Cinturón Azul,"Un tendero descubre que alguien cubrió su código con otro y un cliente ya pagó al receptor equivocado. Ya se ha iniciado esta medida: «Retirar de uso el código alterado, guardar evidencia y orientar al cliente a reportar el pago a su entidad.» ¿Qué comprobación o seguimiento conviene realizar?","Borrar mensajes y comprobantes antes de revisar si hubo otros accesos, cambios o consecuencias.","Confiar únicamente en que no aparezcan nuevos avisos, sin comprobar el estado de los accesos o datos afectados.",Verificar el nuevo código con su aplicación y revisar pagos que pudieron verse afectados.,"Dar por cerrado el incidente al completar una sola medida, sin revisar sus resultados.",2,"Verificar el nuevo código con su aplicación y revisar pagos que pudieron verse afectados. Un código puede reemplazarse o apuntar a otra cuenta; la pantalla final permite comprobar a quién se enviará el dinero. Un nombre comercial puede diferir del titular legal; esa diferencia debe aclararse antes de pagar, no ignorarse ni tomarse como prueba única de delito. QR: Código de respuesta rápida (Quick Response): cuadro de puntos que el teléfono lee; puede contener un enlace o datos de pago."
525,4,Cinturón Azul,"Una secretaria entregó su clave al falso soporte y recibió un aviso de acceso desde otro equipo. Ya se ha iniciado esta medida: «Recuperar la cuenta por el servicio oficial, cambiar la clave y cerrar accesos ajenos.» ¿Qué comprobación o seguimiento conviene realizar?","Dar por cerrado el incidente al completar una sola medida, sin revisar sus resultados.","Borrar mensajes y comprobantes antes de revisar si hubo otros accesos, cambios o consecuencias.","Confiar únicamente en que no aparezcan nuevos avisos, sin comprobar el estado de los accesos o datos afectados.",Revisar datos de recuperación y reportar el perfil que ofreció la falsa ayuda.,3,Revisar datos de recuperación y reportar el perfil que ofreció la falsa ayuda. Los impostores pueden buscar quejas públicas para ofrecer falsa ayuda con datos del problema que acabas de contar. Que alguien conozca tu problema no demuestra que esté autorizado a resolverlo.
526,4,Cinturón Azul,"Un soldador pagó la reserva y ahora le exigen otro pago por un supuesto uniforme que nunca vio. Ya se ha iniciado esta medida: «Detener los pagos, guardar la oferta y reportar al medio de pago y al sitio donde se anunció.» ¿Qué comprobación o seguimiento conviene realizar?","Confiar únicamente en que no aparezcan nuevos avisos, sin comprobar el estado de los accesos o datos afectados.",Revisar qué documentos entregó y vigilar intentos posteriores de suplantación.,"Borrar mensajes y comprobantes antes de revisar si hubo otros accesos, cambios o consecuencias.","Dar por cerrado el incidente al completar una sola medida, sin revisar sus resultados.",1,Revisar qué documentos entregó y vigilar intentos posteriores de suplantación. Cobrar por reservar un puesto no verificado puede ser el objetivo de la estafa; la necesidad de trabajo no debe aprovecharse para presionarte. Puede haber gastos legítimos relacionados con formación o trámites; no justifican pagar una oferta opaca sin comprobar quién cobra y por qué.
527,4,Cinturón Azul,"Una tendera depositó varias veces y su pantalla muestra ganancias que no le permiten retirar sin otro pago. Ya se ha iniciado esta medida: «No pagar más, conservar registros y reportar las transferencias por los canales de pago.» ¿Qué comprobación o seguimiento conviene realizar?","Dar por cerrado el incidente al completar una sola medida, sin revisar sus resultados.","Confiar únicamente en que no aparezcan nuevos avisos, sin comprobar el estado de los accesos o datos afectados.",Seguir los reportes y rechazar ofertas de recuperación que exijan nuevas comisiones por adelantado.,"Borrar mensajes y comprobantes antes de revisar si hubo otros accesos, cambios o consecuencias.",2,Seguir los reportes y rechazar ofertas de recuperación que exijan nuevas comisiones por adelantado. Un pago inicial puede usarse para ganar confianza antes de pedir cantidades mayores que no podrás recuperar. La posibilidad de retirar una cantidad pequeña no garantiza que los depósitos mayores estén seguros.
528,4,Cinturón Azul,"Una cocinera pagó una supuesta garantía y le exigen después un impuesto adicional para desembolsar. Ya se ha iniciado esta medida: «Detener los pagos, guardar los mensajes y reportar la operación al medio de pago.» ¿Qué comprobación o seguimiento conviene realizar?","Dar por cerrado el incidente al completar una sola medida, sin revisar sus resultados.",Revisar la exposición de documentos y permisos si también instaló una aplicación.,"Borrar mensajes y comprobantes antes de revisar si hubo otros accesos, cambios o consecuencias.","Confiar únicamente en que no aparezcan nuevos avisos, sin comprobar el estado de los accesos o datos afectados.",1,Revisar la exposición de documentos y permisos si también instaló una aplicación. Una promesa de préstamo puede utilizarse para cobrar anticipos o recoger datos sin entregar el dinero ofrecido. La existencia de comisiones no prueba por sí sola fraude; el cobro opaco a un receptor no verificado exige detenerse y comprobar.
529,4,Cinturón Azul,"Un agricultor aportó dinero y ahora debe pagar un «impuesto de retiro» al mismo promotor para recuperar el saldo. Ya se ha iniciado esta medida: «Detener nuevos envíos, conservar evidencia y reportar por el medio de pago y los canales competentes.» ¿Qué comprobación o seguimiento conviene realizar?","Confiar únicamente en que no aparezcan nuevos avisos, sin comprobar el estado de los accesos o datos afectados.",Revisar las vías de reclamo sin contratar recuperadores que garanticen resultados por un anticipo.,"Dar por cerrado el incidente al completar una sola medida, sin revisar sus resultados.","Borrar mensajes y comprobantes antes de revisar si hubo otros accesos, cambios o consecuencias.",1,Revisar las vías de reclamo sin contratar recuperadores que garanticen resultados por un anticipo. Las promesas de rentabilidad alta y segura son señales de alerta; capturas y testimonios pueden fabricarse. Ni la tecnología utilizada ni un saldo en una aplicación garantizan que exista una inversión legítima o dinero recuperable.
530,4,Cinturón Azul,"Un chofer ha enviado dinero varias veces y cada intento de encontrarse con la persona termina en una nueva emergencia. Ya se ha iniciado esta medida: «Detener los envíos, guardar conversaciones y buscar apoyo y reporte sin culparse por haber confiado.» ¿Qué comprobación o seguimiento conviene realizar?",Revisar pagos y proteger datos personales que haya compartido.,"Confiar únicamente en que no aparezcan nuevos avisos, sin comprobar el estado de los accesos o datos afectados.","Borrar mensajes y comprobantes antes de revisar si hubo otros accesos, cambios o consecuencias.","Dar por cerrado el incidente al completar una sola medida, sin revisar sus resultados.",0,"Revisar pagos y proteger datos personales que haya compartido. La cercanía emocional puede utilizarse para presionar; sentir afecto no verifica una identidad ni una solicitud de dinero. No toda relación por internet es un engaño; la presión, el aislamiento y las solicitudes económicas requieren límites y comprobación."
531,4,Cinturón Azul,Una secretaria ya recibió dinero de un desconocido y el supuesto empleador exige reenviarlo a varias personas. Ya se ha iniciado esta medida: «No moverlo por su cuenta y contactar al banco explicando lo ocurrido para recibir instrucciones.» ¿Qué comprobación o seguimiento conviene realizar?,"Dar por cerrado el incidente al completar una sola medida, sin revisar sus resultados.","Confiar únicamente en que no aparezcan nuevos avisos, sin comprobar el estado de los accesos o datos afectados.",Conservar mensajes y seguir las indicaciones del banco y de la autoridad competente cuando corresponda.,"Borrar mensajes y comprobantes antes de revisar si hubo otros accesos, cambios o consecuencias.",2,Conservar mensajes y seguir las indicaciones del banco y de la autoridad competente cuando corresponda. Tu cuenta podría utilizarse para mover dinero de origen fraudulento; ser intermediario puede exponerte a consecuencias serias. No hace falta saber el nombre técnico del delito para detener una operación de origen incierto y pedir orientación.
532,4,Cinturón Azul,"Una tendera pagó la factura modificada y el proveedor real afirma no haber recibido el dinero. Ya se ha iniciado esta medida: «Reportar de inmediato al banco, avisar al proveedor por otro canal y conservar el hilo completo y el comprobante.» ¿Qué comprobación o seguimiento conviene realizar?","Borrar mensajes y comprobantes antes de revisar si hubo otros accesos, cambios o consecuencias.","Dar por cerrado el incidente al completar una sola medida, sin revisar sus resultados.","Confiar únicamente en que no aparezcan nuevos avisos, sin comprobar el estado de los accesos o datos afectados.",Seguir el reporte y revisar otras facturas con cambios similares antes de pagarlas.,3,"Seguir el reporte y revisar otras facturas con cambios similares antes de pagarlas. Una cuenta de correo auténtica puede estar comprometida; un hilo conocido no garantiza que el cambio sea legítimo. Verificar una dirección ayuda, pero no reemplaza comprobar cambios sensibles por una vía independiente."
533,4,Cinturón Azul,"Una secretaria compró tarjetas y envió sus códigos; el gerente real niega haberlas pedido. Ya se ha iniciado esta medida: «Contactar rápidamente al emisor de las tarjetas para reportar y consultar bloqueo, guardando recibos y mensajes.» ¿Qué comprobación o seguimiento conviene realizar?","Confiar únicamente en que no aparezcan nuevos avisos, sin comprobar el estado de los accesos o datos afectados.","Borrar mensajes y comprobantes antes de revisar si hubo otros accesos, cambios o consecuencias.","Dar por cerrado el incidente al completar una sola medida, sin revisar sus resultados.",Seguir el reporte y revisar si los códigos fueron usados sin prometer que podrán recuperarse.,3,Seguir el reporte y revisar si los códigos fueron usados sin prometer que podrán recuperarse. La autoridad y el secreto pueden usarse para saltar controles; los códigos de regalo pueden gastarse rápidamente al compartirse. El respeto a una autoridad es compatible con confirmar una instrucción inusual que compromete dinero.
534,4,Cinturón Azul,Una cocinera escribió la clave para votar y sus contactos empezaron a recibir el mismo enlace desde su cuenta. Ya se ha iniciado esta medida: «Recuperar y proteger la cuenta por su servicio oficial y advertir a los contactos por otro medio.» ¿Qué comprobación o seguimiento conviene realizar?,"Confiar únicamente en que no aparezcan nuevos avisos, sin comprobar el estado de los accesos o datos afectados.","Revisar sesiones, permisos de aplicaciones y opciones de recuperación.","Borrar mensajes y comprobantes antes de revisar si hubo otros accesos, cambios o consecuencias.","Dar por cerrado el incidente al completar una sola medida, sin revisar sus resultados.",1,"Revisar sesiones, permisos de aplicaciones y opciones de recuperación. Una cuenta conocida puede ser robada o utilizada sin permiso; la confianza en la persona no verifica cada enlace que sale de su cuenta. Comprobar no es acusar al conocido; también puede ayudarlo a descubrir que alguien usa su cuenta."
535,4,Cinturón Azul,"Una tendera donó y luego la organización real aclaró que esa cuenta no era suya. Ya se ha iniciado esta medida: «Guardar la publicación y el comprobante, reportar al medio de pago y al sitio que difundió la campaña.» ¿Qué comprobación o seguimiento conviene realizar?","Dar por cerrado el incidente al completar una sola medida, sin revisar sus resultados.",Avisar a quienes recibieron el enlace y seguir el reporte sin publicar datos privados de donantes.,"Borrar mensajes y comprobantes antes de revisar si hubo otros accesos, cambios o consecuencias.","Confiar únicamente en que no aparezcan nuevos avisos, sin comprobar el estado de los accesos o datos afectados.",1,Avisar a quienes recibieron el enlace y seguir el reporte sin publicar datos privados de donantes. Las imágenes de una emergencia real pueden utilizarse en una recaudación falsa. Verificar permite ayudar con más seguridad; no implica desentenderse de la emergencia.
536,4,Cinturón Azul,"Una cocinera pagó la reserva de un local y al visitarlo descubrió que otra persona ya lo ocupa y no conoce al anunciante. Ya se ha iniciado esta medida: «Conservar anuncio y pago, reportar al medio de pago y a la plataforma, y consultar los canales de denuncia pertinentes.» ¿Qué comprobación o seguimiento conviene realizar?","Dar por cerrado el incidente al completar una sola medida, sin revisar sus resultados.",Dar seguimiento a los reportes y evitar nuevos pagos por supuestos trámites de devolución.,"Confiar únicamente en que no aparezcan nuevos avisos, sin comprobar el estado de los accesos o datos afectados.","Borrar mensajes y comprobantes antes de revisar si hubo otros accesos, cambios o consecuencias.",1,"Dar seguimiento a los reportes y evitar nuevos pagos por supuestos trámites de devolución. Las fotos pueden copiarse de otros anuncios; pagar bajo presión sin verificar al receptor aumenta el riesgo de perder la reserva. Un anticipo no es por sí solo una estafa; la identidad, el derecho a ofrecer el bien y las condiciones deben poder verificarse."
537,4,Cinturón Azul,"Un agricultor envió su documento y un pago al supuesto gestor, que ahora exige una segunda tasa. Ya se ha iniciado esta medida: «Detener el pago, guardar evidencia y consultar la institución y el medio de pago por vías oficiales.» ¿Qué comprobación o seguimiento conviene realizar?","Confiar únicamente en que no aparezcan nuevos avisos, sin comprobar el estado de los accesos o datos afectados.",Vigilar usos indebidos del documento y comunicar a la comunidad que el anuncio no fue verificado.,"Dar por cerrado el incidente al completar una sola medida, sin revisar sus resultados.","Borrar mensajes y comprobantes antes de revisar si hubo otros accesos, cambios o consecuencias.",1,Vigilar usos indebidos del documento y comunicar a la comunidad que el anuncio no fue verificado. Un beneficio público puede usarse como excusa para cobrar o recoger datos; escudos y nombres institucionales se pueden copiar. Los requisitos y costos legítimos dependen del trámite; no deben suponerse a partir de una cadena o un perfil particular.
538,4,Cinturón Azul,Una tendera confirma con la operadora que hubo un cambio de línea no autorizado y además ve un intento de acceso al banco. Ya se ha iniciado esta medida: «Gestionar la recuperación de la línea y contactar al banco de inmediato para restringir accesos y operaciones expuestas.» ¿Qué comprobación o seguimiento conviene realizar?,"Dar por cerrado el incidente al completar una sola medida, sin revisar sus resultados.","Borrar mensajes y comprobantes antes de revisar si hubo otros accesos, cambios o consecuencias.","Confiar únicamente en que no aparezcan nuevos avisos, sin comprobar el estado de los accesos o datos afectados.",Revisar datos de recuperación de correo y banca y confirmar con la operadora el control recuperado del número.,3,"Revisar datos de recuperación de correo y banca y confirmar con la operadora el control recuperado del número. Una sustitución no autorizada de la SIM, el módulo de identificación del abonado, puede llevar llamadas y mensajes a otra persona. La falta de señal tiene causas normales; combinarla con cambios no autorizados requiere una respuesta rápida. SIM: Módulo de identificación del abonado (Subscriber Identity Module): identifica la suscripción de tu línea móvil; puede existir en tarjeta o en forma digital."
539,4,Cinturón Azul,"Una secretaria pegó una lista real en un asistente y después advirtió que incluía documentos de identidad. Ya se ha iniciado esta medida: «Detener la difusión, avisar al responsable y revisar las opciones del servicio para retirar el contenido y gestionar la exposición.» ¿Qué comprobación o seguimiento conviene realizar?","Confiar únicamente en que no aparezcan nuevos avisos, sin comprobar el estado de los accesos o datos afectados.","Dar por cerrado el incidente al completar una sola medida, sin revisar sus resultados.","Borrar mensajes y comprobantes antes de revisar si hubo otros accesos, cambios o consecuencias.",Documentar qué datos se enviaron y ajustar el procedimiento para evitar nuevos envíos innecesarios.,3,Documentar qué datos se enviaron y ajustar el procedimiento para evitar nuevos envíos innecesarios. Un servicio puede tratar o conservar lo que le envías según sus condiciones; no conviene compartir secretos ni datos personales innecesarios. Quitar nombres puede no bastar si otros datos permiten identificar a la persona; hay que reducir también esos detalles.
540,4,Cinturón Azul,"Una cocinera llamó a un número sugerido por una herramienta y le pidieron instalar control remoto. Ya se ha iniciado esta medida: «Cortar la interacción y consultar al servicio real; si instaló algo, pedir revisión confiable del equipo.» ¿Qué comprobación o seguimiento conviene realizar?","Borrar mensajes y comprobantes antes de revisar si hubo otros accesos, cambios o consecuencias.","Confiar únicamente en que no aparezcan nuevos avisos, sin comprobar el estado de los accesos o datos afectados.","Dar por cerrado el incidente al completar una sola medida, sin revisar sus resultados.",Comprobar qué datos o permisos entregó y proteger las cuentas que correspondan.,3,Comprobar qué datos o permisos entregó y proteger las cuentas que correspondan. Una respuesta automática puede equivocarse o inventar datos; su tono seguro no verifica una fuente. La inteligencia artificial puede ayudar a explicar; la responsabilidad de comprobar acciones sensibles sigue siendo necesaria.
541,4,Cinturón Azul,"Sobre «Voz familiar que pide dinero», ¿qué afirmación evita una falsa sensación de seguridad o una alarma innecesaria?",Pedir un segundo audio al mismo contacto garantiza su identidad.,"Los defectos de audio pueden despertar dudas, pero su ausencia no confirma autenticidad.",El secreto impuesto por quien pide dinero demuestra que la emergencia es auténtica.,Una voz natural nunca puede ser artificial.,1,"La inteligencia artificial puede imitar voces de forma convincente; reconocer una voz no verifica por sí solo la petición. Los defectos de audio pueden despertar dudas, pero su ausencia no confirma autenticidad."
542,4,Cinturón Azul,"Sobre «Video que parece auténtico», ¿qué afirmación evita una falsa sensación de seguridad o una alarma innecesaria?",Una comprobación independiente sigue siendo necesaria aunque no puedas determinar si el video fue generado con inteligencia artificial.,La presencia de una persona famosa garantiza la recuperación del dinero. Un video de buena calidad no puede estar manipulado.,Los comentarios positivos certifican una inversión. La presencia de una persona famosa garantiza la recuperación del dinero.,Un video de buena calidad no puede estar manipulado. Los comentarios positivos certifican una inversión.,0,Una imagen o video puede alterarse o usarse fuera de contexto; la fama no demuestra que una inversión sea legítima. Una comprobación independiente sigue siendo necesaria aunque no puedas determinar si el video fue generado con inteligencia artificial.
543,4,Cinturón Azul,"Sobre «Códigos QR de menús», ¿qué afirmación evita una falsa sensación de seguridad o una alarma innecesaria?",Un menú necesita la contraseña de tu correo para identificarte. Escanear un código autoriza cualquier pago que aparezca después.,Escanear para ver una dirección no equivale a entregar una clave o aprobar un pago; hay que revisar cada paso.,Todo código colocado dentro de un negocio fue revisado por el dueño. Un menú necesita la contraseña de tu correo para identificarte.,Escanear un código autoriza cualquier pago que aparezca después.,1,"Un código QR, de respuesta rápida, puede abrir una dirección; su ubicación no demuestra que el destino sea legítimo. Escanear para ver una dirección no equivale a entregar una clave o aprobar un pago; hay que revisar cada paso. QR: Código de respuesta rápida (Quick Response): cuadro de puntos que el teléfono lee; puede contener un enlace o datos de pago."
544,4,Cinturón Azul,"Sobre «Código QR para pagar a otra persona», ¿qué afirmación evita una falsa sensación de seguridad o una alarma innecesaria?","Un nombre comercial puede diferir del titular legal; esa diferencia debe aclararse antes de pagar, no ignorarse ni tomarse como prueba única de delito.",Un importe correcto evita cualquier error de destinatario. Un código impreso nunca puede sustituirse.,El lugar donde está pegado garantiza el dueño de la cuenta.,Un código impreso nunca puede sustituirse.,0,"Un código puede reemplazarse o apuntar a otra cuenta; la pantalla final permite comprobar a quién se enviará el dinero. Un nombre comercial puede diferir del titular legal; esa diferencia debe aclararse antes de pagar, no ignorarse ni tomarse como prueba única de delito. QR: Código de respuesta rápida (Quick Response): cuadro de puntos que el teléfono lee; puede contener un enlace o datos de pago."
545,4,Cinturón Azul,"Sobre «Falso soporte en comentarios», ¿qué afirmación evita una falsa sensación de seguridad o una alarma innecesaria?",Un logotipo en el perfil verifica que el soporte es oficial.,Quien responde primero representa necesariamente al comercio.,Conocer el pedido publicado en una queja demuestra acceso interno a la tienda. Quien responde primero representa necesariamente al comercio.,Que alguien conozca tu problema no demuestra que esté autorizado a resolverlo.,3,Los impostores pueden buscar quejas públicas para ofrecer falsa ayuda con datos del problema que acabas de contar. Que alguien conozca tu problema no demuestra que esté autorizado a resolverlo.
546,4,Cinturón Azul,"Sobre «Oferta de trabajo con pago previo», ¿qué afirmación evita una falsa sensación de seguridad o una alarma innecesaria?",Una oferta enviada por mensajería está validada como empleo real. La existencia de otros candidatos demuestra la autenticidad del puesto.,La existencia de otros candidatos demuestra la autenticidad del puesto. Un salario alto garantiza que la empresa tiene dinero para contratar.,Puede haber gastos legítimos relacionados con formación o trámites; no justifican pagar una oferta opaca sin comprobar quién cobra y por qué.,Un salario alto garantiza que la empresa tiene dinero para contratar. Una oferta enviada por mensajería está validada como empleo real.,2,Cobrar por reservar un puesto no verificado puede ser el objetivo de la estafa; la necesidad de trabajo no debe aprovecharse para presionarte. Puede haber gastos legítimos relacionados con formación o trámites; no justifican pagar una oferta opaca sin comprobar quién cobra y por qué.
547,4,Cinturón Azul,"Sobre «Tareas que exigen depositar», ¿qué afirmación evita una falsa sensación de seguridad o una alarma innecesaria?",La posibilidad de retirar una cantidad pequeña no garantiza que los depósitos mayores estén seguros.,Un saldo mostrado en pantalla equivale a dinero retirado y disponible.,"Depositar más garantiza recuperar lo depositado antes. Si una plataforma paga una vez, nunca puede estafar después.","Si una plataforma paga una vez, nunca puede estafar después.",0,Un pago inicial puede usarse para ganar confianza antes de pedir cantidades mayores que no podrás recuperar. La posibilidad de retirar una cantidad pequeña no garantiza que los depósitos mayores estén seguros.
548,4,Cinturón Azul,"Sobre «Préstamo con anticipo dudoso», ¿qué afirmación evita una falsa sensación de seguridad o una alarma innecesaria?",El tamaño del préstamo anunciado garantiza que el prestamista existe.,Pedir contactos del teléfono demuestra que la entidad evaluó tu capacidad de pago.,La existencia de comisiones no prueba por sí sola fraude; el cobro opaco a un receptor no verificado exige detenerse y comprobar.,Un perfil con testimonios sustituye la verificación de la entidad. El tamaño del préstamo anunciado garantiza que el prestamista existe.,2,Una promesa de préstamo puede utilizarse para cobrar anticipos o recoger datos sin entregar el dinero ofrecido. La existencia de comisiones no prueba por sí sola fraude; el cobro opaco a un receptor no verificado exige detenerse y comprobar.
549,4,Cinturón Azul,"Sobre «Inversiones sin riesgo prometido», ¿qué afirmación evita una falsa sensación de seguridad o una alarma innecesaria?",Una captura de ganancias prueba que todas las personas pueden retirarlas.,Ni la tecnología utilizada ni un saldo en una aplicación garantizan que exista una inversión legítima o dinero recuperable.,Una promesa escrita elimina el riesgo de una inversión.,Muchos participantes en un grupo equivalen a una autorización oficial.,1,Las promesas de rentabilidad alta y segura son señales de alerta; capturas y testimonios pueden fabricarse. Ni la tecnología utilizada ni un saldo en una aplicación garantizan que exista una inversión legítima o dinero recuperable.
550,4,Cinturón Azul,"Sobre «Relación afectiva y petición de dinero», ¿qué afirmación evita una falsa sensación de seguridad o una alarma innecesaria?",Poner un límite al envío de dinero demuestra falta de afecto. Conversar durante meses impide que exista un engaño.,Conversar durante meses impide que exista un engaño.,Una foto o una videollamada garantiza que toda historia posterior sea verdadera.,"No toda relación por internet es un engaño; la presión, el aislamiento y las solicitudes económicas requieren límites y comprobación.",3,"La cercanía emocional puede utilizarse para presionar; sentir afecto no verifica una identidad ni una solicitud de dinero. No toda relación por internet es un engaño; la presión, el aislamiento y las solicitudes económicas requieren límites y comprobación."
551,4,Cinturón Azul,"Sobre «Usar tu cuenta para mover dinero ajeno», ¿qué afirmación evita una falsa sensación de seguridad o una alarma innecesaria?",No hace falta saber el nombre técnico del delito para detener una operación de origen incierto y pedir orientación.,Que el dinero pase unos minutos por la cuenta impide que la operación sea investigada. Guardar una comisión pequeña elimina toda responsabilidad.,Recibir instrucciones por escrito vuelve legítimo cualquier movimiento.,Guardar una comisión pequeña elimina toda responsabilidad.,0,Tu cuenta podría utilizarse para mover dinero de origen fraudulento; ser intermediario puede exponerte a consecuencias serias. No hace falta saber el nombre técnico del delito para detener una operación de origen incierto y pedir orientación.
552,4,Cinturón Azul,"Sobre «Cambio de cuenta del proveedor», ¿qué afirmación evita una falsa sensación de seguridad o una alarma innecesaria?",Un correo enviado desde la cuenta habitual nunca puede contener instrucciones de un impostor. Responder al mismo hilo es una comprobación independiente.,La urgencia de la factura elimina la necesidad de revisar cambios bancarios.,"Verificar una dirección ayuda, pero no reemplaza comprobar cambios sensibles por una vía independiente.",Responder al mismo hilo es una comprobación independiente.,2,"Una cuenta de correo auténtica puede estar comprometida; un hilo conocido no garantiza que el cambio sea legítimo. Verificar una dirección ayuda, pero no reemplaza comprobar cambios sensibles por una vía independiente."
553,4,Cinturón Azul,"Sobre «Orden urgente atribuida al jefe», ¿qué afirmación evita una falsa sensación de seguridad o una alarma innecesaria?",Comprar con dinero propio elimina el riesgo del encargo.,El respeto a una autoridad es compatible con confirmar una instrucción inusual que compromete dinero.,Una foto de un código no permite canjearlo.,Un cargo directivo hace innecesario confirmar gastos inusuales.,1,La autoridad y el secreto pueden usarse para saltar controles; los códigos de regalo pueden gastarse rápidamente al compartirse. El respeto a una autoridad es compatible con confirmar una instrucción inusual que compromete dinero.
554,4,Cinturón Azul,"Sobre «Cuenta conocida que manda un enlace extraño», ¿qué afirmación evita una falsa sensación de seguridad o una alarma innecesaria?",Comprobar no es acusar al conocido; también puede ayudarlo a descubrir que alguien usa su cuenta.,Un concurso necesita la contraseña de otra cuenta para contar un voto. Una cuenta con conversaciones antiguas no puede estar comprometida.,Una cuenta con conversaciones antiguas no puede estar comprometida. Quien contesta en el mismo chat demuestra por sí solo ser el dueño.,Quien contesta en el mismo chat demuestra por sí solo ser el dueño. Un concurso necesita la contraseña de otra cuenta para contar un voto.,0,Una cuenta conocida puede ser robada o utilizada sin permiso; la confianza en la persona no verifica cada enlace que sale de su cuenta. Comprobar no es acusar al conocido; también puede ayudarlo a descubrir que alguien usa su cuenta.
555,4,Cinturón Azul,"Sobre «Donaciones tras una emergencia», ¿qué afirmación evita una falsa sensación de seguridad o una alarma innecesaria?",Compartir muchas veces una cuenta demuestra que pertenece a una organización.,Verificar permite ayudar con más seguridad; no implica desentenderse de la emergencia.,Una imagen emotiva permite identificar al receptor del dinero. Una tragedia real convierte en auténticas todas las campañas que la mencionan.,Una tragedia real convierte en auténticas todas las campañas que la mencionan.,1,Las imágenes de una emergencia real pueden utilizarse en una recaudación falsa. Verificar permite ayudar con más seguridad; no implica desentenderse de la emergencia.
556,4,Cinturón Azul,"Sobre «Alquileres y reservas inexistentes», ¿qué afirmación evita una falsa sensación de seguridad o una alarma innecesaria?",El miedo a perder una oportunidad sustituye la revisión del contrato. Fotografías profesionales demuestran que quien cobra puede alquilar el lugar.,"Un anticipo no es por sí solo una estafa; la identidad, el derecho a ofrecer el bien y las condiciones deben poder verificarse.",Una dirección existente garantiza que el anunciante es su propietario.,Fotografías profesionales demuestran que quien cobra puede alquilar el lugar. Una dirección existente garantiza que el anunciante es su propietario.,1,"Las fotos pueden copiarse de otros anuncios; pagar bajo presión sin verificar al receptor aumenta el riesgo de perder la reserva. Un anticipo no es por sí solo una estafa; la identidad, el derecho a ofrecer el bien y las condiciones deben poder verificarse."
557,4,Cinturón Azul,"Sobre «Falsos beneficios públicos», ¿qué afirmación evita una falsa sensación de seguridad o una alarma innecesaria?",Un gestor por chat puede exigir tu contraseña bancaria para cualquier trámite.,Los requisitos y costos legítimos dependen del trámite; no deben suponerse a partir de una cadena o un perfil particular.,Compartir primero un anuncio evita que otras personas pierdan un beneficio. Un escudo oficial impide que el mensaje sea falso.,Un escudo oficial impide que el mensaje sea falso.,1,Un beneficio público puede usarse como excusa para cobrar o recoger datos; escudos y nombres institucionales se pueden copiar. Los requisitos y costos legítimos dependen del trámite; no deben suponerse a partir de una cadena o un perfil particular.
558,4,Cinturón Azul,"Sobre «Pérdida de señal y cambio de línea», ¿qué afirmación evita una falsa sensación de seguridad o una alarma innecesaria?",La falta de señal tiene causas normales; combinarla con cambios no autorizados requiere una respuesta rápida.,Un código de bloqueo físico de la SIM impide cualquier cambio fraudulento gestionado ante la operadora.,Perder cobertura siempre demuestra que alguien robó la línea.,Los mensajes de acceso nunca dependen del control del número telefónico. Un código de bloqueo físico de la SIM impide cualquier cambio fraudulento gestionado ante la operadora.,0,"Una sustitución no autorizada de la SIM, el módulo de identificación del abonado, puede llevar llamadas y mensajes a otra persona. La falta de señal tiene causas normales; combinarla con cambios no autorizados requiere una respuesta rápida. SIM: Módulo de identificación del abonado (Subscriber Identity Module): identifica la suscripción de tu línea móvil; puede existir en tarjeta o en forma digital."
559,4,Cinturón Azul,"Sobre «Privacidad al consultar una inteligencia artificial», ¿qué afirmación evita una falsa sensación de seguridad o una alarma innecesaria?",Una cuenta personal evita las obligaciones de cuidar datos del negocio.,Quitar nombres puede no bastar si otros datos permiten identificar a la persona; hay que reducir también esos detalles.,Todos los asistentes eliminan inmediatamente todo lo que reciben.,Usar inteligencia artificial equivale a tener autorización de los clientes para compartir sus datos. Una cuenta personal evita las obligaciones de cuidar datos del negocio.,1,Un servicio puede tratar o conservar lo que le envías según sus condiciones; no conviene compartir secretos ni datos personales innecesarios. Quitar nombres puede no bastar si otros datos permiten identificar a la persona; hay que reducir también esos detalles.
560,4,Cinturón Azul,"Sobre «Respuestas convincentes que necesitan comprobación», ¿qué afirmación evita una falsa sensación de seguridad o una alarma innecesaria?",Una explicación extensa es necesariamente verdadera.,La inteligencia artificial puede ayudar a explicar; la responsabilidad de comprobar acciones sensibles sigue siendo necesaria.,Un asistente que reconoce el nombre de tu banco conoce siempre su teléfono vigente.,Preguntar dos veces a la misma herramienta equivale a dos fuentes independientes. Un asistente que reconoce el nombre de tu banco conoce siempre su teléfono vigente.,1,Una respuesta automática puede equivocarse o inventar datos; su tono seguro no verifica una fuente. La inteligencia artificial puede ayudar a explicar; la responsabilidad de comprobar acciones sensibles sigue siendo necesaria.
561,5,Cinturón Negro,"Recibiste un correo dudoso, pero solo lo leíste: no abriste enlaces, no descargaste nada ni entregaste información. ¿Qué idea conviene recordar para evaluar lo que ocurre?",La medida debe corresponder a la exposición real; recibir un mensaje no equivale a entregar datos o ejecutar un programa.,Todos los incidentes requieren el mismo procedimiento.,Leer cualquier mensaje implica que el delincuente conoce todas tus claves.,Formatear siempre es la primera acción antes de saber qué pasó.,0,La medida debe corresponder a la exposición real; recibir un mensaje no equivale a entregar datos o ejecutar un programa. En la práctica: Reportarlo como sospechoso y retirarlo sin asumir por ello que todas las cuentas fueron robadas.
562,5,Cinturón Negro,Descubres que escribiste la clave del correo en una página falsa y aún tienes acceso desde un equipo confiable. ¿Cuál es la explicación correcta sobre este riesgo?,Cambiar una contraseña cierra todas las sesiones en todos los servicios sin excepción.,Seguir entrando demuestra que ningún intruso puede acceder.,El atacante necesita avisarte antes de usar la clave. Cambiar una contraseña cierra todas las sesiones en todos los servicios sin excepción.,Una clave expuesta permite intentos de acceso y una sesión ya abierta puede persistir si no se revoca.,3,"Una clave expuesta permite intentos de acceso y una sesión ya abierta puede persistir si no se revoca. En la práctica: Cambiar la clave, cerrar sesiones ajenas y revisar la recuperación desde el servicio oficial."
563,5,Cinturón Negro,"Tras recuperar tu correo, descubres una regla que envía automáticamente las facturas a una dirección desconocida. ¿Qué principio ayuda a decidir con más seguridad?","Una regla de reenvío puede seguir copiando mensajes aunque cambies la clave, si permanece configurada.",Cambiar la clave borra todas las reglas del correo en cualquier servicio.,Las reglas creadas por un intruso se eliminan automáticamente al cerrar su sesión. Cambiar la clave borra todas las reglas del correo en cualquier servicio.,Un reenvío no puede mostrar documentos adjuntos a otro destinatario. Las reglas creadas por un intruso se eliminan automáticamente al cerrar su sesión.,0,"Una regla de reenvío puede seguir copiando mensajes aunque cambies la clave, si permanece configurada. En la práctica: Retirar la regla no autorizada y revisar otras reglas, accesos y permisos de la cuenta."
564,5,Cinturón Negro,"Después de recuperar tu correo, ves una aplicación desconocida autorizada para leer mensajes. ¿Qué explicación ayuda a entender esta situación?",Solo se puede acceder a una cuenta escribiendo su contraseña cada vez.,Todo permiso de una aplicación conectada se revoca automáticamente al cambiar la contraseña.,Una aplicación listada en la cuenta fue necesariamente elegida por el dueño actual. Solo se puede acceder a una cuenta escribiendo su contraseña cada vez.,Una aplicación autorizada puede mantener acceso según el servicio sin necesitar que le dictes la nueva clave.,3,Una aplicación autorizada puede mantener acceso según el servicio sin necesitar que le dictes la nueva clave. En la práctica: Revocar su permiso y revisar los demás accesos conectados.
565,5,Cinturón Negro,Un aviso legítimo indica que cambió el teléfono de recuperación de tu correo y tú no hiciste ese cambio. ¿Qué idea conviene recordar para evaluar lo que ocurre?,Quien controla la recuperación puede intentar recuperar o mantener el acceso incluso después de un cambio de contraseña.,Un número nuevo en la recuperación siempre pertenece al servicio técnico.,"La recuperación no afecta quién puede controlar la cuenta. Si tu contraseña funciona, los datos de recuperación son irrelevantes.","Si tu contraseña funciona, los datos de recuperación son irrelevantes. Un número nuevo en la recuperación siempre pertenece al servicio técnico.",0,Quien controla la recuperación puede intentar recuperar o mantener el acceso incluso después de un cambio de contraseña. En la práctica: Entrar por la ruta oficial para proteger la cuenta y restaurar métodos de recuperación propios si aún puedes.
566,5,Cinturón Negro,"Escribiste número, vencimiento y código de seguridad de la tarjeta en una web falsa, pero todavía no ves cargos. ¿Cuál es la explicación correcta sobre este riesgo?",Borrar el historial elimina las copias en el servidor de una web falsa.,Los datos de tarjeta expuestos pueden utilizarse después; limpiar el navegador no retira lo que recibió la página.,Cambiar la clave del correo modifica automáticamente el número de la tarjeta.,"Si no hay cargos visibles todavía, los datos no pueden utilizarse más adelante. Cambiar la clave del correo modifica automáticamente el número de la tarjeta.",1,Los datos de tarjeta expuestos pueden utilizarse después; limpiar el navegador no retira lo que recibió la página. En la práctica: Contactar al emisor para bloquear o reemplazar la tarjeta y reportar la exposición sin esperar un cargo.
567,5,Cinturón Negro,"Tras transferir dinero, confirmas por otro canal que el supuesto proveedor no solicitó ese pago. ¿Qué principio ayuda a decidir con más seguridad?",Una transferencia fraudulenta se recupera siempre si se reporta el mismo día. Pagar una tasa al receptor obliga a que devuelva el dinero.,"Avisar pronto puede permitir acciones del banco, pero el resultado depende del estado y características de la operación.",Pagar una tasa al receptor obliga a que devuelva el dinero. No se puede contactar al banco hasta tener todas las capturas ordenadas.,No se puede contactar al banco hasta tener todas las capturas ordenadas.,1,"Avisar pronto puede permitir acciones del banco, pero el resultado depende del estado y características de la operación. En la práctica: Contactar inmediatamente al banco y reportar la operación con cuenta, monto, hora y comprobante."
568,5,Cinturón Negro,Te roban el teléfono desbloqueado con correo y banca abiertos; ya estás en un lugar seguro y puedes usar otro equipo confiable. ¿Qué explicación ayuda a entender esta situación?,Una ubicación en un mapa autoriza a recuperar el equipo por confrontación personal.,El teléfono puede dar acceso a cuentas y códigos; actuar por canales oficiales reduce exposición sin arriesgar tu seguridad física.,Bloquear la línea cierra todas las aplicaciones incluso si el teléfono usa otra conexión.,Solo puedes proteger las cuentas desde el teléfono robado.,1,"El teléfono puede dar acceso a cuentas y códigos; actuar por canales oficiales reduce exposición sin arriesgar tu seguridad física. En la práctica: Avisar al banco y la operadora, usar el bloqueo remoto oficial disponible y proteger las cuentas principales."
569,5,Cinturón Negro,"Después de perder tu celular, recibes un mensaje que dice haberlo encontrado y te pide entrar por un enlace y quitarlo de tu cuenta. ¿Qué idea conviene recordar para evaluar lo que ocurre?",Todo mensaje que conoce el modelo del teléfono procede del fabricante.,Un centro de objetos perdidos necesita tus códigos de acceso personales.,Quien tiene un equipo robado puede intentar obtener tus claves o hacer que retires protecciones para poder usarlo.,Retirar un equipo de la cuenta siempre mejora su localización. Un centro de objetos perdidos necesita tus códigos de acceso personales.,2,Quien tiene un equipo robado puede intentar obtener tus claves o hacer que retires protecciones para poder usarlo. En la práctica: Usar solo la herramienta oficial del fabricante y no retirar el bloqueo por instrucciones del mensaje.
570,5,Cinturón Negro,En la computadora del negocio varios archivos ya no abren y aparece una exigencia de dinero para recuperarlos. ¿Cuál es la explicación correcta sobre este riesgo?,Tener copia de seguridad impide que los datos originales sean robados. Conectar todas las copias al equipo afectado facilita una recuperación siempre segura.,"Un programa de secuestro de datos, llamado ransomware, puede bloquear archivos y propagarse; separar el equipo ayuda a limitar el daño.",Pagar un rescate garantiza que los archivos volverán intactos. Tener copia de seguridad impide que los datos originales sean robados.,Conectar todas las copias al equipo afectado facilita una recuperación siempre segura. Pagar un rescate garantiza que los archivos volverán intactos.,1,"Un programa de secuestro de datos, llamado ransomware, puede bloquear archivos y propagarse; separar el equipo ayuda a limitar el daño. En la práctica: Desconectar el equipo de la red y pedir soporte confiable, evitando conectar las copias de seguridad."
571,5,Cinturón Negro,"El soporte retiró un programa dañino de tu computadora, donde habías usado correo y banca mientras estaba instalado. ¿Qué principio ayuda a decidir con más seguridad?",Las cuentas en línea se restauran automáticamente al reparar la computadora.,Eliminar un programa no retira claves o datos que ya pudo copiar ni cierra automáticamente sesiones abiertas en otros equipos.,Desinstalar un programa borra toda información que haya enviado a terceros.,La velocidad normal del equipo prueba que nadie conserva tus claves. Las cuentas en línea se restauran automáticamente al reparar la computadora.,1,Eliminar un programa no retira claves o datos que ya pudo copiar ni cierra automáticamente sesiones abiertas en otros equipos. En la práctica: Proteger las cuentas posiblemente expuestas desde un equipo confiable y seguir la revisión de soporte.
572,5,Cinturón Negro,"Un conocido avisa que existe otro perfil con tu nombre y foto que pide dinero, pero tú conservas acceso a tu cuenta habitual. ¿Qué explicación ayuda a entender esta situación?",Enviar dinero de prueba ayuda a detener una suplantación sin riesgo.,Copiar una identidad en un perfil nuevo es diferente de entrar en tu cuenta real; ambas situaciones requieren proteger a los contactos.,Un perfil con tu foto demuestra que tu contraseña fue robada.,Reportar un perfil garantiza que desaparecerá en el mismo minuto.,1,"Copiar una identidad en un perfil nuevo es diferente de entrar en tu cuenta real; ambas situaciones requieren proteger a los contactos. En la práctica: Guardar evidencia del perfil, reportar la suplantación y avisar a contactos por tu canal conocido."
573,5,Cinturón Negro,"Una entidad confirma que se expusieron nombres, teléfonos y direcciones de clientes, entre ellos tus datos. ¿Qué idea conviene recordar para evaluar lo que ocurre?",Una filtración de teléfonos implica siempre robo de todas las contraseñas.,Un pago puede garantizar borrar todas las copias existentes de datos filtrados.,Los datos filtrados pueden facilitar engaños personalizados; saber detalles sobre ti no demuestra que una llamada sea auténtica.,Quien conoce datos exactos sobre ti está necesariamente autorizado para llamar.,2,"Los datos filtrados pueden facilitar engaños personalizados; saber detalles sobre ti no demuestra que una llamada sea auténtica. En la práctica: Revisar el aviso oficial, identificar qué datos se expusieron y vigilar contactos o trámites no reconocidos."
574,5,Cinturón Negro,"Debes reportar una estafa y tienes mensajes, un comprobante y el número de la cuenta receptora. ¿Cuál es la explicación correcta sobre este riesgo?",No se debe avisar al banco hasta tener un informe perfecto. Publicar información privada siempre acelera una investigación.,Publicar información privada siempre acelera una investigación.,La evidencia íntegra ayuda a explicar lo ocurrido; divulgar datos privados puede ampliar el daño.,Editar las únicas capturas no afecta su utilidad como evidencia. No se debe avisar al banco hasta tener un informe perfecto.,2,"La evidencia íntegra ayuda a explicar lo ocurrido; divulgar datos privados puede ampliar el daño. En la práctica: Guardar originales y copias con fechas, y enviarlos solo por los canales verificados de reporte."
575,5,Cinturón Negro,En el correo de trabajo introdujiste la contraseña en una página falsa y temes recibir una sanción si lo cuentas. ¿Qué principio ayuda a decidir con más seguridad?,Borrar el mensaje inicial cancela todos los accesos que pudo conseguir alguien.,El aviso temprano permite proteger a otras personas y sistemas; ocultar la exposición puede ampliar el daño.,Una persona debe resolver sola un incidente antes de avisar a su trabajo.,"Si no se informa, la empresa no puede verse afectada por la cuenta expuesta.",1,El aviso temprano permite proteger a otras personas y sistemas; ocultar la exposición puede ampliar el daño. En la práctica: Avisar cuanto antes al responsable designado y seguir la protección de la cuenta sin ocultar lo ocurrido.
576,5,Cinturón Negro,"Después de un fraude, ya contactaste al banco y quieres dejar constancia ante la autoridad competente de tu localidad. ¿Qué explicación ayuda a entender esta situación?",Una denuncia garantiza por sí sola el reembolso inmediato del banco.,Un gestor de redes sociales puede prometer el resultado de una investigación.,"Reportar a una plataforma, reclamar al banco y denunciar a una autoridad son gestiones diferentes.",Un reporte de perfil sustituye automáticamente cualquier trámite ante autoridades.,2,"Reportar a una plataforma, reclamar al banco y denunciar a una autoridad son gestiones diferentes. En la práctica: Consultar el canal oficial vigente y presentar hechos y evidencia sin enviar secretos innecesarios."
577,5,Cinturón Negro,"Tras publicar que perdiste dinero, una persona dice conocer tu caso y garantiza recuperarlo si pagas una comisión por adelantado. ¿Qué idea conviene recordar para evaluar lo que ocurre?",Pagar otra comisión garantiza que aparezca el dinero original.,Recuperar fondos exige siempre entregar contraseñas al gestor.,Un recuperador que conoce el monto perdido fue autorizado por el banco. Pagar otra comisión garantiza que aparezca el dinero original.,Quien ya sufrió una estafa puede recibir una segunda oferta engañosa; conocer detalles públicos no demuestra capacidad de recuperar fondos.,3,Quien ya sufrió una estafa puede recibir una segunda oferta engañosa; conocer detalles públicos no demuestra capacidad de recuperar fondos. En la práctica: No pagar al desconocido y continuar la gestión con tu medio de pago y las autoridades por canales verificados.
578,5,Cinturón Negro,Una persona amenaza con divulgar información íntima si no pagas hoy y te exige no hablar con nadie. ¿Cuál es la explicación correcta sobre este riesgo?,El pago no garantiza que desaparezca la amenaza y puede dar lugar a nuevas exigencias; buscar apoyo ayuda a recuperar opciones.,Pagar una extorsión obliga al agresor a borrar todas las copias.,Pedir ayuda hace que la persona afectada sea culpable de la amenaza. Pagar una extorsión obliga al agresor a borrar todas las copias.,Compartir más material reduce siempre el poder de quien amenaza.,0,"El pago no garantiza que desaparezca la amenaza y puede dar lugar a nuevas exigencias; buscar apoyo ayuda a recuperar opciones. En la práctica: Buscar apoyo de confianza, conservar evidencia y acudir a canales de ayuda o denuncia sin enviar más material ni dinero por presión."
579,5,Cinturón Negro,"La tienda depende de una sola persona y un solo teléfono para cobrar, consultar proveedores y recuperar las cuentas. ¿Qué principio ayuda a decidir con más seguridad?","Un plan reduce la improvisación cuando falta un equipo o una persona, sin exigir acceso indiscriminado a todas las cuentas.",Un plan de emergencia consiste únicamente en repartir contraseñas.,La continuidad queda garantizada por comprar un segundo teléfono sin configurarlo.,Tener dos responsables exige que ambos usen siempre la misma cuenta.,0,"Un plan reduce la improvisación cuando falta un equipo o una persona, sin exigir acceso indiscriminado a todas las cuentas. En la práctica: Preparar respaldos, contactos y accesos autorizados de emergencia con funciones claras y secretos protegidos."
580,5,Cinturón Negro,Una compañera recuperó su correo tras un engaño y quiere saber si basta con cambiar la clave para olvidarse del tema. ¿Qué explicación ayuda a entender esta situación?,Recuperar el acceso es una etapa; comprobar cambios y aprender medidas útiles ayuda a reducir recurrencias sin quitar autonomía.,Quien ayuda necesita conservar las contraseñas de la persona afectada. Superar un examen de seguridad vuelve inmunes las cuentas reales.,Superar un examen de seguridad vuelve inmunes las cuentas reales.,Un error demuestra que la persona nunca podrá usar cuentas con seguridad. Quien ayuda necesita conservar las contraseñas de la persona afectada.,0,"Recuperar el acceso es una etapa; comprobar cambios y aprender medidas útiles ayuda a reducir recurrencias sin quitar autonomía. En la práctica: Revisar con ella sesiones, recuperación, permisos y posibles mensajes enviados, sin pedirle su nueva clave."
581,5,Cinturón Negro,"Recibiste un correo dudoso, pero solo lo leíste: no abriste enlaces, no descargaste nada ni entregaste información. ¿Cuál es la decisión más prudente?",Reportarlo como sospechoso y retirarlo sin asumir por ello que todas las cuentas fueron robadas.,Responder al remitente para que confirme si ya entró en tus cuentas.,Transferir tus ahorros a otra cuenta por miedo al mensaje. Todos los incidentes requieren el mismo procedimiento.,Borrar el teléfono de fábrica como primera reacción obligatoria.,0,Reportarlo como sospechoso y retirarlo sin asumir por ello que todas las cuentas fueron robadas. La medida debe corresponder a la exposición real; recibir un mensaje no equivale a entregar datos o ejecutar un programa.
582,5,Cinturón Negro,Descubres que escribiste la clave del correo en una página falsa y aún tienes acceso desde un equipo confiable. ¿Qué harías para cuidar tus datos o tu dinero?,Pedir al dueño de la página falsa que elimine la clave antes de cambiarla.,"Cambiar únicamente la clave, sin revisar las sesiones ni los métodos de recuperación.",Esperar a perder el acceso para iniciar la recuperación. Seguir entrando demuestra que ningún intruso puede acceder.,"Cambiar la clave, cerrar sesiones ajenas y revisar la recuperación desde el servicio oficial.",3,"Cambiar la clave, cerrar sesiones ajenas y revisar la recuperación desde el servicio oficial. Una clave expuesta permite intentos de acceso y una sesión ya abierta puede persistir si no se revoca."
583,5,Cinturón Negro,"Tras recuperar tu correo, descubres una regla que envía automáticamente las facturas a una dirección desconocida. ¿Cuál es el siguiente paso más seguro?",Escribir a la dirección desconocida enviando más facturas para pedir explicaciones. Un reenvío no puede mostrar documentos adjuntos a otro destinatario.,"Retirar la regla no autorizada y revisar otras reglas, accesos y permisos de la cuenta.",Borrar únicamente las facturas nuevas sin revisar la configuración.,Dejarla activa porque ya cambiaste la contraseña.,1,"Retirar la regla no autorizada y revisar otras reglas, accesos y permisos de la cuenta. Una regla de reenvío puede seguir copiando mensajes aunque cambies la clave, si permanece configurada."
584,5,Cinturón Negro,"Después de recuperar tu correo, ves una aplicación desconocida autorizada para leer mensajes. ¿Qué conviene hacer?",Ignorarla porque no conoce tu nueva contraseña.,Revocar su permiso y revisar los demás accesos conectados.,Abrir el enlace de la aplicación y entregarle de nuevo la clave para identificarla.,Conservar todos los permisos para no alterar la configuración del correo. Una aplicación listada en la cuenta fue necesariamente elegida por el dueño actual.,1,Revocar su permiso y revisar los demás accesos conectados. Una aplicación autorizada puede mantener acceso según el servicio sin necesitar que le dictes la nueva clave.
585,5,Cinturón Negro,Un aviso legítimo indica que cambió el teléfono de recuperación de tu correo y tú no hiciste ese cambio. ¿Cuál es la decisión más prudente?,Llamar al teléfono nuevo para pedir permiso de usar la cuenta.,Esperar porque el cambio no importa mientras la contraseña siga funcionando. La recuperación no afecta quién puede controlar la cuenta.,Entrar por la ruta oficial para proteger la cuenta y restaurar métodos de recuperación propios si aún puedes.,Entregar otro código al mensaje que promete deshacer el cambio.,2,Entrar por la ruta oficial para proteger la cuenta y restaurar métodos de recuperación propios si aún puedes. Quien controla la recuperación puede intentar recuperar o mantener el acceso incluso después de un cambio de contraseña.
586,5,Cinturón Negro,"Escribiste número, vencimiento y código de seguridad de la tarjeta en una web falsa, pero todavía no ves cargos. ¿Qué harías para cuidar tus datos o tu dinero?",Contactar al emisor para bloquear o reemplazar la tarjeta y reportar la exposición sin esperar un cargo.,Cambiar solo la contraseña del correo suponiendo que invalida la tarjeta.,Esperar al estado de cuenta mensual antes de avisar.,Borrar el historial del navegador para anular los datos entregados. Borrar el historial elimina las copias en el servidor de una web falsa.,0,Contactar al emisor para bloquear o reemplazar la tarjeta y reportar la exposición sin esperar un cargo. Los datos de tarjeta expuestos pueden utilizarse después; limpiar el navegador no retira lo que recibió la página.
587,5,Cinturón Negro,"Tras transferir dinero, confirmas por otro canal que el supuesto proveedor no solicitó ese pago. ¿Cuál es el siguiente paso más seguro?",Esperar a reunir toda la historia antes de avisar al banco. Pagar una tasa al receptor obliga a que devuelva el dinero.,"Contactar inmediatamente al banco y reportar la operación con cuenta, monto, hora y comprobante.",Enviar otro pago al destinatario para que tramite la devolución. Una transferencia fraudulenta se recupera siempre si se reporta el mismo día.,Prometer a otros afectados que el banco devolverá todo automáticamente.,1,"Contactar inmediatamente al banco y reportar la operación con cuenta, monto, hora y comprobante. Avisar pronto puede permitir acciones del banco, pero el resultado depende del estado y características de la operación."
588,5,Cinturón Negro,Te roban el teléfono desbloqueado con correo y banca abiertos; ya estás en un lugar seguro y puedes usar otro equipo confiable. ¿Qué conviene hacer?,Perseguir por tu cuenta la ubicación del teléfono.,Esperar a comprar otro para reportar la línea y la banca.,"Avisar al banco y la operadora, usar el bloqueo remoto oficial disponible y proteger las cuentas principales.",Introducir la clave en un enlace recibido que promete mostrar la ubicación.,2,"Avisar al banco y la operadora, usar el bloqueo remoto oficial disponible y proteger las cuentas principales. El teléfono puede dar acceso a cuentas y códigos; actuar por canales oficiales reduce exposición sin arriesgar tu seguridad física."
589,5,Cinturón Negro,"Después de perder tu celular, recibes un mensaje que dice haberlo encontrado y te pide entrar por un enlace y quitarlo de tu cuenta. ¿Cuál es la decisión más prudente?",Introducir la clave en el enlace para ver la dirección del teléfono.,Enviar códigos de acceso al supuesto centro de objetos perdidos. Un centro de objetos perdidos necesita tus códigos de acceso personales.,Usar solo la herramienta oficial del fabricante y no retirar el bloqueo por instrucciones del mensaje.,Quitar el dispositivo de tu cuenta porque el mensaje afirma que así podrá localizarse.,2,Usar solo la herramienta oficial del fabricante y no retirar el bloqueo por instrucciones del mensaje. Quien tiene un equipo robado puede intentar obtener tus claves o hacer que retires protecciones para poder usarlo.
590,5,Cinturón Negro,En la computadora del negocio varios archivos ya no abren y aparece una exigencia de dinero para recuperarlos. ¿Qué harías para cuidar tus datos o tu dinero?,Pagar de inmediato porque eso garantiza recuperar todos los archivos.,Conectar la única copia externa al equipo afectado para probarla. Tener copia de seguridad impide que los datos originales sean robados.,"Desconectar el equipo de la red y pedir soporte confiable, evitando conectar las copias de seguridad.",Seguir trabajando y compartir las carpetas con otros equipos.,2,"Desconectar el equipo de la red y pedir soporte confiable, evitando conectar las copias de seguridad. Un programa de secuestro de datos, llamado ransomware, puede bloquear archivos y propagarse; separar el equipo ayuda a limitar el daño."
591,5,Cinturón Negro,"El soporte retiró un programa dañino de tu computadora, donde habías usado correo y banca mientras estaba instalado. ¿Cuál es el siguiente paso más seguro?",Proteger las cuentas posiblemente expuestas desde un equipo confiable y seguir la revisión de soporte.,Ignorar accesos extraños ocurridos durante la infección. Las cuentas en línea se restauran automáticamente al reparar la computadora.,Reutilizar la contraseña anterior porque el programa ya se eliminó.,Dar por recuperadas todas las cuentas solo porque la computadora volvió a funcionar rápido.,0,Proteger las cuentas posiblemente expuestas desde un equipo confiable y seguir la revisión de soporte. Eliminar un programa no retira claves o datos que ya pudo copiar ni cierra automáticamente sesiones abiertas en otros equipos.
592,5,Cinturón Negro,"Un conocido avisa que existe otro perfil con tu nombre y foto que pide dinero, pero tú conservas acceso a tu cuenta habitual. ¿Qué conviene hacer?",Cerrar definitivamente tu cuenta sin comprobar si realmente fue tomada. Reportar un perfil garantiza que desaparecerá en el mismo minuto.,Entregar tu contraseña al perfil falso para demostrar que eres el dueño. Un perfil con tu foto demuestra que tu contraseña fue robada.,Pedir a tus contactos que envíen dinero de prueba para identificar al impostor.,"Guardar evidencia del perfil, reportar la suplantación y avisar a contactos por tu canal conocido.",3,"Guardar evidencia del perfil, reportar la suplantación y avisar a contactos por tu canal conocido. Copiar una identidad en un perfil nuevo es diferente de entrar en tu cuenta real; ambas situaciones requieren proteger a los contactos."
593,5,Cinturón Negro,"Una entidad confirma que se expusieron nombres, teléfonos y direcciones de clientes, entre ellos tus datos. ¿Cuál es la decisión más prudente?",Confiar en cualquier llamada posterior que mencione tu dirección.,Suponer que también cambiaron todas tus contraseñas aunque no fueron parte del aviso.,Pagar a un desconocido que promete borrar tus datos de todo internet.,"Revisar el aviso oficial, identificar qué datos se expusieron y vigilar contactos o trámites no reconocidos.",3,"Revisar el aviso oficial, identificar qué datos se expusieron y vigilar contactos o trámites no reconocidos. Los datos filtrados pueden facilitar engaños personalizados; saber detalles sobre ti no demuestra que una llamada sea auténtica."
594,5,Cinturón Negro,"Debes reportar una estafa y tienes mensajes, un comprobante y el número de la cuenta receptora. ¿Qué harías para cuidar tus datos o tu dinero?",Borrar toda la conversación antes de contactar al banco. Publicar información privada siempre acelera una investigación.,"Guardar originales y copias con fechas, y enviarlos solo por los canales verificados de reporte.",Publicar documentos y números de tarjeta completos para conseguir ayuda. Editar las únicas capturas no afecta su utilidad como evidencia.,Modificar las capturas para que el relato parezca más claro sin conservar originales. No se debe avisar al banco hasta tener un informe perfecto.,1,"Guardar originales y copias con fechas, y enviarlos solo por los canales verificados de reporte. La evidencia íntegra ayuda a explicar lo ocurrido; divulgar datos privados puede ampliar el daño."
595,5,Cinturón Negro,En el correo de trabajo introdujiste la contraseña en una página falsa y temes recibir una sanción si lo cuentas. ¿Cuál es el siguiente paso más seguro?,Intentar investigar al atacante desde otras cuentas de la empresa. Una persona debe resolver sola un incidente antes de avisar a su trabajo.,Borrar mensajes y registros para evitar preguntas.,Avisar cuanto antes al responsable designado y seguir la protección de la cuenta sin ocultar lo ocurrido.,Esperar al fin de semana para comprobar si pasa algo.,2,Avisar cuanto antes al responsable designado y seguir la protección de la cuenta sin ocultar lo ocurrido. El aviso temprano permite proteger a otras personas y sistemas; ocultar la exposición puede ampliar el daño.
596,5,Cinturón Negro,"Después de un fraude, ya contactaste al banco y quieres dejar constancia ante la autoridad competente de tu localidad. ¿Qué conviene hacer?",Pagar a un perfil que promete una denuncia prioritaria garantizada.,Suponer que el reporte en una red social equivale siempre a una denuncia formal.,Publicar la contraseña para demostrar que era tu cuenta. Una denuncia garantiza por sí sola el reembolso inmediato del banco.,Consultar el canal oficial vigente y presentar hechos y evidencia sin enviar secretos innecesarios.,3,"Consultar el canal oficial vigente y presentar hechos y evidencia sin enviar secretos innecesarios. Reportar a una plataforma, reclamar al banco y denunciar a una autoridad son gestiones diferentes."
597,5,Cinturón Negro,"Tras publicar que perdiste dinero, una persona dice conocer tu caso y garantiza recuperarlo si pagas una comisión por adelantado. ¿Cuál es la decisión más prudente?",No pagar al desconocido y continuar la gestión con tu medio de pago y las autoridades por canales verificados.,Entregar acceso remoto para que busque el dinero.,Pagar porque conoce el monto que publicaste. Un recuperador que conoce el monto perdido fue autorizado por el banco.,Enviar la contraseña bancaria para que haga el reintegro. Recuperar fondos exige siempre entregar contraseñas al gestor.,0,No pagar al desconocido y continuar la gestión con tu medio de pago y las autoridades por canales verificados. Quien ya sufrió una estafa puede recibir una segunda oferta engañosa; conocer detalles públicos no demuestra capacidad de recuperar fondos.
598,5,Cinturón Negro,Una persona amenaza con divulgar información íntima si no pagas hoy y te exige no hablar con nadie. ¿Qué harías para cuidar tus datos o tu dinero?,Pagar suponiendo que así se destruirán todas las copias.,Aislarte y borrar toda evidencia antes de pedir ayuda.,"Buscar apoyo de confianza, conservar evidencia y acudir a canales de ayuda o denuncia sin enviar más material ni dinero por presión.",Enviar más contenido para convencer a la persona de mantener el secreto.,2,"Buscar apoyo de confianza, conservar evidencia y acudir a canales de ayuda o denuncia sin enviar más material ni dinero por presión. El pago no garantiza que desaparezca la amenaza y puede dar lugar a nuevas exigencias; buscar apoyo ayuda a recuperar opciones."
599,5,Cinturón Negro,"La tienda depende de una sola persona y un solo teléfono para cobrar, consultar proveedores y recuperar las cuentas. ¿Cuál es el siguiente paso más seguro?",Concentrar también las únicas copias en ese mismo teléfono. La continuidad queda garantizada por comprar un segundo teléfono sin configurarlo.,Compartir todas las claves en el grupo del negocio como único plan. Un plan de emergencia consiste únicamente en repartir contraseñas.,Esperar a una pérdida para decidir quién llama al banco.,"Preparar respaldos, contactos y accesos autorizados de emergencia con funciones claras y secretos protegidos.",3,"Preparar respaldos, contactos y accesos autorizados de emergencia con funciones claras y secretos protegidos. Un plan reduce la improvisación cuando falta un equipo o una persona, sin exigir acceso indiscriminado a todas las cuentas."
600,5,Cinturón Negro,Una compañera recuperó su correo tras un engaño y quiere saber si basta con cambiar la clave para olvidarse del tema. ¿Qué conviene hacer?,Recordarle su equivocación delante del grupo para que no la repita.,Tomar el control permanente de sus cuentas para evitarle nuevos errores.,"Revisar con ella sesiones, recuperación, permisos y posibles mensajes enviados, sin pedirle su nueva clave.",Decirle que ahora es imposible que vuelva a ocurrir.,2,"Revisar con ella sesiones, recuperación, permisos y posibles mensajes enviados, sin pedirle su nueva clave. Recuperar el acceso es una etapa; comprobar cambios y aprender medidas útiles ayuda a reducir recurrencias sin quitar autonomía."
601,5,Cinturón Negro,"Para prepararte ante situaciones como esta: Recibiste un correo dudoso, pero solo lo leíste: no abriste enlaces, no descargaste nada ni entregaste información. ¿Qué medida preventiva conviene adoptar?","Practicar cómo distinguir entre recibir, abrir, introducir datos, instalar y autorizar un pago.",Borrar el teléfono de fábrica como primera reacción obligatoria.,Transferir tus ahorros a otra cuenta por miedo al mensaje.,Responder al remitente para que confirme si ya entró en tus cuentas. Formatear siempre es la primera acción antes de saber qué pasó.,0,"Practicar cómo distinguir entre recibir, abrir, introducir datos, instalar y autorizar un pago. La medida debe corresponder a la exposición real; recibir un mensaje no equivale a entregar datos o ejecutar un programa."
602,5,Cinturón Negro,Para prepararte ante situaciones como esta: Descubres que escribiste la clave del correo en una página falsa y aún tienes acceso desde un equipo confiable. ¿Qué medida preventiva conviene adoptar?,Usar claves únicas y preparar métodos de recuperación propios antes de cualquier incidente.,Esperar a perder el acceso para iniciar la recuperación.,Pedir al dueño de la página falsa que elimine la clave antes de cambiarla.,"Cambiar únicamente la clave, sin revisar las sesiones ni los métodos de recuperación. Cambiar una contraseña cierra todas las sesiones en todos los servicios sin excepción.",0,Usar claves únicas y preparar métodos de recuperación propios antes de cualquier incidente. Una clave expuesta permite intentos de acceso y una sesión ya abierta puede persistir si no se revoca.
603,5,Cinturón Negro,"Para prepararte ante situaciones como esta: Tras recuperar tu correo, descubres una regla que envía automáticamente las facturas a una dirección desconocida. ¿Qué medida preventiva conviene adoptar?",Dejarla activa porque ya cambiaste la contraseña. Cambiar la clave borra todas las reglas del correo en cualquier servicio.,Borrar únicamente las facturas nuevas sin revisar la configuración. Las reglas creadas por un intruso se eliminan automáticamente al cerrar su sesión.,Escribir a la dirección desconocida enviando más facturas para pedir explicaciones. Un reenvío no puede mostrar documentos adjuntos a otro destinatario.,"Revisar de vez en cuando reenvíos, filtros y permisos, especialmente después de recuperar una cuenta.",3,"Revisar de vez en cuando reenvíos, filtros y permisos, especialmente después de recuperar una cuenta. Una regla de reenvío puede seguir copiando mensajes aunque cambies la clave, si permanece configurada."
604,5,Cinturón Negro,"Para prepararte ante situaciones como esta: Después de recuperar tu correo, ves una aplicación desconocida autorizada para leer mensajes. ¿Qué medida preventiva conviene adoptar?",Conservar todos los permisos para no alterar la configuración del correo. Una aplicación listada en la cuenta fue necesariamente elegida por el dueño actual.,Autorizar solo servicios necesarios y revisar sus permisos al dejar de usarlos.,Ignorarla porque no conoce tu nueva contraseña. Solo se puede acceder a una cuenta escribiendo su contraseña cada vez.,Abrir el enlace de la aplicación y entregarle de nuevo la clave para identificarla. Todo permiso de una aplicación conectada se revoca automáticamente al cambiar la contraseña.,1,Autorizar solo servicios necesarios y revisar sus permisos al dejar de usarlos. Una aplicación autorizada puede mantener acceso según el servicio sin necesitar que le dictes la nueva clave.
605,5,Cinturón Negro,Para prepararte ante situaciones como esta: Un aviso legítimo indica que cambió el teléfono de recuperación de tu correo y tú no hiciste ese cambio. ¿Qué medida preventiva conviene adoptar?,Entregar otro código al mensaje que promete deshacer el cambio. Un número nuevo en la recuperación siempre pertenece al servicio técnico.,Mantener actualizados métodos propios y guardar códigos de recuperación de forma protegida.,Esperar porque el cambio no importa mientras la contraseña siga funcionando.,"Llamar al teléfono nuevo para pedir permiso de usar la cuenta. Si tu contraseña funciona, los datos de recuperación son irrelevantes.",1,Mantener actualizados métodos propios y guardar códigos de recuperación de forma protegida. Quien controla la recuperación puede intentar recuperar o mantener el acceso incluso después de un cambio de contraseña.
606,5,Cinturón Negro,"Para prepararte ante situaciones como esta: Escribiste número, vencimiento y código de seguridad de la tarjeta en una web falsa, pero todavía no ves cargos. ¿Qué medida preventiva conviene adoptar?","Esperar al estado de cuenta mensual antes de avisar. Si no hay cargos visibles todavía, los datos no pueden utilizarse más adelante.",Borrar el historial del navegador para anular los datos entregados.,Cambiar solo la contraseña del correo suponiendo que invalida la tarjeta.,Tener a mano el contacto del emisor y limitar dónde se introducen los datos de pago.,3,Tener a mano el contacto del emisor y limitar dónde se introducen los datos de pago. Los datos de tarjeta expuestos pueden utilizarse después; limpiar el navegador no retira lo que recibió la página.
607,5,Cinturón Negro,"Para prepararte ante situaciones como esta: Tras transferir dinero, confirmas por otro canal que el supuesto proveedor no solicitó ese pago. ¿Qué medida preventiva conviene adoptar?",Enviar otro pago al destinatario para que tramite la devolución. Una transferencia fraudulenta se recupera siempre si se reporta el mismo día.,"Confirmar cambios de pago y guardar comprobantes, con un contacto bancario disponible para incidentes.",Prometer a otros afectados que el banco devolverá todo automáticamente.,Esperar a reunir toda la historia antes de avisar al banco.,1,"Confirmar cambios de pago y guardar comprobantes, con un contacto bancario disponible para incidentes. Avisar pronto puede permitir acciones del banco, pero el resultado depende del estado y características de la operación."
608,5,Cinturón Negro,Para prepararte ante situaciones como esta: Te roban el teléfono desbloqueado con correo y banca abiertos; ya estás en un lugar seguro y puedes usar otro equipo confiable. ¿Qué medida preventiva conviene adoptar?,"Preparar bloqueo de pantalla, localización oficial, respaldo y contactos de banco y operadora antes de necesitarlo.",Esperar a comprar otro para reportar la línea y la banca.,Introducir la clave en un enlace recibido que promete mostrar la ubicación. Solo puedes proteger las cuentas desde el teléfono robado.,Perseguir por tu cuenta la ubicación del teléfono.,0,"Preparar bloqueo de pantalla, localización oficial, respaldo y contactos de banco y operadora antes de necesitarlo. El teléfono puede dar acceso a cuentas y códigos; actuar por canales oficiales reduce exposición sin arriesgar tu seguridad física."
609,5,Cinturón Negro,"Para prepararte ante situaciones como esta: Después de perder tu celular, recibes un mensaje que dice haberlo encontrado y te pide entrar por un enlace y quitarlo de tu cuenta. ¿Qué medida preventiva conviene adoptar?",Enviar códigos de acceso al supuesto centro de objetos perdidos.,Conocer de antemano el servicio oficial de localización y mantener protegida la cuenta vinculada al equipo.,Quitar el dispositivo de tu cuenta porque el mensaje afirma que así podrá localizarse.,Introducir la clave en el enlace para ver la dirección del teléfono.,1,Conocer de antemano el servicio oficial de localización y mantener protegida la cuenta vinculada al equipo. Quien tiene un equipo robado puede intentar obtener tus claves o hacer que retires protecciones para poder usarlo.
610,5,Cinturón Negro,Para prepararte ante situaciones como esta: En la computadora del negocio varios archivos ya no abren y aparece una exigencia de dinero para recuperarlos. ¿Qué medida preventiva conviene adoptar?,"Mantener actualizaciones y copias protegidas, separadas y probadas, además de un contacto de soporte.",Seguir trabajando y compartir las carpetas con otros equipos.,Conectar la única copia externa al equipo afectado para probarla.,Pagar de inmediato porque eso garantiza recuperar todos los archivos.,0,"Mantener actualizaciones y copias protegidas, separadas y probadas, además de un contacto de soporte. Un programa de secuestro de datos, llamado ransomware, puede bloquear archivos y propagarse; separar el equipo ayuda a limitar el daño."
611,5,Cinturón Negro,"Para prepararte ante situaciones como esta: El soporte retiró un programa dañino de tu computadora, donde habías usado correo y banca mientras estaba instalado. ¿Qué medida preventiva conviene adoptar?",Ignorar accesos extraños ocurridos durante la infección. Las cuentas en línea se restauran automáticamente al reparar la computadora.,Mantener un inventario sencillo de cuentas importantes y métodos de recuperación protegidos.,Dar por recuperadas todas las cuentas solo porque la computadora volvió a funcionar rápido.,Reutilizar la contraseña anterior porque el programa ya se eliminó.,1,Mantener un inventario sencillo de cuentas importantes y métodos de recuperación protegidos. Eliminar un programa no retira claves o datos que ya pudo copiar ni cierra automáticamente sesiones abiertas en otros equipos.
612,5,Cinturón Negro,"Para prepararte ante situaciones como esta: Un conocido avisa que existe otro perfil con tu nombre y foto que pide dinero, pero tú conservas acceso a tu cuenta habitual. ¿Qué medida preventiva conviene adoptar?",Limitar información pública innecesaria y acordar que solicitudes económicas se confirman por otra vía.,Entregar tu contraseña al perfil falso para demostrar que eres el dueño. Un perfil con tu foto demuestra que tu contraseña fue robada.,Pedir a tus contactos que envíen dinero de prueba para identificar al impostor.,Cerrar definitivamente tu cuenta sin comprobar si realmente fue tomada. Reportar un perfil garantiza que desaparecerá en el mismo minuto.,0,Limitar información pública innecesaria y acordar que solicitudes económicas se confirman por otra vía. Copiar una identidad en un perfil nuevo es diferente de entrar en tu cuenta real; ambas situaciones requieren proteger a los contactos.
613,5,Cinturón Negro,"Para prepararte ante situaciones como esta: Una entidad confirma que se expusieron nombres, teléfonos y direcciones de clientes, entre ellos tus datos. ¿Qué medida preventiva conviene adoptar?",Pagar a un desconocido que promete borrar tus datos de todo internet.,Reducir la información compartida y evitar respuestas de recuperación basadas en datos públicos fáciles de conocer.,Confiar en cualquier llamada posterior que mencione tu dirección. Quien conoce datos exactos sobre ti está necesariamente autorizado para llamar.,Suponer que también cambiaron todas tus contraseñas aunque no fueron parte del aviso. Un pago puede garantizar borrar todas las copias existentes de datos filtrados.,1,Reducir la información compartida y evitar respuestas de recuperación basadas en datos públicos fáciles de conocer. Los datos filtrados pueden facilitar engaños personalizados; saber detalles sobre ti no demuestra que una llamada sea auténtica.
614,5,Cinturón Negro,"Para prepararte ante situaciones como esta: Debes reportar una estafa y tienes mensajes, un comprobante y el número de la cuenta receptora. ¿Qué medida preventiva conviene adoptar?",Guardar comprobantes y conocer un lugar protegido donde reunir mensajes y fechas sin reenviarlos masivamente.,Publicar documentos y números de tarjeta completos para conseguir ayuda. Editar las únicas capturas no afecta su utilidad como evidencia.,Borrar toda la conversación antes de contactar al banco. Publicar información privada siempre acelera una investigación.,Modificar las capturas para que el relato parezca más claro sin conservar originales.,0,Guardar comprobantes y conocer un lugar protegido donde reunir mensajes y fechas sin reenviarlos masivamente. La evidencia íntegra ayuda a explicar lo ocurrido; divulgar datos privados puede ampliar el daño.
615,5,Cinturón Negro,Para prepararte ante situaciones como esta: En el correo de trabajo introdujiste la contraseña en una página falsa y temes recibir una sanción si lo cuentas. ¿Qué medida preventiva conviene adoptar?,Esperar al fin de semana para comprobar si pasa algo.,Intentar investigar al atacante desde otras cuentas de la empresa.,"Definir un contacto de incidentes y practicar reportes breves: qué pasó, cuándo y qué datos o permisos se entregaron.",Borrar mensajes y registros para evitar preguntas. Borrar el mensaje inicial cancela todos los accesos que pudo conseguir alguien.,2,"Definir un contacto de incidentes y practicar reportes breves: qué pasó, cuándo y qué datos o permisos se entregaron. El aviso temprano permite proteger a otras personas y sistemas; ocultar la exposición puede ampliar el daño."
616,5,Cinturón Negro,"Para prepararte ante situaciones como esta: Después de un fraude, ya contactaste al banco y quieres dejar constancia ante la autoridad competente de tu localidad. ¿Qué medida preventiva conviene adoptar?",Suponer que el reporte en una red social equivale siempre a una denuncia formal. Un gestor de redes sociales puede prometer el resultado de una investigación.,Pagar a un perfil que promete una denuncia prioritaria garantizada. Un reporte de perfil sustituye automáticamente cualquier trámite ante autoridades.,Tener identificados los canales oficiales locales y conservar un registro ordenado de los reportes realizados.,Publicar la contraseña para demostrar que era tu cuenta. Una denuncia garantiza por sí sola el reembolso inmediato del banco.,2,"Tener identificados los canales oficiales locales y conservar un registro ordenado de los reportes realizados. Reportar a una plataforma, reclamar al banco y denunciar a una autoridad son gestiones diferentes."
617,5,Cinturón Negro,"Para prepararte ante situaciones como esta: Tras publicar que perdiste dinero, una persona dice conocer tu caso y garantiza recuperarlo si pagas una comisión por adelantado. ¿Qué medida preventiva conviene adoptar?",Enviar la contraseña bancaria para que haga el reintegro.,Evitar publicar datos del incidente y verificar por separado cualquier contacto que ofrezca recuperación.,Entregar acceso remoto para que busque el dinero. Pagar otra comisión garantiza que aparezca el dinero original.,Pagar porque conoce el monto que publicaste.,1,Evitar publicar datos del incidente y verificar por separado cualquier contacto que ofrezca recuperación. Quien ya sufrió una estafa puede recibir una segunda oferta engañosa; conocer detalles públicos no demuestra capacidad de recuperar fondos.
618,5,Cinturón Negro,Para prepararte ante situaciones como esta: Una persona amenaza con divulgar información íntima si no pagas hoy y te exige no hablar con nadie. ¿Qué medida preventiva conviene adoptar?,Aislarte y borrar toda evidencia antes de pedir ayuda.,Enviar más contenido para convencer a la persona de mantener el secreto. Compartir más material reduce siempre el poder de quien amenaza.,Pagar suponiendo que así se destruirán todas las copias.,Cuidar la privacidad de cuentas y conservar una red de apoyo para actuar sin aislamiento si surge una amenaza.,3,Cuidar la privacidad de cuentas y conservar una red de apoyo para actuar sin aislamiento si surge una amenaza. El pago no garantiza que desaparezca la amenaza y puede dar lugar a nuevas exigencias; buscar apoyo ayuda a recuperar opciones.
619,5,Cinturón Negro,"Para prepararte ante situaciones como esta: La tienda depende de una sola persona y un solo teléfono para cobrar, consultar proveedores y recuperar las cuentas. ¿Qué medida preventiva conviene adoptar?",Esperar a una pérdida para decidir quién llama al banco.,Concentrar también las únicas copias en ese mismo teléfono. La continuidad queda garantizada por comprar un segundo teléfono sin configurarlo.,Compartir todas las claves en el grupo del negocio como único plan. Un plan de emergencia consiste únicamente en repartir contraseñas.,"Documentar quién avisa, qué se suspende, cómo se recuperan datos y quién puede autorizar pagos, y practicarlo.",3,"Documentar quién avisa, qué se suspende, cómo se recuperan datos y quién puede autorizar pagos, y practicarlo. Un plan reduce la improvisación cuando falta un equipo o una persona, sin exigir acceso indiscriminado a todas las cuentas."
620,5,Cinturón Negro,Para prepararte ante situaciones como esta: Una compañera recuperó su correo tras un engaño y quiere saber si basta con cambiar la clave para olvidarse del tema. ¿Qué medida preventiva conviene adoptar?,Tomar el control permanente de sus cuentas para evitarle nuevos errores.,"Practicar decisiones, revisar contactos de ayuda y mantener hábitos de protección sin prometer seguridad total.",Recordarle su equivocación delante del grupo para que no la repita. Superar un examen de seguridad vuelve inmunes las cuentas reales.,Decirle que ahora es imposible que vuelva a ocurrir.,1,"Practicar decisiones, revisar contactos de ayuda y mantener hábitos de protección sin prometer seguridad total. Recuperar el acceso es una etapa; comprobar cambios y aprender medidas útiles ayuda a reducir recurrencias sin quitar autonomía."
621,5,Cinturón Negro,"Un agricultor descargó un documento inesperado en su computadora, pero no lo abrió ni ejecutó. ¿Qué decisión corresponde en este contexto?","No abrirlo y pedir una revisión confiable si tiene dudas, sin tratar la descarga como prueba automática de infección.",Borrar el teléfono de fábrica como primera reacción obligatoria.,Responder al remitente para que confirme si ya entró en tus cuentas.,Transferir tus ahorros a otra cuenta por miedo al mensaje.,0,"No abrirlo y pedir una revisión confiable si tiene dudas, sin tratar la descarga como prueba automática de infección. La medida debe corresponder a la exposición real; recibir un mensaje no equivale a entregar datos o ejecutar un programa."
622,5,Cinturón Negro,Una tendera perdió por completo el acceso al correo después de compartir la clave y el atacante cambió la recuperación. ¿Qué decisión corresponde en este contexto?,Esperar a perder el acceso para iniciar la recuperación. Seguir entrando demuestra que ningún intruso puede acceder.,"Cambiar únicamente la clave, sin revisar las sesiones ni los métodos de recuperación. Cambiar una contraseña cierra todas las sesiones en todos los servicios sin excepción.",Iniciar la recuperación oficial de cuenta desde un equipo confiable y proteger servicios vinculados sin pagar a recuperadores desconocidos.,Pedir al dueño de la página falsa que elimine la clave antes de cambiarla. El atacante necesita avisarte antes de usar la clave.,2,Iniciar la recuperación oficial de cuenta desde un equipo confiable y proteger servicios vinculados sin pagar a recuperadores desconocidos. Una clave expuesta permite intentos de acceso y una sesión ya abierta puede persistir si no se revoca.
623,5,Cinturón Negro,"Un agricultor recupera su correo, pero sus proveedores siguen recibiendo respuestas automáticas con una cuenta de pago ajena. ¿Qué decisión corresponde en este contexto?",Dejarla activa porque ya cambiaste la contraseña.,Escribir a la dirección desconocida enviando más facturas para pedir explicaciones. Un reenvío no puede mostrar documentos adjuntos a otro destinatario.,Revisar y retirar respuestas o reglas no autorizadas y avisar a los proveedores por un contacto alternativo.,Borrar únicamente las facturas nuevas sin revisar la configuración.,2,"Revisar y retirar respuestas o reglas no autorizadas y avisar a los proveedores por un contacto alternativo. Una regla de reenvío puede seguir copiando mensajes aunque cambies la clave, si permanece configurada."
624,5,Cinturón Negro,Una asociación agrícola deja de utilizar una herramienta que podía leer sus archivos en línea. ¿Qué decisión corresponde en este contexto?,Abrir el enlace de la aplicación y entregarle de nuevo la clave para identificarla.,Conservar todos los permisos para no alterar la configuración del correo.,Retirar el permiso de esa herramienta y revisar si conserva datos según sus condiciones.,Ignorarla porque no conoce tu nueva contraseña.,2,Retirar el permiso de esa herramienta y revisar si conserva datos según sus condiciones. Una aplicación autorizada puede mantener acceso según el servicio sin necesitar que le dictes la nueva clave.
625,5,Cinturón Negro,Una tendera descubre que la cuenta del negocio se recupera con el teléfono personal de quien ya dejó de trabajar allí. ¿Qué decisión corresponde en este contexto?,Entregar otro código al mensaje que promete deshacer el cambio.,Esperar porque el cambio no importa mientras la contraseña siga funcionando.,"Llamar al teléfono nuevo para pedir permiso de usar la cuenta. Si tu contraseña funciona, los datos de recuperación son irrelevantes.",Actualizar la recuperación a un método bajo control autorizado del negocio y retirar accesos que ya no correspondan.,3,Actualizar la recuperación a un método bajo control autorizado del negocio y retirar accesos que ya no correspondan. Quien controla la recuperación puede intentar recuperar o mantener el acceso incluso después de un cambio de contraseña.
626,5,Cinturón Negro,"Un agricultor solo entregó el número de cuenta para recibir un pago, sin clave ni datos de tarjeta. ¿Qué decisión corresponde en este contexto?","Esperar al estado de cuenta mensual antes de avisar. Si no hay cargos visibles todavía, los datos no pueden utilizarse más adelante.",Borrar el historial del navegador para anular los datos entregados.,Cambiar solo la contraseña del correo suponiendo que invalida la tarjeta.,Explicar exactamente qué dato compartió al consultar al banco y no asumir la misma exposición que con una tarjeta completa.,3,Explicar exactamente qué dato compartió al consultar al banco y no asumir la misma exposición que con una tarjeta completa. Los datos de tarjeta expuestos pueden utilizarse después; limpiar el navegador no retira lo que recibió la página.
627,5,Cinturón Negro,Una asociación agrícola detecta una transferencia irregular mientras otras facturas modificadas esperan autorización. ¿Qué decisión corresponde en este contexto?,Enviar otro pago al destinatario para que tramite la devolución.,Esperar a reunir toda la historia antes de avisar al banco. Pagar una tasa al receptor obliga a que devuelva el dinero.,Prometer a otros afectados que el banco devolverá todo automáticamente.,"Detener los pagos pendientes, reportar el realizado y revisar las instrucciones de pago por contactos previos.",3,"Detener los pagos pendientes, reportar el realizado y revisar las instrucciones de pago por contactos previos. Avisar pronto puede permitir acciones del banco, pero el resultado depende del estado y características de la operación."
628,5,Cinturón Negro,"Una secretaria pierde una tableta de trabajo sin línea móvil, pero con documentos y sesión del correo abiertos. ¿Qué decisión corresponde en este contexto?",Introducir la clave en un enlace recibido que promete mostrar la ubicación. Solo puedes proteger las cuentas desde el teléfono robado.,Esperar a comprar otro para reportar la línea y la banca. Bloquear la línea cierra todas las aplicaciones incluso si el teléfono usa otra conexión.,"Avisar al responsable, bloquear o gestionar el dispositivo por los medios oficiales y revocar sesiones y permisos expuestos.",Perseguir por tu cuenta la ubicación del teléfono.,2,"Avisar al responsable, bloquear o gestionar el dispositivo por los medios oficiales y revocar sesiones y permisos expuestos. El teléfono puede dar acceso a cuentas y códigos; actuar por canales oficiales reduce exposición sin arriesgar tu seguridad física."
629,5,Cinturón Negro,Un agricultor recibe una llamada que le ofrece devolver el teléfono si desactiva la protección de su cuenta antes de verlo. ¿Qué decisión corresponde en este contexto?,Quitar el dispositivo de tu cuenta porque el mensaje afirma que así podrá localizarse.,Enviar códigos de acceso al supuesto centro de objetos perdidos.,Introducir la clave en el enlace para ver la dirección del teléfono.,No desactivar protecciones por esa llamada y gestionar la recuperación por canales seguros y oficiales.,3,No desactivar protecciones por esa llamada y gestionar la recuperación por canales seguros y oficiales. Quien tiene un equipo robado puede intentar obtener tus claves o hacer que retires protecciones para poder usarlo.
630,5,Cinturón Negro,Una asociación agrícola ve archivos dañados en una carpeta compartida y no sabe qué computadora inició los cambios. ¿Qué decisión corresponde en este contexto?,Pagar de inmediato porque eso garantiza recuperar todos los archivos. Pagar un rescate garantiza que los archivos volverán intactos.,"Avisar al responsable, limitar el acceso afectado con soporte y evitar conectar respaldos a los equipos sospechosos.",Seguir trabajando y compartir las carpetas con otros equipos.,Conectar la única copia externa al equipo afectado para probarla. Tener copia de seguridad impide que los datos originales sean robados.,1,"Avisar al responsable, limitar el acceso afectado con soporte y evitar conectar respaldos a los equipos sospechosos. Un programa de secuestro de datos, llamado ransomware, puede bloquear archivos y propagarse; separar el equipo ayuda a limitar el daño."
631,5,Cinturón Negro,"Una tendera reinstala su teléfono, pero sigue viendo compras desconocidas con una tarjeta cuyos datos había entregado. ¿Qué decisión corresponde en este contexto?",Ignorar accesos extraños ocurridos durante la infección. Las cuentas en línea se restauran automáticamente al reparar la computadora.,Reutilizar la contraseña anterior porque el programa ya se eliminó. La velocidad normal del equipo prueba que nadie conserva tus claves.,Dar por recuperadas todas las cuentas solo porque la computadora volvió a funcionar rápido.,Reportar la tarjeta al emisor: reinstalar el teléfono no invalida los datos de pago ya expuestos.,3,Reportar la tarjeta al emisor: reinstalar el teléfono no invalida los datos de pago ya expuestos. Eliminar un programa no retira claves o datos que ya pudo copiar ni cierra automáticamente sesiones abiertas en otros equipos.
632,5,Cinturón Negro,Una asociación agrícola encuentra una página que copia su nombre y recauda falsas cuotas. ¿Qué decisión corresponde en este contexto?,Cerrar definitivamente tu cuenta sin comprobar si realmente fue tomada. Reportar un perfil garantiza que desaparecerá en el mismo minuto.,Entregar tu contraseña al perfil falso para demostrar que eres el dueño. Un perfil con tu foto demuestra que tu contraseña fue robada.,Pedir a tus contactos que envíen dinero de prueba para identificar al impostor.,Comunicar sus canales y cuenta de cobro verificados y reportar la página que suplanta a la asociación.,3,Comunicar sus canales y cuenta de cobro verificados y reportar la página que suplanta a la asociación. Copiar una identidad en un perfil nuevo es diferente de entrar en tu cuenta real; ambas situaciones requieren proteger a los contactos.
633,5,Cinturón Negro,Una secretaria recibe una supuesta alerta de filtración que pide introducir su contraseña para comprobar si está en la lista. ¿Qué decisión corresponde en este contexto?,Pagar a un desconocido que promete borrar tus datos de todo internet.,Suponer que también cambiaron todas tus contraseñas aunque no fueron parte del aviso. Un pago puede garantizar borrar todas las copias existentes de datos filtrados.,Confiar en cualquier llamada posterior que mencione tu dirección.,No entregar la clave y consultar la comunicación oficial de la entidad por una ruta independiente.,3,No entregar la clave y consultar la comunicación oficial de la entidad por una ruta independiente. Los datos filtrados pueden facilitar engaños personalizados; saber detalles sobre ti no demuestra que una llamada sea auténtica.
634,5,Cinturón Negro,Una secretaria necesita advertir a su equipo sobre un correo falso que contiene un enlace peligroso. ¿Qué decisión corresponde en este contexto?,Borrar toda la conversación antes de contactar al banco.,Modificar las capturas para que el relato parezca más claro sin conservar originales.,Publicar documentos y números de tarjeta completos para conseguir ayuda. Editar las únicas capturas no afecta su utilidad como evidencia.,"Compartir una captura con datos sensibles ocultos y una explicación, conservando el original solo para soporte.",3,"Compartir una captura con datos sensibles ocultos y una explicación, conservando el original solo para soporte. La evidencia íntegra ayuda a explicar lo ocurrido; divulgar datos privados puede ampliar el daño."
635,5,Cinturón Negro,Un agricultor usa una cuenta compartida de la asociación y observa una transferencia preparada que nadie reconoce. ¿Qué decisión corresponde en este contexto?,Borrar mensajes y registros para evitar preguntas.,Intentar investigar al atacante desde otras cuentas de la empresa.,"Alertar al responsable y detener la autorización según el procedimiento acordado, sin borrar la evidencia.",Esperar al fin de semana para comprobar si pasa algo.,2,"Alertar al responsable y detener la autorización según el procedimiento acordado, sin borrar la evidencia. El aviso temprano permite proteger a otras personas y sistemas; ocultar la exposición puede ampliar el daño."
636,5,Cinturón Negro,Una asociación agrícola recibe de un desconocido un formulario de «denuncia» que exige las claves de todos los afectados. ¿Qué decisión corresponde en este contexto?,Suponer que el reporte en una red social equivale siempre a una denuncia formal.,No entregar claves y comprobar el procedimiento directamente con la autoridad competente.,Pagar a un perfil que promete una denuncia prioritaria garantizada.,Publicar la contraseña para demostrar que era tu cuenta.,1,"No entregar claves y comprobar el procedimiento directamente con la autoridad competente. Reportar a una plataforma, reclamar al banco y denunciar a una autoridad son gestiones diferentes."
637,5,Cinturón Negro,Una tendera recibe un mensaje que imita a una autoridad y pide depositar una fianza para devolverle lo perdido. ¿Qué decisión corresponde en este contexto?,Pagar porque conoce el monto que publicaste. Un recuperador que conoce el monto perdido fue autorizado por el banco.,Enviar la contraseña bancaria para que haga el reintegro.,Consultar directamente a esa autoridad sin usar el contacto o enlace recibido.,Entregar acceso remoto para que busque el dinero. Pagar otra comisión garantiza que aparezca el dinero original.,2,Consultar directamente a esa autoridad sin usar el contacto o enlace recibido. Quien ya sufrió una estafa puede recibir una segunda oferta engañosa; conocer detalles públicos no demuestra capacidad de recuperar fondos.
638,5,Cinturón Negro,"Un soldador recibe una amenaza genérica con una contraseña antigua que apareció en una filtración, sin pruebas de imágenes privadas. ¿Qué decisión corresponde en este contexto?",Aislarte y borrar toda evidencia antes de pedir ayuda.,Enviar más contenido para convencer a la persona de mantener el secreto.,Pagar suponiendo que así se destruirán todas las copias.,"Proteger las cuentas donde aún repita esa clave, guardar el mensaje y no asumir que la amenaza prueba acceso actual.",3,"Proteger las cuentas donde aún repita esa clave, guardar el mensaje y no asumir que la amenaza prueba acceso actual. El pago no garantiza que desaparezca la amenaza y puede dar lugar a nuevas exigencias; buscar apoyo ayuda a recuperar opciones."
639,5,Cinturón Negro,"Una asociación agrícola quiere mantener cobros si su tesorero se ausenta, sin dar permiso de transferencia a todos los socios. ¿Qué decisión corresponde en este contexto?",Concentrar también las únicas copias en ese mismo teléfono.,"Designar sustitución autorizada y revisión de pagos, con recuperación protegida y permisos limitados.",Compartir todas las claves en el grupo del negocio como único plan. Un plan de emergencia consiste únicamente en repartir contraseñas.,Esperar a una pérdida para decidir quién llama al banco.,1,"Designar sustitución autorizada y revisión de pagos, con recuperación protegida y permisos limitados. Un plan reduce la improvisación cuando falta un equipo o una persona, sin exigir acceso indiscriminado a todas las cuentas."
640,5,Cinturón Negro,Una tendera termina el nivel más alto de CiberDojo y un cliente le pide aceptar una captura como pago sin revisar la cuenta. ¿Qué decisión corresponde en este contexto?,Recordarle su equivocación delante del grupo para que no la repita.,Tomar el control permanente de sus cuentas para evitarle nuevos errores.,"Aplicar igualmente la comprobación del abono: el aprendizaje sirve para practicar decisiones, no para confiar ciegamente.",Decirle que ahora es imposible que vuelva a ocurrir.,2,"Aplicar igualmente la comprobación del abono: el aprendizaje sirve para practicar decisiones, no para confiar ciegamente. Recuperar el acceso es una etapa; comprobar cambios y aprender medidas útiles ayuda a reducir recurrencias sin quitar autonomía."
641,5,Cinturón Negro,"Una secretaria inicialmente dice que «solo abrió un mensaje», pero al conversar recuerda que escribió su clave en una página. ¿Qué debe hacer ahora la persona afectada?",Borrar el teléfono de fábrica como primera reacción obligatoria. Leer cualquier mensaje implica que el delincuente conoce todas tus claves.,"Tratar la clave como expuesta, cambiarla por la ruta oficial y revisar accesos y recuperación.",Responder al remitente para que confirme si ya entró en tus cuentas. Formatear siempre es la primera acción antes de saber qué pasó.,Transferir tus ahorros a otra cuenta por miedo al mensaje. Todos los incidentes requieren el mismo procedimiento.,1,"Tratar la clave como expuesta, cambiarla por la ruta oficial y revisar accesos y recuperación. La medida debe corresponder a la exposición real; recibir un mensaje no equivale a entregar datos o ejecutar un programa. No siempre podrás determinar todo de inmediato; describir con precisión lo ocurrido ayuda a pedir la asistencia adecuada."
642,5,Cinturón Negro,"Una cocinera cambió la clave, pero siguen saliendo mensajes desde un acceso que no reconoce. ¿Qué debe hacer ahora la persona afectada?","Cambiar únicamente la clave, sin revisar las sesiones ni los métodos de recuperación.",Pedir al dueño de la página falsa que elimine la clave antes de cambiarla. El atacante necesita avisarte antes de usar la clave.,Esperar a perder el acceso para iniciar la recuperación.,Revocar sesiones y permisos ajenos desde el servicio y revisar métodos de recuperación y reglas de envío.,3,"Revocar sesiones y permisos ajenos desde el servicio y revisar métodos de recuperación y reglas de envío. Una clave expuesta permite intentos de acceso y una sesión ya abierta puede persistir si no se revoca. Cambiar la clave es una parte de la recuperación; también importan sesiones, permisos y métodos de acceso."
643,5,Cinturón Negro,Una secretaria encuentra que se ocultaban avisos del banco en una carpeta creada por una regla que no reconoce. ¿Qué debe hacer ahora la persona afectada?,Escribir a la dirección desconocida enviando más facturas para pedir explicaciones. Un reenvío no puede mostrar documentos adjuntos a otro destinatario.,Retirar la regla y revisar los avisos ocultos y la seguridad de las cuentas relacionadas.,Borrar únicamente las facturas nuevas sin revisar la configuración. Las reglas creadas por un intruso se eliminan automáticamente al cerrar su sesión.,Dejarla activa porque ya cambiaste la contraseña.,1,"Retirar la regla y revisar los avisos ocultos y la seguridad de las cuentas relacionadas. Una regla de reenvío puede seguir copiando mensajes aunque cambies la clave, si permanece configurada. Las opciones de reglas cambian entre proveedores; si no sabes revisarlas, pide guía del soporte oficial sin entregar la contraseña."
644,5,Cinturón Negro,"Una cocinera quitó sesiones ajenas, pero una aplicación conectada continúa publicando contenido que ella no escribió. ¿Qué debe hacer ahora la persona afectada?",Ignorarla porque no conoce tu nueva contraseña.,Conservar todos los permisos para no alterar la configuración del correo.,Revocar la autorización de esa aplicación desde el servicio oficial y revisar otros accesos.,Abrir el enlace de la aplicación y entregarle de nuevo la clave para identificarla. Todo permiso de una aplicación conectada se revoca automáticamente al cambiar la contraseña.,2,"Revocar la autorización de esa aplicación desde el servicio oficial y revisar otros accesos. Una aplicación autorizada puede mantener acceso según el servicio sin necesitar que le dictes la nueva clave. Revocar un permiso limita acceso futuro, pero no elimina necesariamente las copias que la aplicación ya obtuvo."
645,5,Cinturón Negro,Un chofer perdió acceso y la recuperación muestra un correo y teléfono desconocidos. ¿Qué debe hacer ahora la persona afectada?,Usar el proceso oficial para cuentas comprometidas y proteger las cuentas dependientes desde otro acceso confiable.,Llamar al teléfono nuevo para pedir permiso de usar la cuenta.,Esperar porque el cambio no importa mientras la contraseña siga funcionando. La recuperación no afecta quién puede controlar la cuenta.,Entregar otro código al mensaje que promete deshacer el cambio.,0,Usar el proceso oficial para cuentas comprometidas y proteger las cuentas dependientes desde otro acceso confiable. Quien controla la recuperación puede intentar recuperar o mantener el acceso incluso después de un cambio de contraseña. Proteger el correo principal es especialmente importante porque suele servir para recuperar otras cuentas.
646,5,Cinturón Negro,Una secretaria bloqueó la tarjeta y luego aparece una operación que figura como pendiente desde antes del bloqueo. ¿Qué debe hacer ahora la persona afectada?,Esperar al estado de cuenta mensual antes de avisar.,Borrar el historial del navegador para anular los datos entregados.,Cambiar solo la contraseña del correo suponiendo que invalida la tarjeta.,"Consultar al emisor el estado y el procedimiento de reclamo de esa operación, conservando el reporte inicial.",3,"Consultar al emisor el estado y el procedimiento de reclamo de esa operación, conservando el reporte inicial. Los datos de tarjeta expuestos pueden utilizarse después; limpiar el navegador no retira lo que recibió la página. Bloquear una tarjeta limita usos posteriores, pero no garantiza cancelar operaciones previas ni proteger por sí solo todo el acceso bancario."
647,5,Cinturón Negro,Una cocinera reportó el pago y alguien que conoce los detalles la contacta cobrando por acelerar el reembolso. ¿Qué debe hacer ahora la persona afectada?,Esperar a reunir toda la historia antes de avisar al banco.,Enviar otro pago al destinatario para que tramite la devolución.,Verificar cualquier gestión con el banco real y no pagar al contacto desconocido.,Prometer a otros afectados que el banco devolverá todo automáticamente.,2,"Verificar cualquier gestión con el banco real y no pagar al contacto desconocido. Avisar pronto puede permitir acciones del banco, pero el resultado depende del estado y características de la operación. No se debe prometer recuperación del dinero; la acción útil es reportar rápido, conservar pruebas y evitar pérdidas adicionales."
648,5,Cinturón Negro,"Un chofer bloqueó la línea, pero recibe avisos de uso del correo desde el teléfono perdido conectado a una red inalámbrica. ¿Qué debe hacer ahora la persona afectada?",Introducir la clave en un enlace recibido que promete mostrar la ubicación. Solo puedes proteger las cuentas desde el teléfono robado.,Perseguir por tu cuenta la ubicación del teléfono.,Esperar a comprar otro para reportar la línea y la banca.,"Cerrar sesiones del correo, proteger recuperación y gestionar el bloqueo del dispositivo mediante el fabricante.",3,"Cerrar sesiones del correo, proteger recuperación y gestionar el bloqueo del dispositivo mediante el fabricante. El teléfono puede dar acceso a cuentas y códigos; actuar por canales oficiales reduce exposición sin arriesgar tu seguridad física. El orden concreto depende de los accesos disponibles; bloquear la línea, el equipo y las cuentas son medidas distintas."
649,5,Cinturón Negro,Una cocinera escribió su clave en un enlace de localización falso después del robo. ¿Qué debe hacer ahora la persona afectada?,Introducir la clave en el enlace para ver la dirección del teléfono.,"Cambiar la clave desde el servicio oficial, revisar accesos y comprobar el estado del equipo perdido.",Quitar el dispositivo de tu cuenta porque el mensaje afirma que así podrá localizarse.,Enviar códigos de acceso al supuesto centro de objetos perdidos.,1,"Cambiar la clave desde el servicio oficial, revisar accesos y comprobar el estado del equipo perdido. Quien tiene un equipo robado puede intentar obtener tus claves o hacer que retires protecciones para poder usarlo. Las funciones cambian según el fabricante; sigue su procedimiento y evita asumir que retirar la cuenta equivale a borrar el equipo."
650,5,Cinturón Negro,Una secretaria desconectó la computadora afectada y tiene una copia externa que no estaba conectada durante el ataque. ¿Qué debe hacer ahora la persona afectada?,Conectar la única copia externa al equipo afectado para probarla.,Conservar esa copia separada y coordinar una recuperación en un entorno revisado por soporte.,Pagar de inmediato porque eso garantiza recuperar todos los archivos. Pagar un rescate garantiza que los archivos volverán intactos.,Seguir trabajando y compartir las carpetas con otros equipos.,1,"Conservar esa copia separada y coordinar una recuperación en un entorno revisado por soporte. Un programa de secuestro de datos, llamado ransomware, puede bloquear archivos y propagarse; separar el equipo ayuda a limitar el daño. Una exigencia en una página aislada no confirma por sí sola cifrado real; no conviene pagar ni abrir más archivos para experimentar."
651,5,Cinturón Negro,Un soldador cambió la contraseña desde el equipo antes de que terminara su revisión y luego aparecieron nuevos accesos sospechosos. ¿Qué debe hacer ahora la persona afectada?,Reutilizar la contraseña anterior porque el programa ya se eliminó.,Ignorar accesos extraños ocurridos durante la infección. Las cuentas en línea se restauran automáticamente al reparar la computadora.,Dar por recuperadas todas las cuentas solo porque la computadora volvió a funcionar rápido.,Usar otro equipo confiable para proteger la cuenta y pedir al soporte completar la revisión del dispositivo.,3,Usar otro equipo confiable para proteger la cuenta y pedir al soporte completar la revisión del dispositivo. Eliminar un programa no retira claves o datos que ya pudo copiar ni cierra automáticamente sesiones abiertas en otros equipos. La recuperación del equipo y la de las cuentas o medios de pago requieren comprobaciones separadas.
652,5,Cinturón Negro,Una cocinera descubre que el perfil falso ya recibió dinero de una amiga. ¿Qué debe hacer ahora la persona afectada?,Entregar tu contraseña al perfil falso para demostrar que eres el dueño.,"Avisarle sin culpar, guardar evidencia y orientarla a contactar rápidamente su medio de pago además del reporte del perfil.",Cerrar definitivamente tu cuenta sin comprobar si realmente fue tomada.,Pedir a tus contactos que envíen dinero de prueba para identificar al impostor.,1,"Avisarle sin culpar, guardar evidencia y orientarla a contactar rápidamente su medio de pago además del reporte del perfil. Copiar una identidad en un perfil nuevo es diferente de entrar en tu cuenta real; ambas situaciones requieren proteger a los contactos. La plataforma decide sobre la retirada; mantener informados a los contactos reduce el riesgo mientras se gestiona."
653,5,Cinturón Negro,Un agricultor afectado por una filtración recibe un cobro de un trámite que nunca solicitó y que cita su cédula. ¿Qué debe hacer ahora la persona afectada?,Pagar a un desconocido que promete borrar tus datos de todo internet. Una filtración de teléfonos implica siempre robo de todas las contraseñas.,Comprobar el trámite directamente con la entidad y reportar el posible uso indebido guardando los avisos.,Confiar en cualquier llamada posterior que mencione tu dirección.,Suponer que también cambiaron todas tus contraseñas aunque no fueron parte del aviso. Un pago puede garantizar borrar todas las copias existentes de datos filtrados.,1,Comprobar el trámite directamente con la entidad y reportar el posible uso indebido guardando los avisos. Los datos filtrados pueden facilitar engaños personalizados; saber detalles sobre ti no demuestra que una llamada sea auténtica. Las medidas deben responder a los datos realmente expuestos; no toda filtración tiene el mismo alcance.
654,5,Cinturón Negro,Una tendera publicó el comprobante sin ocultar datos propios y recibió mensajes de falsos recuperadores. ¿Qué debe hacer ahora la persona afectada?,Publicar documentos y números de tarjeta completos para conseguir ayuda. Editar las únicas capturas no afecta su utilidad como evidencia.,Borrar toda la conversación antes de contactar al banco.,"Retirar la publicación, conservar el original en privado y continuar el reporte por el canal oficial.",Modificar las capturas para que el relato parezca más claro sin conservar originales.,2,"Retirar la publicación, conservar el original en privado y continuar el reporte por el canal oficial. La evidencia íntegra ayuda a explicar lo ocurrido; divulgar datos privados puede ampliar el daño. Guardar pruebas no debe retrasar una acción urgente como reportar al banco un pago fraudulento."
655,5,Cinturón Negro,Una secretaria avisó de su clave expuesta y el responsable le pide recopilar mensajes mientras soporte restringe accesos. ¿Qué debe hacer ahora la persona afectada?,Intentar investigar al atacante desde otras cuentas de la empresa.,Esperar al fin de semana para comprobar si pasa algo.,Guardar la evidencia solicitada por el canal interno y evitar nuevas pruebas con la cuenta hasta recibir indicaciones.,Borrar mensajes y registros para evitar preguntas.,2,"Guardar la evidencia solicitada por el canal interno y evitar nuevas pruebas con la cuenta hasta recibir indicaciones. El aviso temprano permite proteger a otras personas y sistemas; ocultar la exposición puede ampliar el daño. Informar debe ser simple y respetuoso; la finalidad es reducir daño y aprender, no humillar a quien pide ayuda."
656,5,Cinturón Negro,"Una cocinera presentó un reporte en la plataforma, pero necesita explicar al banco el pago realizado. ¿Qué debe hacer ahora la persona afectada?",Suponer que el reporte en una red social equivale siempre a una denuncia formal.,Pagar a un perfil que promete una denuncia prioritaria garantizada.,Abrir también el reporte bancario por su canal oficial y aportar el comprobante y la referencia de la plataforma.,Publicar la contraseña para demostrar que era tu cuenta. Una denuncia garantiza por sí sola el reembolso inmediato del banco.,2,"Abrir también el reporte bancario por su canal oficial y aportar el comprobante y la referencia de la plataforma. Reportar a una plataforma, reclamar al banco y denunciar a una autoridad son gestiones diferentes. Los canales y requisitos dependen del país y del hecho; el banco de aprendizaje no reemplaza la consulta oficial vigente."
657,5,Cinturón Negro,Un agricultor pagó al recuperador y ahora este exige una nueva tasa para liberar la devolución. ¿Qué debe hacer ahora la persona afectada?,Entregar acceso remoto para que busque el dinero.,"Detener pagos, guardar ambas conversaciones y reportar también este nuevo envío al medio de pago.",Pagar porque conoce el monto que publicaste.,Enviar la contraseña bancaria para que haga el reintegro. Recuperar fondos exige siempre entregar contraseñas al gestor.,1,"Detener pagos, guardar ambas conversaciones y reportar también este nuevo envío al medio de pago. Quien ya sufrió una estafa puede recibir una segunda oferta engañosa; conocer detalles públicos no demuestra capacidad de recuperar fondos. Una promesa de recuperación total es una señal de alerta; los resultados reales dependen de cada gestión y no se deben garantizar."
658,5,Cinturón Negro,"Una cocinera ya pagó y la persona vuelve a exigir más, usando imágenes reales que ella había compartido en confianza. ¿Qué debe hacer ahora la persona afectada?","No enviar más material, guardar las exigencias y buscar apoyo y orientación oficial sin culparse.",Pagar suponiendo que así se destruirán todas las copias.,Enviar más contenido para convencer a la persona de mantener el secreto.,Aislarte y borrar toda evidencia antes de pedir ayuda. Pedir ayuda hace que la persona afectada sea culpable de la amenaza.,0,"No enviar más material, guardar las exigencias y buscar apoyo y orientación oficial sin culparse. El pago no garantiza que desaparezca la amenaza y puede dar lugar a nuevas exigencias; buscar apoyo ayuda a recuperar opciones. Ante peligro físico inmediato, la prioridad es ponerse a salvo y contactar los servicios de emergencia locales."
659,5,Cinturón Negro,Una cocinera pierde el equipo de pedidos en un día de mucha demanda y dispone de un respaldo probado y un contacto bancario guardado. ¿Qué debe hacer ahora la persona afectada?,Concentrar también las únicas copias en ese mismo teléfono.,Esperar a una pérdida para decidir quién llama al banco.,"Proteger el equipo y accesos perdidos, recuperar los pedidos en un dispositivo confiable y retomar solo lo que pueda verificar.",Compartir todas las claves en el grupo del negocio como único plan.,2,"Proteger el equipo y accesos perdidos, recuperar los pedidos en un dispositivo confiable y retomar solo lo que pueda verificar. Un plan reduce la improvisación cuando falta un equipo o una persona, sin exigir acceso indiscriminado a todas las cuentas. Un plan debe probarse y actualizarse; un documento que nadie sabe usar ofrece poca ayuda durante una interrupción."
660,5,Cinturón Negro,"Un agricultor ya recuperó su cuenta, pero un familiar recibió un pedido de dinero enviado durante el acceso ajeno. ¿Qué debe hacer ahora la persona afectada?",Avisar a los contactos por un canal confiable y orientar a quien pagó a contactar su medio de pago cuanto antes.,Tomar el control permanente de sus cuentas para evitarle nuevos errores. Quien ayuda necesita conservar las contraseñas de la persona afectada.,Recordarle su equivocación delante del grupo para que no la repita. Superar un examen de seguridad vuelve inmunes las cuentas reales.,Decirle que ahora es imposible que vuelva a ocurrir. Un error demuestra que la persona nunca podrá usar cuentas con seguridad.,0,Avisar a los contactos por un canal confiable y orientar a quien pagó a contactar su medio de pago cuanto antes. Recuperar el acceso es una etapa; comprobar cambios y aprender medidas útiles ayuda a reducir recurrencias sin quitar autonomía. El cinturón negro representa progreso dentro de la app; no equivale a inmunidad ni a una certificación profesional de ciberseguridad.
661,5,Cinturón Negro,"Una secretaria inicialmente dice que «solo abrió un mensaje», pero al conversar recuerda que escribió su clave en una página. Ya se ha iniciado esta medida: «Tratar la clave como expuesta, cambiarla por la ruta oficial y revisar accesos y recuperación.» ¿Qué comprobación o seguimiento conviene realizar?","Borrar mensajes y comprobantes antes de revisar si hubo otros accesos, cambios o consecuencias.","Dar por cerrado el incidente al completar una sola medida, sin revisar sus resultados.","Confiar únicamente en que no aparezcan nuevos avisos, sin comprobar el estado de los accesos o datos afectados.",Confirmar qué cuenta y qué otros datos se usaron para ajustar las acciones sin hacer cambios innecesarios.,3,Confirmar qué cuenta y qué otros datos se usaron para ajustar las acciones sin hacer cambios innecesarios. La medida debe corresponder a la exposición real; recibir un mensaje no equivale a entregar datos o ejecutar un programa. No siempre podrás determinar todo de inmediato; describir con precisión lo ocurrido ayuda a pedir la asistencia adecuada.
662,5,Cinturón Negro,"Una cocinera cambió la clave, pero siguen saliendo mensajes desde un acceso que no reconoce. Ya se ha iniciado esta medida: «Revocar sesiones y permisos ajenos desde el servicio y revisar métodos de recuperación y reglas de envío.» ¿Qué comprobación o seguimiento conviene realizar?","Confiar únicamente en que no aparezcan nuevos avisos, sin comprobar el estado de los accesos o datos afectados.","Borrar mensajes y comprobantes antes de revisar si hubo otros accesos, cambios o consecuencias.","Dar por cerrado el incidente al completar una sola medida, sin revisar sus resultados.",Comprobar que cesen los mensajes no autorizados y revisar el historial disponible del servicio.,3,"Comprobar que cesen los mensajes no autorizados y revisar el historial disponible del servicio. Una clave expuesta permite intentos de acceso y una sesión ya abierta puede persistir si no se revoca. Cambiar la clave es una parte de la recuperación; también importan sesiones, permisos y métodos de acceso."
663,5,Cinturón Negro,Una secretaria encuentra que se ocultaban avisos del banco en una carpeta creada por una regla que no reconoce. Ya se ha iniciado esta medida: «Retirar la regla y revisar los avisos ocultos y la seguridad de las cuentas relacionadas.» ¿Qué comprobación o seguimiento conviene realizar?,"Dar por cerrado el incidente al completar una sola medida, sin revisar sus resultados.","Borrar mensajes y comprobantes antes de revisar si hubo otros accesos, cambios o consecuencias.",Confirmar que los nuevos avisos llegan normalmente y comprobar si hubo operaciones no autorizadas.,"Confiar únicamente en que no aparezcan nuevos avisos, sin comprobar el estado de los accesos o datos afectados.",2,"Confirmar que los nuevos avisos llegan normalmente y comprobar si hubo operaciones no autorizadas. Una regla de reenvío puede seguir copiando mensajes aunque cambies la clave, si permanece configurada. Las opciones de reglas cambian entre proveedores; si no sabes revisarlas, pide guía del soporte oficial sin entregar la contraseña."
664,5,Cinturón Negro,"Una cocinera quitó sesiones ajenas, pero una aplicación conectada continúa publicando contenido que ella no escribió. Ya se ha iniciado esta medida: «Revocar la autorización de esa aplicación desde el servicio oficial y revisar otros accesos.» ¿Qué comprobación o seguimiento conviene realizar?",Comprobar que no reaparezcan publicaciones automáticas y conservar evidencia del uso no autorizado.,"Confiar únicamente en que no aparezcan nuevos avisos, sin comprobar el estado de los accesos o datos afectados.","Dar por cerrado el incidente al completar una sola medida, sin revisar sus resultados.","Borrar mensajes y comprobantes antes de revisar si hubo otros accesos, cambios o consecuencias.",0,"Comprobar que no reaparezcan publicaciones automáticas y conservar evidencia del uso no autorizado. Una aplicación autorizada puede mantener acceso según el servicio sin necesitar que le dictes la nueva clave. Revocar un permiso limita acceso futuro, pero no elimina necesariamente las copias que la aplicación ya obtuvo."
665,5,Cinturón Negro,Un chofer perdió acceso y la recuperación muestra un correo y teléfono desconocidos. Ya se ha iniciado esta medida: «Usar el proceso oficial para cuentas comprometidas y proteger las cuentas dependientes desde otro acceso confiable.» ¿Qué comprobación o seguimiento conviene realizar?,"Tras recuperar, comprobar métodos, sesiones y permisos antes de dar el caso por cerrado.","Borrar mensajes y comprobantes antes de revisar si hubo otros accesos, cambios o consecuencias.","Confiar únicamente en que no aparezcan nuevos avisos, sin comprobar el estado de los accesos o datos afectados.","Dar por cerrado el incidente al completar una sola medida, sin revisar sus resultados.",0,"Tras recuperar, comprobar métodos, sesiones y permisos antes de dar el caso por cerrado. Quien controla la recuperación puede intentar recuperar o mantener el acceso incluso después de un cambio de contraseña. Proteger el correo principal es especialmente importante porque suele servir para recuperar otras cuentas."
666,5,Cinturón Negro,"Una secretaria bloqueó la tarjeta y luego aparece una operación que figura como pendiente desde antes del bloqueo. Ya se ha iniciado esta medida: «Consultar al emisor el estado y el procedimiento de reclamo de esa operación, conservando el reporte inicial.» ¿Qué comprobación o seguimiento conviene realizar?","Borrar mensajes y comprobantes antes de revisar si hubo otros accesos, cambios o consecuencias.","Confiar únicamente en que no aparezcan nuevos avisos, sin comprobar el estado de los accesos o datos afectados.","Dar por cerrado el incidente al completar una sola medida, sin revisar sus resultados.",Revisar los movimientos posteriores y confirmar las medidas que el emisor aplicó.,3,"Revisar los movimientos posteriores y confirmar las medidas que el emisor aplicó. Los datos de tarjeta expuestos pueden utilizarse después; limpiar el navegador no retira lo que recibió la página. Bloquear una tarjeta limita usos posteriores, pero no garantiza cancelar operaciones previas ni proteger por sí solo todo el acceso bancario."
667,5,Cinturón Negro,Una cocinera reportó el pago y alguien que conoce los detalles la contacta cobrando por acelerar el reembolso. Ya se ha iniciado esta medida: «Verificar cualquier gestión con el banco real y no pagar al contacto desconocido.» ¿Qué comprobación o seguimiento conviene realizar?,Seguir el número de reporte original y registrar cualquier nueva solicitud sospechosa.,"Dar por cerrado el incidente al completar una sola medida, sin revisar sus resultados.","Confiar únicamente en que no aparezcan nuevos avisos, sin comprobar el estado de los accesos o datos afectados.","Borrar mensajes y comprobantes antes de revisar si hubo otros accesos, cambios o consecuencias.",0,"Seguir el número de reporte original y registrar cualquier nueva solicitud sospechosa. Avisar pronto puede permitir acciones del banco, pero el resultado depende del estado y características de la operación. No se debe prometer recuperación del dinero; la acción útil es reportar rápido, conservar pruebas y evitar pérdidas adicionales."
668,5,Cinturón Negro,"Un chofer bloqueó la línea, pero recibe avisos de uso del correo desde el teléfono perdido conectado a una red inalámbrica. Ya se ha iniciado esta medida: «Cerrar sesiones del correo, proteger recuperación y gestionar el bloqueo del dispositivo mediante el fabricante.» ¿Qué comprobación o seguimiento conviene realizar?","Borrar mensajes y comprobantes antes de revisar si hubo otros accesos, cambios o consecuencias.","Dar por cerrado el incidente al completar una sola medida, sin revisar sus resultados.","Confiar únicamente en que no aparezcan nuevos avisos, sin comprobar el estado de los accesos o datos afectados.",Confirmar con banco y operadora las medidas aplicadas y revisar accesos y operaciones.,3,"Confirmar con banco y operadora las medidas aplicadas y revisar accesos y operaciones. El teléfono puede dar acceso a cuentas y códigos; actuar por canales oficiales reduce exposición sin arriesgar tu seguridad física. El orden concreto depende de los accesos disponibles; bloquear la línea, el equipo y las cuentas son medidas distintas."
669,5,Cinturón Negro,"Una cocinera escribió su clave en un enlace de localización falso después del robo. Ya se ha iniciado esta medida: «Cambiar la clave desde el servicio oficial, revisar accesos y comprobar el estado del equipo perdido.» ¿Qué comprobación o seguimiento conviene realizar?",Revisar los métodos de recuperación y consultar al fabricante si se alteró la vinculación o el bloqueo.,"Borrar mensajes y comprobantes antes de revisar si hubo otros accesos, cambios o consecuencias.","Confiar únicamente en que no aparezcan nuevos avisos, sin comprobar el estado de los accesos o datos afectados.","Dar por cerrado el incidente al completar una sola medida, sin revisar sus resultados.",0,Revisar los métodos de recuperación y consultar al fabricante si se alteró la vinculación o el bloqueo. Quien tiene un equipo robado puede intentar obtener tus claves o hacer que retires protecciones para poder usarlo. Las funciones cambian según el fabricante; sigue su procedimiento y evita asumir que retirar la cuenta equivale a borrar el equipo.
670,5,Cinturón Negro,Una secretaria desconectó la computadora afectada y tiene una copia externa que no estaba conectada durante el ataque. Ya se ha iniciado esta medida: «Conservar esa copia separada y coordinar una recuperación en un entorno revisado por soporte.» ¿Qué comprobación o seguimiento conviene realizar?,"Dar por cerrado el incidente al completar una sola medida, sin revisar sus resultados.","Borrar mensajes y comprobantes antes de revisar si hubo otros accesos, cambios o consecuencias.","Confiar únicamente en que no aparezcan nuevos avisos, sin comprobar el estado de los accesos o datos afectados.",Comprobar integridad y fecha de los archivos restaurados y revisar qué acceso permitió el incidente.,3,"Comprobar integridad y fecha de los archivos restaurados y revisar qué acceso permitió el incidente. Un programa de secuestro de datos, llamado ransomware, puede bloquear archivos y propagarse; separar el equipo ayuda a limitar el daño. Una exigencia en una página aislada no confirma por sí sola cifrado real; no conviene pagar ni abrir más archivos para experimentar."
671,5,Cinturón Negro,Un soldador cambió la contraseña desde el equipo antes de que terminara su revisión y luego aparecieron nuevos accesos sospechosos. Ya se ha iniciado esta medida: «Usar otro equipo confiable para proteger la cuenta y pedir al soporte completar la revisión del dispositivo.» ¿Qué comprobación o seguimiento conviene realizar?,"Confirmar sesiones, recuperación y estado del equipo antes de volver a utilizar cuentas sensibles allí.","Confiar únicamente en que no aparezcan nuevos avisos, sin comprobar el estado de los accesos o datos afectados.","Dar por cerrado el incidente al completar una sola medida, sin revisar sus resultados.","Borrar mensajes y comprobantes antes de revisar si hubo otros accesos, cambios o consecuencias.",0,"Confirmar sesiones, recuperación y estado del equipo antes de volver a utilizar cuentas sensibles allí. Eliminar un programa no retira claves o datos que ya pudo copiar ni cierra automáticamente sesiones abiertas en otros equipos. La recuperación del equipo y la de las cuentas o medios de pago requieren comprobaciones separadas."
672,5,Cinturón Negro,"Una cocinera descubre que el perfil falso ya recibió dinero de una amiga. Ya se ha iniciado esta medida: «Avisarle sin culpar, guardar evidencia y orientarla a contactar rápidamente su medio de pago además del reporte del perfil.» ¿Qué comprobación o seguimiento conviene realizar?","Confiar únicamente en que no aparezcan nuevos avisos, sin comprobar el estado de los accesos o datos afectados.","Borrar mensajes y comprobantes antes de revisar si hubo otros accesos, cambios o consecuencias.",Revisar el estado del reporte y advertir a otros contactos sin difundir enlaces activos del impostor.,"Dar por cerrado el incidente al completar una sola medida, sin revisar sus resultados.",2,Revisar el estado del reporte y advertir a otros contactos sin difundir enlaces activos del impostor. Copiar una identidad en un perfil nuevo es diferente de entrar en tu cuenta real; ambas situaciones requieren proteger a los contactos. La plataforma decide sobre la retirada; mantener informados a los contactos reduce el riesgo mientras se gestiona.
673,5,Cinturón Negro,Un agricultor afectado por una filtración recibe un cobro de un trámite que nunca solicitó y que cita su cédula. Ya se ha iniciado esta medida: «Comprobar el trámite directamente con la entidad y reportar el posible uso indebido guardando los avisos.» ¿Qué comprobación o seguimiento conviene realizar?,"Confiar únicamente en que no aparezcan nuevos avisos, sin comprobar el estado de los accesos o datos afectados.","Borrar mensajes y comprobantes antes de revisar si hubo otros accesos, cambios o consecuencias.",Seguir el reporte y revisar otros avisos vinculados a los datos expuestos.,"Dar por cerrado el incidente al completar una sola medida, sin revisar sus resultados.",2,Seguir el reporte y revisar otros avisos vinculados a los datos expuestos. Los datos filtrados pueden facilitar engaños personalizados; saber detalles sobre ti no demuestra que una llamada sea auténtica. Las medidas deben responder a los datos realmente expuestos; no toda filtración tiene el mismo alcance.
674,5,Cinturón Negro,"Una tendera publicó el comprobante sin ocultar datos propios y recibió mensajes de falsos recuperadores. Ya se ha iniciado esta medida: «Retirar la publicación, conservar el original en privado y continuar el reporte por el canal oficial.» ¿Qué comprobación o seguimiento conviene realizar?",Revisar qué datos se hicieron públicos y advertir a colaboradores que no atiendan contactos no verificados.,"Borrar mensajes y comprobantes antes de revisar si hubo otros accesos, cambios o consecuencias.","Dar por cerrado el incidente al completar una sola medida, sin revisar sus resultados.","Confiar únicamente en que no aparezcan nuevos avisos, sin comprobar el estado de los accesos o datos afectados.",0,Revisar qué datos se hicieron públicos y advertir a colaboradores que no atiendan contactos no verificados. La evidencia íntegra ayuda a explicar lo ocurrido; divulgar datos privados puede ampliar el daño. Guardar pruebas no debe retrasar una acción urgente como reportar al banco un pago fraudulento.
675,5,Cinturón Negro,Una secretaria avisó de su clave expuesta y el responsable le pide recopilar mensajes mientras soporte restringe accesos. Ya se ha iniciado esta medida: «Guardar la evidencia solicitada por el canal interno y evitar nuevas pruebas con la cuenta hasta recibir indicaciones.» ¿Qué comprobación o seguimiento conviene realizar?,Confirmar con soporte las medidas aplicadas y aprender el procedimiento para futuros avisos.,"Confiar únicamente en que no aparezcan nuevos avisos, sin comprobar el estado de los accesos o datos afectados.","Borrar mensajes y comprobantes antes de revisar si hubo otros accesos, cambios o consecuencias.","Dar por cerrado el incidente al completar una sola medida, sin revisar sus resultados.",0,"Confirmar con soporte las medidas aplicadas y aprender el procedimiento para futuros avisos. El aviso temprano permite proteger a otras personas y sistemas; ocultar la exposición puede ampliar el daño. Informar debe ser simple y respetuoso; la finalidad es reducir daño y aprender, no humillar a quien pide ayuda."
676,5,Cinturón Negro,"Una cocinera presentó un reporte en la plataforma, pero necesita explicar al banco el pago realizado. Ya se ha iniciado esta medida: «Abrir también el reporte bancario por su canal oficial y aportar el comprobante y la referencia de la plataforma.» ¿Qué comprobación o seguimiento conviene realizar?","Dar por cerrado el incidente al completar una sola medida, sin revisar sus resultados.","Borrar mensajes y comprobantes antes de revisar si hubo otros accesos, cambios o consecuencias.",Anotar cada número de gestión y responder solo a solicitudes verificadas de seguimiento.,"Confiar únicamente en que no aparezcan nuevos avisos, sin comprobar el estado de los accesos o datos afectados.",2,"Anotar cada número de gestión y responder solo a solicitudes verificadas de seguimiento. Reportar a una plataforma, reclamar al banco y denunciar a una autoridad son gestiones diferentes. Los canales y requisitos dependen del país y del hecho; el banco de aprendizaje no reemplaza la consulta oficial vigente."
677,5,Cinturón Negro,"Un agricultor pagó al recuperador y ahora este exige una nueva tasa para liberar la devolución. Ya se ha iniciado esta medida: «Detener pagos, guardar ambas conversaciones y reportar también este nuevo envío al medio de pago.» ¿Qué comprobación o seguimiento conviene realizar?",Mantener un registro separado de las operaciones y seguir solo contactos oficiales.,"Confiar únicamente en que no aparezcan nuevos avisos, sin comprobar el estado de los accesos o datos afectados.","Dar por cerrado el incidente al completar una sola medida, sin revisar sus resultados.","Borrar mensajes y comprobantes antes de revisar si hubo otros accesos, cambios o consecuencias.",0,Mantener un registro separado de las operaciones y seguir solo contactos oficiales. Quien ya sufrió una estafa puede recibir una segunda oferta engañosa; conocer detalles públicos no demuestra capacidad de recuperar fondos. Una promesa de recuperación total es una señal de alerta; los resultados reales dependen de cada gestión y no se deben garantizar.
678,5,Cinturón Negro,"Una cocinera ya pagó y la persona vuelve a exigir más, usando imágenes reales que ella había compartido en confianza. Ya se ha iniciado esta medida: «No enviar más material, guardar las exigencias y buscar apoyo y orientación oficial sin culparse.» ¿Qué comprobación o seguimiento conviene realizar?","Borrar mensajes y comprobantes antes de revisar si hubo otros accesos, cambios o consecuencias.",Revisar accesos y privacidad de las cuentas y seguir el plan de apoyo y reporte acordado.,"Confiar únicamente en que no aparezcan nuevos avisos, sin comprobar el estado de los accesos o datos afectados.","Dar por cerrado el incidente al completar una sola medida, sin revisar sus resultados.",1,"Revisar accesos y privacidad de las cuentas y seguir el plan de apoyo y reporte acordado. El pago no garantiza que desaparezca la amenaza y puede dar lugar a nuevas exigencias; buscar apoyo ayuda a recuperar opciones. Ante peligro físico inmediato, la prioridad es ponerse a salvo y contactar los servicios de emergencia locales."
679,5,Cinturón Negro,"Una cocinera pierde el equipo de pedidos en un día de mucha demanda y dispone de un respaldo probado y un contacto bancario guardado. Ya se ha iniciado esta medida: «Proteger el equipo y accesos perdidos, recuperar los pedidos en un dispositivo confiable y retomar solo lo que pueda verificar.» ¿Qué comprobación o seguimiento conviene realizar?","Dar por cerrado el incidente al completar una sola medida, sin revisar sus resultados.","Confiar únicamente en que no aparezcan nuevos avisos, sin comprobar el estado de los accesos o datos afectados.","Borrar mensajes y comprobantes antes de revisar si hubo otros accesos, cambios o consecuencias.",Revisar que no falten pedidos o pagos y ajustar el plan con lo aprendido.,3,"Revisar que no falten pedidos o pagos y ajustar el plan con lo aprendido. Un plan reduce la improvisación cuando falta un equipo o una persona, sin exigir acceso indiscriminado a todas las cuentas. Un plan debe probarse y actualizarse; un documento que nadie sabe usar ofrece poca ayuda durante una interrupción."
680,5,Cinturón Negro,"Un agricultor ya recuperó su cuenta, pero un familiar recibió un pedido de dinero enviado durante el acceso ajeno. Ya se ha iniciado esta medida: «Avisar a los contactos por un canal confiable y orientar a quien pagó a contactar su medio de pago cuanto antes.» ¿Qué comprobación o seguimiento conviene realizar?",Confirmar que no continúan los mensajes ajenos y documentar las mejoras con un lenguaje que la persona entienda.,"Dar por cerrado el incidente al completar una sola medida, sin revisar sus resultados.","Confiar únicamente en que no aparezcan nuevos avisos, sin comprobar el estado de los accesos o datos afectados.","Borrar mensajes y comprobantes antes de revisar si hubo otros accesos, cambios o consecuencias.",0,Confirmar que no continúan los mensajes ajenos y documentar las mejoras con un lenguaje que la persona entienda. Recuperar el acceso es una etapa; comprobar cambios y aprender medidas útiles ayuda a reducir recurrencias sin quitar autonomía. El cinturón negro representa progreso dentro de la app; no equivale a inmunidad ni a una certificación profesional de ciberseguridad.
681,5,Cinturón Negro,"Sobre «Elegir la respuesta según lo ocurrido», ¿qué afirmación evita una falsa sensación de seguridad o una alarma innecesaria?",No siempre podrás determinar todo de inmediato; describir con precisión lo ocurrido ayuda a pedir la asistencia adecuada.,Leer cualquier mensaje implica que el delincuente conoce todas tus claves.,Formatear siempre es la primera acción antes de saber qué pasó.,Todos los incidentes requieren el mismo procedimiento. Formatear siempre es la primera acción antes de saber qué pasó.,0,La medida debe corresponder a la exposición real; recibir un mensaje no equivale a entregar datos o ejecutar un programa. No siempre podrás determinar todo de inmediato; describir con precisión lo ocurrido ayuda a pedir la asistencia adecuada.
682,5,Cinturón Negro,"Sobre «Exposición de contraseña y sesiones», ¿qué afirmación evita una falsa sensación de seguridad o una alarma innecesaria?",El atacante necesita avisarte antes de usar la clave.,Cambiar una contraseña cierra todas las sesiones en todos los servicios sin excepción.,"Cambiar la clave es una parte de la recuperación; también importan sesiones, permisos y métodos de acceso.",Seguir entrando demuestra que ningún intruso puede acceder.,2,"Una clave expuesta permite intentos de acceso y una sesión ya abierta puede persistir si no se revoca. Cambiar la clave es una parte de la recuperación; también importan sesiones, permisos y métodos de acceso."
683,5,Cinturón Negro,"Sobre «Reenvío oculto del correo», ¿qué afirmación evita una falsa sensación de seguridad o una alarma innecesaria?",Cambiar la clave borra todas las reglas del correo en cualquier servicio.,Un reenvío no puede mostrar documentos adjuntos a otro destinatario. Las reglas creadas por un intruso se eliminan automáticamente al cerrar su sesión.,Las reglas creadas por un intruso se eliminan automáticamente al cerrar su sesión.,"Las opciones de reglas cambian entre proveedores; si no sabes revisarlas, pide guía del soporte oficial sin entregar la contraseña.",3,"Una regla de reenvío puede seguir copiando mensajes aunque cambies la clave, si permanece configurada. Las opciones de reglas cambian entre proveedores; si no sabes revisarlas, pide guía del soporte oficial sin entregar la contraseña."
684,5,Cinturón Negro,"Sobre «Aplicaciones conectadas a tu cuenta», ¿qué afirmación evita una falsa sensación de seguridad o una alarma innecesaria?",Solo se puede acceder a una cuenta escribiendo su contraseña cada vez.,Una aplicación listada en la cuenta fue necesariamente elegida por el dueño actual.,Todo permiso de una aplicación conectada se revoca automáticamente al cambiar la contraseña.,"Revocar un permiso limita acceso futuro, pero no elimina necesariamente las copias que la aplicación ya obtuvo.",3,"Una aplicación autorizada puede mantener acceso según el servicio sin necesitar que le dictes la nueva clave. Revocar un permiso limita acceso futuro, pero no elimina necesariamente las copias que la aplicación ya obtuvo."
685,5,Cinturón Negro,"Sobre «Correo de recuperación cambiado», ¿qué afirmación evita una falsa sensación de seguridad o una alarma innecesaria?",Proteger el correo principal es especialmente importante porque suele servir para recuperar otras cuentas.,Un número nuevo en la recuperación siempre pertenece al servicio técnico.,"La recuperación no afecta quién puede controlar la cuenta. Si tu contraseña funciona, los datos de recuperación son irrelevantes.","Si tu contraseña funciona, los datos de recuperación son irrelevantes. Un número nuevo en la recuperación siempre pertenece al servicio técnico.",0,Quien controla la recuperación puede intentar recuperar o mantener el acceso incluso después de un cambio de contraseña. Proteger el correo principal es especialmente importante porque suele servir para recuperar otras cuentas.
686,5,Cinturón Negro,"Sobre «Tarjeta expuesta y cargos», ¿qué afirmación evita una falsa sensación de seguridad o una alarma innecesaria?",Cambiar la clave del correo modifica automáticamente el número de la tarjeta. Borrar el historial elimina las copias en el servidor de una web falsa.,"Bloquear una tarjeta limita usos posteriores, pero no garantiza cancelar operaciones previas ni proteger por sí solo todo el acceso bancario.","Si no hay cargos visibles todavía, los datos no pueden utilizarse más adelante.",Borrar el historial elimina las copias en el servidor de una web falsa.,1,"Los datos de tarjeta expuestos pueden utilizarse después; limpiar el navegador no retira lo que recibió la página. Bloquear una tarjeta limita usos posteriores, pero no garantiza cancelar operaciones previas ni proteger por sí solo todo el acceso bancario."
687,5,Cinturón Negro,"Sobre «Transferencia fraudulenta ya enviada», ¿qué afirmación evita una falsa sensación de seguridad o una alarma innecesaria?",Una transferencia fraudulenta se recupera siempre si se reporta el mismo día.,"No se debe prometer recuperación del dinero; la acción útil es reportar rápido, conservar pruebas y evitar pérdidas adicionales.",Pagar una tasa al receptor obliga a que devuelva el dinero.,No se puede contactar al banco hasta tener todas las capturas ordenadas.,1,"Avisar pronto puede permitir acciones del banco, pero el resultado depende del estado y características de la operación. No se debe prometer recuperación del dinero; la acción útil es reportar rápido, conservar pruebas y evitar pérdidas adicionales."
688,5,Cinturón Negro,"Sobre «Robo de teléfono con cuentas abiertas», ¿qué afirmación evita una falsa sensación de seguridad o una alarma innecesaria?","El orden concreto depende de los accesos disponibles; bloquear la línea, el equipo y las cuentas son medidas distintas.",Bloquear la línea cierra todas las aplicaciones incluso si el teléfono usa otra conexión.,Solo puedes proteger las cuentas desde el teléfono robado.,Una ubicación en un mapa autoriza a recuperar el equipo por confrontación personal. Bloquear la línea cierra todas las aplicaciones incluso si el teléfono usa otra conexión.,0,"El teléfono puede dar acceso a cuentas y códigos; actuar por canales oficiales reduce exposición sin arriesgar tu seguridad física. El orden concreto depende de los accesos disponibles; bloquear la línea, el equipo y las cuentas son medidas distintas."
689,5,Cinturón Negro,"Sobre «Mensajes para quitar el bloqueo antirrobo», ¿qué afirmación evita una falsa sensación de seguridad o una alarma innecesaria?",Un centro de objetos perdidos necesita tus códigos de acceso personales.,Las funciones cambian según el fabricante; sigue su procedimiento y evita asumir que retirar la cuenta equivale a borrar el equipo.,Todo mensaje que conoce el modelo del teléfono procede del fabricante.,Retirar un equipo de la cuenta siempre mejora su localización.,1,Quien tiene un equipo robado puede intentar obtener tus claves o hacer que retires protecciones para poder usarlo. Las funciones cambian según el fabricante; sigue su procedimiento y evita asumir que retirar la cuenta equivale a borrar el equipo.
690,5,Cinturón Negro,"Sobre «Archivos cifrados con exigencia de pago», ¿qué afirmación evita una falsa sensación de seguridad o una alarma innecesaria?",Una exigencia en una página aislada no confirma por sí sola cifrado real; no conviene pagar ni abrir más archivos para experimentar.,Pagar un rescate garantiza que los archivos volverán intactos.,Tener copia de seguridad impide que los datos originales sean robados.,Conectar todas las copias al equipo afectado facilita una recuperación siempre segura.,0,"Un programa de secuestro de datos, llamado ransomware, puede bloquear archivos y propagarse; separar el equipo ayuda a limitar el daño. Una exigencia en una página aislada no confirma por sí sola cifrado real; no conviene pagar ni abrir más archivos para experimentar."
691,5,Cinturón Negro,"Sobre «Recuperación después de un programa dañino», ¿qué afirmación evita una falsa sensación de seguridad o una alarma innecesaria?",La velocidad normal del equipo prueba que nadie conserva tus claves.,Desinstalar un programa borra toda información que haya enviado a terceros.,Las cuentas en línea se restauran automáticamente al reparar la computadora. Desinstalar un programa borra toda información que haya enviado a terceros.,La recuperación del equipo y la de las cuentas o medios de pago requieren comprobaciones separadas.,3,Eliminar un programa no retira claves o datos que ya pudo copiar ni cierra automáticamente sesiones abiertas en otros equipos. La recuperación del equipo y la de las cuentas o medios de pago requieren comprobaciones separadas.
692,5,Cinturón Negro,"Sobre «Suplantación con un perfil nuevo», ¿qué afirmación evita una falsa sensación de seguridad o una alarma innecesaria?",La plataforma decide sobre la retirada; mantener informados a los contactos reduce el riesgo mientras se gestiona.,Reportar un perfil garantiza que desaparecerá en el mismo minuto.,Un perfil con tu foto demuestra que tu contraseña fue robada. Reportar un perfil garantiza que desaparecerá en el mismo minuto.,Enviar dinero de prueba ayuda a detener una suplantación sin riesgo.,0,Copiar una identidad en un perfil nuevo es diferente de entrar en tu cuenta real; ambas situaciones requieren proteger a los contactos. La plataforma decide sobre la retirada; mantener informados a los contactos reduce el riesgo mientras se gestiona.
693,5,Cinturón Negro,"Sobre «Filtración de datos personales», ¿qué afirmación evita una falsa sensación de seguridad o una alarma innecesaria?",Una filtración de teléfonos implica siempre robo de todas las contraseñas. Un pago puede garantizar borrar todas las copias existentes de datos filtrados.,Un pago puede garantizar borrar todas las copias existentes de datos filtrados.,Las medidas deben responder a los datos realmente expuestos; no toda filtración tiene el mismo alcance.,Quien conoce datos exactos sobre ti está necesariamente autorizado para llamar.,2,Los datos filtrados pueden facilitar engaños personalizados; saber detalles sobre ti no demuestra que una llamada sea auténtica. Las medidas deben responder a los datos realmente expuestos; no toda filtración tiene el mismo alcance.
694,5,Cinturón Negro,"Sobre «Conservar evidencia sin difundirla», ¿qué afirmación evita una falsa sensación de seguridad o una alarma innecesaria?",Editar las únicas capturas no afecta su utilidad como evidencia.,Publicar información privada siempre acelera una investigación. Editar las únicas capturas no afecta su utilidad como evidencia.,Guardar pruebas no debe retrasar una acción urgente como reportar al banco un pago fraudulento.,No se debe avisar al banco hasta tener un informe perfecto.,2,La evidencia íntegra ayuda a explicar lo ocurrido; divulgar datos privados puede ampliar el daño. Guardar pruebas no debe retrasar una acción urgente como reportar al banco un pago fraudulento.
695,5,Cinturón Negro,"Sobre «Avisar dentro del trabajo», ¿qué afirmación evita una falsa sensación de seguridad o una alarma innecesaria?",Una persona debe resolver sola un incidente antes de avisar a su trabajo.,"Informar debe ser simple y respetuoso; la finalidad es reducir daño y aprender, no humillar a quien pide ayuda.","Si no se informa, la empresa no puede verse afectada por la cuenta expuesta. Borrar el mensaje inicial cancela todos los accesos que pudo conseguir alguien.",Borrar el mensaje inicial cancela todos los accesos que pudo conseguir alguien. Una persona debe resolver sola un incidente antes de avisar a su trabajo.,1,"El aviso temprano permite proteger a otras personas y sistemas; ocultar la exposición puede ampliar el daño. Informar debe ser simple y respetuoso; la finalidad es reducir daño y aprender, no humillar a quien pide ayuda."
696,5,Cinturón Negro,"Sobre «Reclamación y denuncia por canales verificados», ¿qué afirmación evita una falsa sensación de seguridad o una alarma innecesaria?",Un reporte de perfil sustituye automáticamente cualquier trámite ante autoridades.,Un gestor de redes sociales puede prometer el resultado de una investigación.,Una denuncia garantiza por sí sola el reembolso inmediato del banco.,Los canales y requisitos dependen del país y del hecho; el banco de aprendizaje no reemplaza la consulta oficial vigente.,3,"Reportar a una plataforma, reclamar al banco y denunciar a una autoridad son gestiones diferentes. Los canales y requisitos dependen del país y del hecho; el banco de aprendizaje no reemplaza la consulta oficial vigente."
697,5,Cinturón Negro,"Sobre «Estafa de recuperación de dinero», ¿qué afirmación evita una falsa sensación de seguridad o una alarma innecesaria?",Una promesa de recuperación total es una señal de alerta; los resultados reales dependen de cada gestión y no se deben garantizar.,Pagar otra comisión garantiza que aparezca el dinero original. Recuperar fondos exige siempre entregar contraseñas al gestor.,Recuperar fondos exige siempre entregar contraseñas al gestor.,Un recuperador que conoce el monto perdido fue autorizado por el banco.,0,Quien ya sufrió una estafa puede recibir una segunda oferta engañosa; conocer detalles públicos no demuestra capacidad de recuperar fondos. Una promesa de recuperación total es una señal de alerta; los resultados reales dependen de cada gestión y no se deben garantizar.
698,5,Cinturón Negro,"Sobre «Extorsión con información privada», ¿qué afirmación evita una falsa sensación de seguridad o una alarma innecesaria?",Pagar una extorsión obliga al agresor a borrar todas las copias.,Compartir más material reduce siempre el poder de quien amenaza.,"Ante peligro físico inmediato, la prioridad es ponerse a salvo y contactar los servicios de emergencia locales.",Pedir ayuda hace que la persona afectada sea culpable de la amenaza.,2,"El pago no garantiza que desaparezca la amenaza y puede dar lugar a nuevas exigencias; buscar apoyo ayuda a recuperar opciones. Ante peligro físico inmediato, la prioridad es ponerse a salvo y contactar los servicios de emergencia locales."
699,5,Cinturón Negro,"Sobre «Plan sencillo de continuidad del negocio», ¿qué afirmación evita una falsa sensación de seguridad o una alarma innecesaria?",Un plan de emergencia consiste únicamente en repartir contraseñas.,Tener dos responsables exige que ambos usen siempre la misma cuenta.,Un plan debe probarse y actualizarse; un documento que nadie sabe usar ofrece poca ayuda durante una interrupción.,La continuidad queda garantizada por comprar un segundo teléfono sin configurarlo.,2,"Un plan reduce la improvisación cuando falta un equipo o una persona, sin exigir acceso indiscriminado a todas las cuentas. Un plan debe probarse y actualizarse; un documento que nadie sabe usar ofrece poca ayuda durante una interrupción."
700,5,Cinturón Negro,"Sobre «Acompañar a otra persona y cerrar el incidente», ¿qué afirmación evita una falsa sensación de seguridad o una alarma innecesaria?",Un error demuestra que la persona nunca podrá usar cuentas con seguridad.,El cinturón negro representa progreso dentro de la app; no equivale a inmunidad ni a una certificación profesional de ciberseguridad.,Quien ayuda necesita conservar las contraseñas de la persona afectada.,Superar un examen de seguridad vuelve inmunes las cuentas reales. Un error demuestra que la persona nunca podrá usar cuentas con seguridad.,1,Recuperar el acceso es una etapa; comprobar cambios y aprender medidas útiles ayuda a reducir recurrencias sin quitar autonomía. El cinturón negro representa progreso dentro de la app; no equivale a inmunidad ni a una certificación profesional de ciberseguridad.
